release,dataset,variable,sex,age_band,n,mean,std,p05,p10,p25,p50,p75,p90,p95,analysis_status
2021-2023,ALB_CR_L,URXUMA,female,0-11,570,30.672596491228067,116.52688138208619,3.7905,4.788,6.6525,10.6,17.81,41.52300000000001,86.40799999999996,exploratory_unweighted_not_clinical_reference
2021-2023,ALB_CR_L,URXUMA,female,12-17,422,46.92364928909952,133.69384210063558,3.804,4.921,7.2725,12.085,28.8475,86.12100000000001,158.98549999999994,exploratory_unweighted_not_clinical_reference
2021-2023,ALB_CR_L,URXUMA,female,18-29,490,22.62195918367347,74.25283318383583,0.21,3.2880000000000003,5.11,9.395,16.86,31.157000000000004,62.59699999999998,exploratory_unweighted_not_clinical_reference
2021-2023,ALB_CR_L,URXUMA,female,30-39,508,23.474822834645668,97.38698962435787,0.21,3.098,5.0424999999999995,9.25,15.6325,32.399,47.058999999999976,exploratory_unweighted_not_clinical_reference
2021-2023,ALB_CR_L,URXUMA,female,40-49,444,42.51909909909911,280.29852273673595,0.21,0.21,4.355,8.21,15.2975,35.114999999999995,70.61699999999965,exploratory_unweighted_not_clinical_reference
2021-2023,ALB_CR_L,URXUMA,female,50-59,506,25.937569169960476,111.3106106842966,0.21,0.21,5.032500000000001,8.254999999999999,16.5,38.655,77.2025,exploratory_unweighted_not_clinical_reference
2021-2023,ALB_CR_L,URXUMA,female,60-69,800,23.0911625,88.99687214215706,0.21,3.1170000000000004,4.8625,8.285,15.11,33.413,63.4329999999999,exploratory_unweighted_not_clinical_reference
2021-2023,ALB_CR_L,URXUMA,female,70-79,487,36.747125256673506,110.22284736396198,3.219,4.128,6.3,11.02,20.6,60.65800000000007,124.45799999999993,exploratory_unweighted_not_clinical_reference
2021-2023,ALB_CR_L,URXUMA,female,80+,157,36.78426751592357,107.79636410549232,4.188000000000001,5.4,8.57,13.45,21.15,45.660000000000025,96.01399999999985,exploratory_unweighted_not_clinical_reference
2021-2023,ALB_CR_L,URXUMA,male,0-11,590,18.735898305084746,77.50360178359048,3.62,4.188000000000001,5.7425,8.559999999999999,13.425,24.389000000000006,39.961999999999996,exploratory_unweighted_not_clinical_reference
2021-2023,ALB_CR_L,URXUMA,male,12-17,399,52.74942355889724,238.75980161188625,3.801,4.368,6.585,10.72,20.615000000000002,58.84999999999995,138.05999999999966,exploratory_unweighted_not_clinical_reference
2021-2023,ALB_CR_L,URXUMA,male,18-29,409,22.19963325183374,70.15284491465808,0.21,3.422,5.39,8.39,15.81,30.819999999999997,54.57999999999998,exploratory_unweighted_not_clinical_reference
2021-2023,ALB_CR_L,URXUMA,male,30-39,379,20.753007915567284,95.17490422429178,0.21,0.21,4.72,7.98,14.075,25.289999999999996,44.86999999999986,exploratory_unweighted_not_clinical_reference
2021-2023,ALB_CR_L,URXUMA,male,40-49,339,30.477138643067846,226.6031643418013,0.21,3.4580000000000006,5.72,9.3,14.215,28.505999999999993,50.239999999999945,exploratory_unweighted_not_clinical_reference
2021-2023,ALB_CR_L,URXUMA,male,50-59,411,74.74941605839416,455.8750833556669,0.21,3.52,5.645,9.67,18.18,56.65,199.005,exploratory_unweighted_not_clinical_reference
2021-2023,ALB_CR_L,URXUMA,male,60-69,645,47.74533333333333,159.8489799986367,3.016,3.8620000000000005,6.25,9.97,22.53,75.83200000000006,162.39199999999994,exploratory_unweighted_not_clinical_reference
2021-2023,ALB_CR_L,URXUMA,male,70-79,443,51.79810383747178,184.71936655398872,3.717,4.676,7.45,11.83,32.915,74.454,148.688,exploratory_unweighted_not_clinical_reference
2021-2023,ALB_CR_L,URXUMA,male,80+,154,75.9811038961039,193.58690301862387,4.984,5.997000000000001,8.802499999999998,17.245,51.917500000000004,163.05100000000002,214.4759999999999,exploratory_unweighted_not_clinical_reference
2021-2023,ALB_CR_L,URXUMS,female,0-11,570,30.672596491228067,116.52688138208619,3.7905,4.788,6.6525,10.6,17.81,41.52300000000001,86.40799999999996,exploratory_unweighted_not_clinical_reference
2021-2023,ALB_CR_L,URXUMS,female,12-17,422,46.92364928909952,133.69384210063558,3.804,4.921,7.2725,12.085,28.8475,86.12100000000001,158.98549999999994,exploratory_unweighted_not_clinical_reference
2021-2023,ALB_CR_L,URXUMS,female,18-29,490,22.62195918367347,74.25283318383583,0.21,3.2880000000000003,5.11,9.395,16.86,31.157000000000004,62.59699999999998,exploratory_unweighted_not_clinical_reference
2021-2023,ALB_CR_L,URXUMS,female,30-39,508,23.474822834645668,97.38698962435787,0.21,3.098,5.0424999999999995,9.25,15.6325,32.399,47.058999999999976,exploratory_unweighted_not_clinical_reference
2021-2023,ALB_CR_L,URXUMS,female,40-49,444,42.51909909909911,280.29852273673595,0.21,0.21,4.355,8.21,15.2975,35.114999999999995,70.61699999999965,exploratory_unweighted_not_clinical_reference
2021-2023,ALB_CR_L,URXUMS,female,50-59,506,25.937569169960476,111.3106106842966,0.21,0.21,5.032500000000001,8.254999999999999,16.5,38.655,77.2025,exploratory_unweighted_not_clinical_reference
2021-2023,ALB_CR_L,URXUMS,female,60-69,800,23.0911625,88.99687214215706,0.21,3.1170000000000004,4.8625,8.285,15.11,33.413,63.4329999999999,exploratory_unweighted_not_clinical_reference
2021-2023,ALB_CR_L,URXUMS,female,70-79,487,36.747125256673506,110.22284736396198,3.219,4.128,6.3,11.02,20.6,60.65800000000007,124.45799999999993,exploratory_unweighted_not_clinical_reference
2021-2023,ALB_CR_L,URXUMS,female,80+,157,36.78426751592357,107.79636410549232,4.188000000000001,5.4,8.57,13.45,21.15,45.660000000000025,96.01399999999985,exploratory_unweighted_not_clinical_reference
2021-2023,ALB_CR_L,URXUMS,male,0-11,590,18.735898305084746,77.50360178359048,3.62,4.188000000000001,5.7425,8.559999999999999,13.425,24.389000000000006,39.961999999999996,exploratory_unweighted_not_clinical_reference
2021-2023,ALB_CR_L,URXUMS,male,12-17,399,52.74942355889724,238.75980161188625,3.801,4.368,6.585,10.72,20.615000000000002,58.84999999999995,138.05999999999966,exploratory_unweighted_not_clinical_reference
2021-2023,ALB_CR_L,URXUMS,male,18-29,409,22.19963325183374,70.15284491465808,0.21,3.422,5.39,8.39,15.81,30.819999999999997,54.57999999999998,exploratory_unweighted_not_clinical_reference
2021-2023,ALB_CR_L,URXUMS,male,30-39,379,20.753007915567284,95.17490422429178,0.21,0.21,4.72,7.98,14.075,25.289999999999996,44.86999999999986,exploratory_unweighted_not_clinical_reference
2021-2023,ALB_CR_L,URXUMS,male,40-49,339,30.477138643067846,226.6031643418013,0.21,3.4580000000000006,5.72,9.3,14.215,28.505999999999993,50.239999999999945,exploratory_unweighted_not_clinical_reference
2021-2023,ALB_CR_L,URXUMS,male,50-59,411,74.74941605839416,455.8750833556669,0.21,3.52,5.645,9.67,18.18,56.65,199.005,exploratory_unweighted_not_clinical_reference
2021-2023,ALB_CR_L,URXUMS,male,60-69,645,47.74533333333333,159.8489799986367,3.016,3.8620000000000005,6.25,9.97,22.53,75.83200000000006,162.39199999999994,exploratory_unweighted_not_clinical_reference
2021-2023,ALB_CR_L,URXUMS,male,70-79,443,51.79810383747178,184.71936655398872,3.717,4.676,7.45,11.83,32.915,74.454,148.688,exploratory_unweighted_not_clinical_reference
2021-2023,ALB_CR_L,URXUMS,male,80+,154,75.9811038961039,193.58690301862387,4.984,5.997000000000001,8.802499999999998,17.245,51.917500000000004,163.05100000000002,214.4759999999999,exploratory_unweighted_not_clinical_reference
2021-2023,ALB_CR_L,URXUCR,female,0-11,570,97.30526315789474,59.314965854828316,21.0,30.0,55.0,85.5,127.0,182.30000000000007,214.54999999999995,exploratory_unweighted_not_clinical_reference
2021-2023,ALB_CR_L,URXUCR,female,12-17,423,162.41843971631207,96.56224739128862,34.0,48.2,87.5,149.0,219.0,286.8,341.4999999999999,exploratory_unweighted_not_clinical_reference
2021-2023,ALB_CR_L,URXUCR,female,18-29,490,148.24285714285713,97.83593064489841,23.0,32.0,68.25,139.0,205.75,275.0,339.0999999999999,exploratory_unweighted_not_clinical_reference
2021-2023,ALB_CR_L,URXUCR,female,30-39,508,139.67125984251967,95.97254805960225,23.0,30.0,65.75,126.0,189.25,262.0,325.1999999999998,exploratory_unweighted_not_clinical_reference
2021-2023,ALB_CR_L,URXUCR,female,40-49,444,120.65315315315316,91.4501749845667,20.0,27.300000000000004,49.75,101.0,170.25,244.09999999999997,293.5499999999999,exploratory_unweighted_not_clinical_reference
2021-2023,ALB_CR_L,URXUCR,female,50-59,506,110.86166007905139,84.03578111339057,18.0,27.0,44.25,92.0,154.5,225.0,281.0,exploratory_unweighted_not_clinical_reference
2021-2023,ALB_CR_L,URXUCR,female,60-69,800,107.00125,75.39024047505158,18.950000000000003,25.0,47.0,92.0,146.0,209.0,255.04999999999995,exploratory_unweighted_not_clinical_reference
2021-2023,ALB_CR_L,URXUCR,female,70-79,487,110.36139630390144,72.93647377188437,23.0,30.0,54.5,96.0,152.5,207.0,237.79999999999995,exploratory_unweighted_not_clinical_reference
2021-2023,ALB_CR_L,URXUCR,female,80+,157,97.24203821656052,58.64849674269595,16.8,27.6,51.0,90.0,126.0,179.80000000000004,196.2,exploratory_unweighted_not_clinical_reference
2021-2023,ALB_CR_L,URXUCR,male,0-11,590,108.40847457627119,61.666342431188575,29.0,40.900000000000006,63.0,99.0,141.75,192.10000000000002,224.64999999999986,exploratory_unweighted_not_clinical_reference
2021-2023,ALB_CR_L,URXUCR,male,12-17,399,195.23057644110276,114.6647372879085,42.900000000000006,66.0,117.5,177.0,251.0,331.9999999999999,409.0,exploratory_unweighted_not_clinical_reference
2021-2023,ALB_CR_L,URXUCR,male,18-29,409,177.8875305623472,102.85220247965691,30.0,45.0,105.0,168.0,237.0,309.4,364.59999999999997,exploratory_unweighted_not_clinical_reference
2021-2023,ALB_CR_L,URXUCR,male,30-39,379,160.87598944591028,99.43532597421186,27.0,36.0,80.0,148.0,221.0,300.2,331.49999999999983,exploratory_unweighted_not_clinical_reference
2021-2023,ALB_CR_L,URXUCR,male,40-49,339,162.99705014749262,99.85499837930897,28.800000000000004,42.800000000000004,93.0,147.0,217.0,277.0,329.19999999999993,exploratory_unweighted_not_clinical_reference
2021-2023,ALB_CR_L,URXUCR,male,50-59,411,143.23114355231144,98.90287230239933,24.0,38.0,67.0,125.0,193.0,268.0,331.5,exploratory_unweighted_not_clinical_reference
2021-2023,ALB_CR_L,URXUCR,male,60-69,645,136.3891472868217,85.89135601045794,30.0,41.0,76.0,126.0,176.0,239.0,288.39999999999964,exploratory_unweighted_not_clinical_reference
2021-2023,ALB_CR_L,URXUCR,male,70-79,443,128.36794582392776,73.19213271569679,31.0,46.2,73.0,117.0,166.0,218.60000000000002,259.69999999999993,exploratory_unweighted_not_clinical_reference
2021-2023,ALB_CR_L,URXUCR,male,80+,154,129.8961038961039,75.22082252663756,32.65,51.3,73.0,119.0,173.0,208.10000000000005,244.24999999999991,exploratory_unweighted_not_clinical_reference
2021-2023,ALB_CR_L,URXCRS,female,0-11,570,8601.785263157893,5243.442981566823,1856.4,2652.0,4862.0,7558.2,11226.8,16115.320000000005,18966.219999999994,exploratory_unweighted_not_clinical_reference
2021-2023,ALB_CR_L,URXCRS,female,12-17,423,14357.790070921985,8536.102669389917,3005.6,4260.88,7735.0,13171.6,19359.6,25353.12,30188.599999999988,exploratory_unweighted_not_clinical_reference
2021-2023,ALB_CR_L,URXCRS,female,18-29,490,13104.66857142857,8648.69626900902,2033.2,2828.8,6033.3,12287.6,18188.300000000003,24310.0,29976.43999999999,exploratory_unweighted_not_clinical_reference
2021-2023,ALB_CR_L,URXCRS,female,30-39,508,12346.939370078739,8483.97324846884,2033.2,2652.0,5812.299999999999,11138.4,16729.699999999997,23160.8,28747.679999999986,exploratory_unweighted_not_clinical_reference
2021-2023,ALB_CR_L,URXCRS,female,40-49,444,10665.738738738739,8084.195468635696,1768.0,2413.3200000000006,4397.9,8928.4,15050.1,21578.439999999995,25949.81999999999,exploratory_unweighted_not_clinical_reference
2021-2023,ALB_CR_L,URXCRS,female,50-59,506,9800.170750988143,7428.763050423726,1591.2,2386.8,3911.7,8132.8,13657.8,19890.0,24840.4,exploratory_unweighted_not_clinical_reference
2021-2023,ALB_CR_L,URXCRS,female,60-69,800,9458.9105,6664.497257994561,1675.18,2210.0,4154.8,8132.8,12906.4,18475.6,22546.419999999995,exploratory_unweighted_not_clinical_reference
2021-2023,ALB_CR_L,URXCRS,female,70-79,487,9755.947433264888,6447.584281434579,2033.2,2652.0,4817.8,8486.4,13481.0,18298.8,21021.519999999993,exploratory_unweighted_not_clinical_reference
2021-2023,ALB_CR_L,URXCRS,female,80+,157,8596.19617834395,5184.527112054322,1485.1200000000001,2439.84,4508.4,7956.0,11138.4,15894.320000000003,17344.08,exploratory_unweighted_not_clinical_reference
2021-2023,ALB_CR_L,URXCRS,male,0-11,590,9583.309152542373,5451.30467091707,2563.6,3615.5600000000004,5569.2,8751.6,12530.699999999999,16981.640000000003,19859.05999999999,exploratory_unweighted_not_clinical_reference
2021-2023,ALB_CR_L,URXCRS,male,12-17,399,17258.38295739348,10136.362776251111,3792.36,5834.4,10387.0,15646.8,22188.4,29348.79999999999,36155.6,exploratory_unweighted_not_clinical_reference
2021-2023,ALB_CR_L,URXCRS,male,18-29,409,15725.25770171149,9092.134699201672,2652.0,3978.0,9282.0,14851.2,20950.8,27350.959999999995,32230.639999999996,exploratory_unweighted_not_clinical_reference
2021-2023,ALB_CR_L,URXCRS,male,30-39,379,14221.437467018472,8790.082816120328,2386.8,3182.4,7072.0,13083.2,19536.4,26537.68,29304.599999999988,exploratory_unweighted_not_clinical_reference
2021-2023,ALB_CR_L,URXCRS,male,40-49,339,14408.939233038349,8827.181856730913,2545.9200000000005,3783.5200000000004,8221.2,12994.8,19182.8,24486.8,29101.27999999999,exploratory_unweighted_not_clinical_reference
2021-2023,ALB_CR_L,URXCRS,male,50-59,411,12661.633090024328,8743.0139115321,2121.6,3359.2,5922.8,11050.0,17061.199999999997,23691.2,29304.6,exploratory_unweighted_not_clinical_reference
2021-2023,ALB_CR_L,URXCRS,male,60-69,645,12056.80062015504,7592.795871324482,2652.0,3624.4,6718.4,11138.4,15558.4,21127.6,25494.55999999997,exploratory_unweighted_not_clinical_reference
2021-2023,ALB_CR_L,URXCRS,male,70-79,443,11347.726410835216,6470.184532067597,2740.4,4084.0800000000004,6453.2,10342.8,14674.4,19324.24,22957.479999999992,exploratory_unweighted_not_clinical_reference
2021-2023,ALB_CR_L,URXCRS,male,80+,154,11482.815584415584,6649.520711354761,2886.2599999999998,4534.92,6453.2,10519.6,15293.2,18396.040000000005,21591.69999999999,exploratory_unweighted_not_clinical_reference
2021-2023,ALB_CR_L,URDACT,female,0-11,570,32.87761403508772,137.84531479585684,5.3325000000000005,6.298,8.442499999999999,12.82,21.5425,45.382000000000005,75.31549999999984,exploratory_unweighted_not_clinical_reference
2021-2023,ALB_CR_L,URDACT,female,12-17,422,26.681966824644547,59.745196474889305,3.67,4.244000000000001,5.845,9.335,18.8475,44.30600000000002,111.26749999999997,exploratory_unweighted_not_clinical_reference
2021-2023,ALB_CR_L,URDACT,female,18-29,490,14.078836734693878,33.53739865374173,0.95,3.224,4.7725,6.775,11.3925,26.337000000000003,41.695499999999825,exploratory_unweighted_not_clinical_reference
2021-2023,ALB_CR_L,URDACT,female,30-39,508,17.521377952755905,69.26067988958897,0.91,3.0770000000000004,4.9175,7.015000000000001,11.11,22.437000000000005,42.72349999999999,exploratory_unweighted_not_clinical_reference
2021-2023,ALB_CR_L,URDACT,female,40-49,444,52.66425675675676,446.69110454342757,0.91,1.91,5.3375,7.64,12.1975,25.739999999999995,70.27149999999972,exploratory_unweighted_not_clinical_reference
2021-2023,ALB_CR_L,URDACT,female,50-59,506,25.071739130434782,77.60751124295813,0.92,2.55,5.7524999999999995,8.615,15.745000000000001,38.995,93.0375,exploratory_unweighted_not_clinical_reference
2021-2023,ALB_CR_L,URDACT,female,60-69,800,24.441574999999997,103.41902157387923,1.167,4.0360000000000005,6.08,9.0,15.43,29.811999999999998,48.284999999999975,exploratory_unweighted_not_clinical_reference
2021-2023,ALB_CR_L,URDACT,female,70-79,487,32.502772073921975,87.8152275591824,4.376,5.63,7.539999999999999,11.83,20.815,51.57200000000008,124.81499999999994,exploratory_unweighted_not_clinical_reference
2021-2023,ALB_CR_L,URDACT,female,80+,157,65.33751592356688,384.98040213132936,6.8580000000000005,7.96,10.44,15.04,28.88,56.93800000000002,102.35399999999998,exploratory_unweighted_not_clinical_reference
2021-2023,ALB_CR_L,URDACT,male,0-11,590,17.204881355932205,51.40696434261687,4.615,5.359,6.765,8.925,12.9825,23.113000000000003,39.182999999999936,exploratory_unweighted_not_clinical_reference
2021-2023,ALB_CR_L,URDACT,male,12-17,399,28.479874686716794,157.01372457450375,3.1580000000000004,3.682,4.53,6.44,11.105,29.359999999999996,56.381999999999984,exploratory_unweighted_not_clinical_reference
2021-2023,ALB_CR_L,URDACT,male,18-29,409,11.628973105134474,37.14237527541508,0.95,3.0220000000000002,3.96,5.19,8.49,15.531999999999995,29.689999999999987,exploratory_unweighted_not_clinical_reference
2021-2023,ALB_CR_L,URDACT,male,30-39,379,13.586807387862796,66.75531571559075,0.678,1.3820000000000003,3.88,5.24,8.114999999999998,14.571999999999996,26.25699999999992,exploratory_unweighted_not_clinical_reference
2021-2023,ALB_CR_L,URDACT,male,40-49,339,18.76206489675516,122.09532115924027,1.11,3.0540000000000003,4.085,5.78,9.845,20.096,29.09199999999997,exploratory_unweighted_not_clinical_reference
2021-2023,ALB_CR_L,URDACT,male,50-59,411,100.32114355231143,818.1373490422969,1.1800000000000002,3.55,4.95,7.09,14.055,58.66,204.845,exploratory_unweighted_not_clinical_reference
2021-2023,ALB_CR_L,URDACT,male,60-69,645,48.918542635658916,271.9504708166101,2.88,3.822,5.19,8.07,19.91,56.702000000000005,110.24999999999987,exploratory_unweighted_not_clinical_reference
2021-2023,ALB_CR_L,URDACT,male,70-79,443,52.27318284424379,223.47768603224398,3.685,4.702,6.550000000000001,11.09,25.45,71.19200000000004,169.504,exploratory_unweighted_not_clinical_reference
2021-2023,ALB_CR_L,URDACT,male,80+,154,69.5909090909091,186.87742074979593,5.01,5.905,7.915,16.015,40.8775,139.531,239.58799999999977,exploratory_unweighted_not_clinical_reference
2021-2023,BIOPRO_L,WTPH2YR,female,12-17,438,29284.021556688043,23657.814798121042,5.397605346934028e-79,5.397605346934028e-79,14287.255256113724,23794.10060461281,40593.22672389641,62827.09369084728,71568.23538755375,exploratory_unweighted_not_clinical_reference
2021-2023,BIOPRO_L,WTPH2YR,female,18-29,499,51021.73859352831,39058.20700469931,5.397605346934028e-79,11768.44109860592,23844.418207840765,43647.056003047626,67217.28355403393,100289.98759207192,128336.63549154904,exploratory_unweighted_not_clinical_reference
2021-2023,BIOPRO_L,WTPH2YR,female,30-39,516,43393.53682170544,31693.975812695295,5.397605346934028e-79,13927.212168779075,21624.167446518906,36448.811019791756,55777.374627015466,85044.8908088633,109309.55627492844,exploratory_unweighted_not_clinical_reference
2021-2023,BIOPRO_L,WTPH2YR,female,40-49,452,43941.750257295564,28891.769817345452,10792.575207112412,15717.438674472618,23793.68219926675,36216.990236686484,57579.15505490968,81630.31837289427,97702.80887895146,exploratory_unweighted_not_clinical_reference
2021-2023,BIOPRO_L,WTPH2YR,female,50-59,512,42506.68922598123,30200.22160841782,10863.132011964406,14636.012479722349,20773.94432627286,34494.97445036457,54440.104631345035,85949.60514306882,104362.19763901073,exploratory_unweighted_not_clinical_reference
2021-2023,BIOPRO_L,WTPH2YR,female,60-69,820,25231.174390243916,14793.423867728186,7723.012115210388,11186.932061608875,15249.661412625515,22012.241623617818,32394.311162393395,44272.42544599302,54685.887955632534,exploratory_unweighted_not_clinical_reference
2021-2023,BIOPRO_L,WTPH2YR,female,70-79,500,27510.163254846153,15442.873390482779,10359.760370526588,12405.976073044654,16685.05336940466,24411.363925408757,35670.923164091364,45759.78479775405,58429.897096126995,exploratory_unweighted_not_clinical_reference
2021-2023,BIOPRO_L,WTPH2YR,female,80+,180,36969.035403205104,21912.185344482277,11650.975943965916,17157.04716048997,22121.012247629566,32395.513124362456,50511.49807377878,64095.32367035081,79122.19786764371,exploratory_unweighted_not_clinical_reference
2021-2023,BIOPRO_L,WTPH2YR,male,12-17,424,31907.01362946765,25663.326935757766,5.397605346934028e-79,5.397605346934028e-79,15606.758895500498,27455.668363404224,43446.26659082035,65543.37916573846,83622.4142451678,exploratory_unweighted_not_clinical_reference
2021-2023,BIOPRO_L,WTPH2YR,male,18-29,428,59457.393039966606,47780.1087821328,5.397605346934028e-79,12323.111508249036,28266.396071652776,47209.22099565486,79920.62908524166,122657.4883622632,160003.2773983641,exploratory_unweighted_not_clinical_reference
2021-2023,BIOPRO_L,WTPH2YR,male,30-39,389,56496.0,38955.57535357022,5.397605346934028e-79,18892.845013632705,31167.768767369336,46148.24998181362,72879.8043621448,107187.83764823833,135487.92551271713,exploratory_unweighted_not_clinical_reference
2021-2023,BIOPRO_L,WTPH2YR,male,40-49,348,56550.92605868841,34629.56006311906,14402.940535895636,20212.937643749137,30945.60524990008,47434.95118485781,75419.42084134214,101262.06486917121,128919.88039132435,exploratory_unweighted_not_clinical_reference
2021-2023,BIOPRO_L,WTPH2YR,male,50-59,421,49486.26064507467,36670.05160994841,5.397605346934028e-79,14224.15203414109,23184.75901259775,40676.0870667034,66457.47855278173,101028.44323036204,125006.24804956155,exploratory_unweighted_not_clinical_reference
2021-2023,BIOPRO_L,WTPH2YR,male,60-69,659,28792.992412746593,16589.510760815323,6699.168388826386,10839.427708548596,17564.075680116046,26085.020506913108,38554.83483684766,50984.78429809858,58568.724268321814,exploratory_unweighted_not_clinical_reference
2021-2023,BIOPRO_L,WTPH2YR,male,70-79,451,25619.44002498151,13283.242207042294,10605.598683175747,12442.503095383372,16357.733787364872,22133.471893698206,32866.59715723893,45290.53858442732,50946.68816256723,exploratory_unweighted_not_clinical_reference
2021-2023,BIOPRO_L,WTPH2YR,male,80+,162,28366.947831687277,16817.954960853716,5.397605346934028e-79,9854.420056374076,17654.5622176608,25575.8086983697,38591.170371510816,48058.975958098235,59548.38083054306,exploratory_unweighted_not_clinical_reference
2021-2023,BIOPRO_L,LBXSATSI,female,12-17,338,12.8698224852071,6.931687054991421,6.0,7.0,9.0,11.5,14.0,19.0,24.149999999999977,exploratory_unweighted_not_clinical_reference
2021-2023,BIOPRO_L,LBXSATSI,female,18-29,420,16.211904761904762,14.113090833645769,7.0,8.0,10.0,12.5,17.0,26.100000000000023,37.0,exploratory_unweighted_not_clinical_reference
2021-2023,BIOPRO_L,LBXSATSI,female,30-39,461,18.61822125813449,18.848988379118804,8.0,8.0,10.0,14.0,20.0,30.0,40.0,exploratory_unweighted_not_clinical_reference
2021-2023,BIOPRO_L,LBXSATSI,female,40-49,409,18.447432762836186,12.104844254369876,8.0,9.0,11.0,15.0,21.0,32.19999999999999,41.599999999999966,exploratory_unweighted_not_clinical_reference
2021-2023,BIOPRO_L,LBXSATSI,female,50-59,470,21.882978723404257,16.03198853397453,9.0,11.0,14.0,17.0,25.0,35.0,45.0,exploratory_unweighted_not_clinical_reference
2021-2023,BIOPRO_L,LBXSATSI,female,60-69,733,18.720327421555254,9.619514768091111,9.0,10.0,13.0,17.0,22.0,30.0,36.0,exploratory_unweighted_not_clinical_reference
2021-2023,BIOPRO_L,LBXSATSI,female,70-79,440,18.081818181818182,12.108944955673552,9.0,10.0,12.0,15.0,20.0,27.0,36.049999999999955,exploratory_unweighted_not_clinical_reference
2021-2023,BIOPRO_L,LBXSATSI,female,80+,155,17.058064516129033,10.028037778355362,8.0,9.0,11.0,15.0,20.0,24.0,30.299999999999983,exploratory_unweighted_not_clinical_reference
2021-2023,BIOPRO_L,LBXSATSI,male,12-17,330,18.55757575757576,13.959277080049196,8.0,9.899999999999999,11.0,15.0,20.0,29.100000000000023,41.10000000000002,exploratory_unweighted_not_clinical_reference
2021-2023,BIOPRO_L,LBXSATSI,male,18-29,358,26.52513966480447,25.11705223559583,10.0,12.0,15.0,20.0,30.0,45.30000000000001,60.749999999999886,exploratory_unweighted_not_clinical_reference
2021-2023,BIOPRO_L,LBXSATSI,male,30-39,344,30.3546511627907,24.830312317618848,11.0,13.0,17.0,23.0,34.25,54.69999999999999,68.5499999999999,exploratory_unweighted_not_clinical_reference
2021-2023,BIOPRO_L,LBXSATSI,male,40-49,322,28.145962732919255,16.72334348432026,12.0,14.0,18.0,24.0,34.0,45.900000000000034,52.94999999999999,exploratory_unweighted_not_clinical_reference
2021-2023,BIOPRO_L,LBXSATSI,male,50-59,377,28.310344827586206,19.149654853229052,10.8,13.0,18.0,24.0,32.0,46.400000000000034,57.0,exploratory_unweighted_not_clinical_reference
2021-2023,BIOPRO_L,LBXSATSI,male,60-69,597,23.65326633165829,13.924606806508441,11.0,12.0,16.0,21.0,27.0,37.0,44.0,exploratory_unweighted_not_clinical_reference
2021-2023,BIOPRO_L,LBXSATSI,male,70-79,424,21.108490566037737,11.3029431337393,9.150000000000002,11.0,14.0,18.0,25.0,34.0,43.849999999999966,exploratory_unweighted_not_clinical_reference
2021-2023,BIOPRO_L,LBXSATSI,male,80+,143,16.72027972027972,6.6347416757779,9.0,10.200000000000001,12.0,16.0,19.0,24.799999999999997,31.0,exploratory_unweighted_not_clinical_reference
2021-2023,BIOPRO_L,LBXSAL,female,12-17,339,4.211799410029498,0.2897295329236763,3.79,3.9,4.0,4.2,4.4,4.6,4.7,exploratory_unweighted_not_clinical_reference
2021-2023,BIOPRO_L,LBXSAL,female,18-29,427,4.081030444964871,0.39240544629527757,3.4,3.6,3.9,4.1,4.4,4.5,4.6,exploratory_unweighted_not_clinical_reference
2021-2023,BIOPRO_L,LBXSAL,female,30-39,464,3.9926724137931036,0.3746130796036675,3.3,3.5,3.8,4.1,4.2,4.4,4.5,exploratory_unweighted_not_clinical_reference
2021-2023,BIOPRO_L,LBXSAL,female,40-49,414,3.9642512077294687,0.3471465065825035,3.4,3.6,3.725,4.0,4.2,4.4,4.5,exploratory_unweighted_not_clinical_reference
2021-2023,BIOPRO_L,LBXSAL,female,50-59,474,4.012869198312236,0.3228162866829527,3.5,3.6,3.8,4.0,4.2,4.4,4.5,exploratory_unweighted_not_clinical_reference
2021-2023,BIOPRO_L,LBXSAL,female,60-69,740,4.00527027027027,0.3098068845999537,3.4,3.6,3.8,4.0,4.2,4.4,4.5,exploratory_unweighted_not_clinical_reference
2021-2023,BIOPRO_L,LBXSAL,female,70-79,441,3.9659863945578233,0.3236503301065945,3.5,3.6,3.8,4.0,4.2,4.3,4.4,exploratory_unweighted_not_clinical_reference
2021-2023,BIOPRO_L,LBXSAL,female,80+,155,3.93483870967742,0.3210359749204588,3.4,3.5,3.8,4.0,4.1,4.3,4.4,exploratory_unweighted_not_clinical_reference
2021-2023,BIOPRO_L,LBXSAL,male,12-17,332,4.402710843373494,0.2799846793443608,3.955,4.1,4.2,4.4,4.6,4.8,4.9,exploratory_unweighted_not_clinical_reference
2021-2023,BIOPRO_L,LBXSAL,male,18-29,362,4.401657458563536,0.2994871217263771,3.9,4.0,4.2,4.4,4.6,4.8,4.9,exploratory_unweighted_not_clinical_reference
2021-2023,BIOPRO_L,LBXSAL,male,30-39,347,4.313544668587896,0.31625673726578946,3.83,3.9,4.1,4.3,4.5,4.7,4.8,exploratory_unweighted_not_clinical_reference
2021-2023,BIOPRO_L,LBXSAL,male,40-49,322,4.185403726708075,0.3367491533177354,3.6,3.8,4.0,4.2,4.4,4.6,4.7,exploratory_unweighted_not_clinical_reference
2021-2023,BIOPRO_L,LBXSAL,male,50-59,379,4.103430079155673,0.33271983581650333,3.5,3.7,3.9,4.1,4.3,4.5,4.6,exploratory_unweighted_not_clinical_reference
2021-2023,BIOPRO_L,LBXSAL,male,60-69,601,4.089351081530782,0.3036770404058589,3.5,3.7,3.9,4.1,4.3,4.4,4.5,exploratory_unweighted_not_clinical_reference
2021-2023,BIOPRO_L,LBXSAL,male,70-79,426,4.06150234741784,0.33588737082068093,3.5,3.6,3.9,4.1,4.3,4.4,4.6,exploratory_unweighted_not_clinical_reference
2021-2023,BIOPRO_L,LBXSAL,male,80+,143,3.944055944055944,0.29133553029869075,3.5100000000000002,3.6,3.8,3.9,4.1,4.3,4.49,exploratory_unweighted_not_clinical_reference
2021-2023,BIOPRO_L,LBDSALSI,female,12-17,339,42.117994100294986,2.897295329236763,37.900000000000006,39.0,40.0,42.0,44.0,46.0,47.0,exploratory_unweighted_not_clinical_reference
2021-2023,BIOPRO_L,LBDSALSI,female,18-29,427,40.81030444964871,3.9240544629527747,34.0,36.0,39.0,41.0,44.0,45.0,46.0,exploratory_unweighted_not_clinical_reference
2021-2023,BIOPRO_L,LBDSALSI,female,30-39,464,39.92672413793103,3.7461307960366748,33.0,35.0,38.0,41.0,42.0,44.0,45.0,exploratory_unweighted_not_clinical_reference
2021-2023,BIOPRO_L,LBDSALSI,female,40-49,414,39.64251207729468,3.4714650658250354,34.0,36.0,37.25,40.0,42.0,44.0,45.0,exploratory_unweighted_not_clinical_reference
2021-2023,BIOPRO_L,LBDSALSI,female,50-59,474,40.128691983122366,3.2281628668295275,35.0,36.0,38.0,40.0,42.0,44.0,45.0,exploratory_unweighted_not_clinical_reference
2021-2023,BIOPRO_L,LBDSALSI,female,60-69,740,40.0527027027027,3.098068845999537,34.0,36.0,38.0,40.0,42.0,44.0,45.0,exploratory_unweighted_not_clinical_reference
2021-2023,BIOPRO_L,LBDSALSI,female,70-79,441,39.65986394557823,3.236503301065945,35.0,36.0,38.0,40.0,42.0,43.0,44.0,exploratory_unweighted_not_clinical_reference
2021-2023,BIOPRO_L,LBDSALSI,female,80+,155,39.348387096774196,3.2103597492045877,34.0,35.0,38.0,40.0,41.0,43.0,44.0,exploratory_unweighted_not_clinical_reference
2021-2023,BIOPRO_L,LBDSALSI,male,12-17,332,44.02710843373494,2.7998467934436073,39.55,41.0,42.0,44.0,46.0,48.0,49.0,exploratory_unweighted_not_clinical_reference
2021-2023,BIOPRO_L,LBDSALSI,male,18-29,362,44.01657458563536,2.994871217263771,39.0,40.0,42.0,44.0,46.0,48.0,49.0,exploratory_unweighted_not_clinical_reference
2021-2023,BIOPRO_L,LBDSALSI,male,30-39,347,43.13544668587896,3.1625673726578944,38.3,39.0,41.0,43.0,45.0,47.0,48.0,exploratory_unweighted_not_clinical_reference
2021-2023,BIOPRO_L,LBDSALSI,male,40-49,322,41.85403726708075,3.3674915331773545,36.0,38.0,40.0,42.0,44.0,46.0,47.0,exploratory_unweighted_not_clinical_reference
2021-2023,BIOPRO_L,LBDSALSI,male,50-59,379,41.03430079155673,3.327198358165033,35.0,37.0,39.0,41.0,43.0,45.0,46.0,exploratory_unweighted_not_clinical_reference
2021-2023,BIOPRO_L,LBDSALSI,male,60-69,601,40.89351081530782,3.0367704040585894,35.0,37.0,39.0,41.0,43.0,44.0,45.0,exploratory_unweighted_not_clinical_reference
2021-2023,BIOPRO_L,LBDSALSI,male,70-79,426,40.6150234741784,3.3588737082068096,35.0,36.0,39.0,41.0,43.0,44.0,46.0,exploratory_unweighted_not_clinical_reference
2021-2023,BIOPRO_L,LBDSALSI,male,80+,143,39.44055944055944,2.913355302986908,35.1,36.0,38.0,39.0,41.0,43.0,44.900000000000006,exploratory_unweighted_not_clinical_reference
2021-2023,BIOPRO_L,LBXSAPSI,female,12-17,338,124.14201183431953,62.602347853506046,60.85,67.7,80.25,108.0,145.0,206.3,240.14999999999998,exploratory_unweighted_not_clinical_reference
2021-2023,BIOPRO_L,LBXSAPSI,female,18-29,420,74.87380952380953,23.38258699276819,45.0,49.900000000000006,59.0,71.0,86.0,101.10000000000002,119.0,exploratory_unweighted_not_clinical_reference
2021-2023,BIOPRO_L,LBXSAPSI,female,30-39,462,74.51948051948052,25.914146785763755,44.0,48.0,58.0,70.0,85.75,101.0,113.94999999999999,exploratory_unweighted_not_clinical_reference
2021-2023,BIOPRO_L,LBXSAPSI,female,40-49,409,78.67481662591688,29.020266355450488,45.0,50.0,60.0,73.0,91.0,112.0,126.59999999999997,exploratory_unweighted_not_clinical_reference
2021-2023,BIOPRO_L,LBXSAPSI,female,50-59,470,93.55106382978724,34.6013629292703,54.0,60.0,73.0,89.0,108.0,129.0,145.0,exploratory_unweighted_not_clinical_reference
2021-2023,BIOPRO_L,LBXSAPSI,female,60-69,733,92.37107776261938,28.358918057635453,58.0,64.0,74.0,87.0,107.0,127.80000000000007,139.0,exploratory_unweighted_not_clinical_reference
2021-2023,BIOPRO_L,LBXSAPSI,female,70-79,440,92.33636363636364,30.322872208975582,54.95,60.900000000000006,71.0,88.0,106.25,130.0,143.04999999999995,exploratory_unweighted_not_clinical_reference
2021-2023,BIOPRO_L,LBXSAPSI,female,80+,155,86.03225806451613,25.13041809638678,52.7,57.4,69.5,82.0,98.5,115.6,122.59999999999997,exploratory_unweighted_not_clinical_reference
2021-2023,BIOPRO_L,LBXSAPSI,male,12-17,330,225.92727272727274,117.5073463983634,84.0,94.9,127.0,198.5,294.0,390.20000000000005,448.2000000000003,exploratory_unweighted_not_clinical_reference
2021-2023,BIOPRO_L,LBXSAPSI,male,18-29,359,86.6824512534819,24.670668776609745,53.0,60.0,71.5,84.0,99.5,114.0,124.19999999999993,exploratory_unweighted_not_clinical_reference
2021-2023,BIOPRO_L,LBXSAPSI,male,30-39,345,79.34492753623188,23.495296017525064,50.0,54.0,64.0,76.0,91.0,105.60000000000002,116.80000000000001,exploratory_unweighted_not_clinical_reference
2021-2023,BIOPRO_L,LBXSAPSI,male,40-49,322,82.79813664596273,27.629946668486134,53.05,57.1,66.25,77.5,94.0,109.90000000000003,125.0,exploratory_unweighted_not_clinical_reference
2021-2023,BIOPRO_L,LBXSAPSI,male,50-59,378,87.14021164021165,27.813015710740753,56.0,60.7,69.0,82.5,98.0,116.0,136.14999999999998,exploratory_unweighted_not_clinical_reference
2021-2023,BIOPRO_L,LBXSAPSI,male,60-69,598,82.98160535117057,25.35697557840559,50.0,55.7,67.0,80.0,95.0,111.0,124.0,exploratory_unweighted_not_clinical_reference
2021-2023,BIOPRO_L,LBXSAPSI,male,70-79,425,85.18117647058824,28.412022826005945,50.0,57.0,67.0,80.0,98.0,117.0,136.79999999999995,exploratory_unweighted_not_clinical_reference
2021-2023,BIOPRO_L,LBXSAPSI,male,80+,143,86.26573426573427,25.79959357932728,54.0,57.0,68.0,82.0,96.0,123.8,138.70000000000002,exploratory_unweighted_not_clinical_reference
2021-2023,BIOPRO_L,LBXSASSI,female,12-17,337,17.780415430267063,5.373477287589237,12.0,13.0,15.0,17.0,20.0,22.0,25.0,exploratory_unweighted_not_clinical_reference
2021-2023,BIOPRO_L,LBXSASSI,female,18-29,419,19.33412887828162,16.748435759070013,12.0,13.0,14.0,16.0,20.0,25.0,31.0,exploratory_unweighted_not_clinical_reference
2021-2023,BIOPRO_L,LBXSASSI,female,30-39,461,20.342733188720175,23.23574121702908,11.0,12.0,14.0,17.0,20.0,27.0,32.0,exploratory_unweighted_not_clinical_reference
2021-2023,BIOPRO_L,LBXSASSI,female,40-49,408,20.13235294117647,9.277969592383366,12.0,13.0,15.0,18.0,22.0,29.0,38.0,exploratory_unweighted_not_clinical_reference
2021-2023,BIOPRO_L,LBXSASSI,female,50-59,470,22.440425531914894,11.230653292631915,13.0,14.0,17.0,20.0,25.0,30.100000000000023,39.0,exploratory_unweighted_not_clinical_reference
2021-2023,BIOPRO_L,LBXSASSI,female,60-69,731,21.17510259917921,7.956868908806072,13.0,15.0,16.0,19.0,23.0,29.0,34.0,exploratory_unweighted_not_clinical_reference
2021-2023,BIOPRO_L,LBXSASSI,female,70-79,440,22.477272727272727,10.450640325149108,13.950000000000003,15.0,17.0,21.0,25.0,31.0,37.0,exploratory_unweighted_not_clinical_reference
2021-2023,BIOPRO_L,LBXSASSI,female,80+,155,22.509677419354837,7.5467097345362335,14.0,16.0,18.0,21.0,25.0,31.0,38.0,exploratory_unweighted_not_clinical_reference
2021-2023,BIOPRO_L,LBXSASSI,male,12-17,330,23.272727272727273,14.698329676359073,14.0,15.0,17.0,20.0,25.0,30.0,39.0,exploratory_unweighted_not_clinical_reference
2021-2023,BIOPRO_L,LBXSASSI,male,18-29,358,25.399441340782122,30.334543634314855,14.0,15.0,17.0,21.0,26.75,34.30000000000001,43.0,exploratory_unweighted_not_clinical_reference
2021-2023,BIOPRO_L,LBXSASSI,male,30-39,342,25.394736842105264,15.082151433599542,14.0,15.0,18.0,22.0,27.0,36.900000000000034,48.94999999999999,exploratory_unweighted_not_clinical_reference
2021-2023,BIOPRO_L,LBXSASSI,male,40-49,321,24.501557632398754,12.120263149626718,14.0,16.0,18.0,22.0,27.0,32.0,40.0,exploratory_unweighted_not_clinical_reference
2021-2023,BIOPRO_L,LBXSASSI,male,50-59,375,24.645333333333333,12.91061716768892,13.0,15.0,18.0,22.0,27.0,34.0,40.60000000000002,exploratory_unweighted_not_clinical_reference
2021-2023,BIOPRO_L,LBXSASSI,male,60-69,594,23.76094276094276,10.449755628798625,14.0,15.0,18.0,22.0,26.0,33.0,40.35000000000002,exploratory_unweighted_not_clinical_reference
2021-2023,BIOPRO_L,LBXSASSI,male,70-79,424,23.004716981132077,8.630583719159587,14.0,15.0,18.0,21.0,26.0,32.0,37.0,exploratory_unweighted_not_clinical_reference
2021-2023,BIOPRO_L,LBXSASSI,male,80+,143,22.041958041958043,6.272984919561343,15.0,16.0,18.0,21.0,24.5,29.0,33.900000000000006,exploratory_unweighted_not_clinical_reference
2021-2023,BIOPRO_L,LBXSC3SI,female,12-17,338,23.357988165680474,2.065459499355945,20.0,21.0,22.0,23.0,25.0,26.0,27.0,exploratory_unweighted_not_clinical_reference
2021-2023,BIOPRO_L,LBXSC3SI,female,18-29,420,22.983333333333334,2.1040269001368785,20.0,20.0,22.0,23.0,24.0,25.0,26.0,exploratory_unweighted_not_clinical_reference
2021-2023,BIOPRO_L,LBXSC3SI,female,30-39,463,23.244060475161987,2.3637875754734274,19.0,21.0,22.0,23.0,25.0,26.0,27.0,exploratory_unweighted_not_clinical_reference
2021-2023,BIOPRO_L,LBXSC3SI,female,40-49,409,23.95354523227384,2.353614949794274,20.0,21.0,23.0,24.0,25.0,27.0,28.0,exploratory_unweighted_not_clinical_reference
2021-2023,BIOPRO_L,LBXSC3SI,female,50-59,470,24.56382978723404,2.386701386937936,20.0,22.0,23.0,25.0,26.0,27.0,28.0,exploratory_unweighted_not_clinical_reference
2021-2023,BIOPRO_L,LBXSC3SI,female,60-69,732,24.87568306010929,2.454423728539995,21.0,22.0,23.0,25.0,26.0,28.0,29.0,exploratory_unweighted_not_clinical_reference
2021-2023,BIOPRO_L,LBXSC3SI,female,70-79,439,25.16628701594533,2.357762390108474,21.0,22.0,24.0,25.0,27.0,28.0,29.0,exploratory_unweighted_not_clinical_reference
2021-2023,BIOPRO_L,LBXSC3SI,female,80+,155,25.27741935483871,2.5136910406163495,21.0,22.0,24.0,25.0,27.0,28.0,30.0,exploratory_unweighted_not_clinical_reference
2021-2023,BIOPRO_L,LBXSC3SI,male,12-17,329,24.422492401215806,2.039453504805945,21.0,22.0,23.0,24.0,26.0,27.0,28.0,exploratory_unweighted_not_clinical_reference
2021-2023,BIOPRO_L,LBXSC3SI,male,18-29,359,24.93314763231198,2.24379687634106,21.0,22.0,24.0,25.0,27.0,27.0,28.0,exploratory_unweighted_not_clinical_reference
2021-2023,BIOPRO_L,LBXSC3SI,male,30-39,345,24.666666666666668,2.123146706656065,21.0,22.0,23.0,25.0,26.0,27.0,28.0,exploratory_unweighted_not_clinical_reference
2021-2023,BIOPRO_L,LBXSC3SI,male,40-49,322,25.024844720496894,2.338757319894121,21.0,22.0,23.25,25.0,27.0,28.0,28.0,exploratory_unweighted_not_clinical_reference
2021-2023,BIOPRO_L,LBXSC3SI,male,50-59,378,24.53968253968254,2.4101381592549798,21.0,21.0,23.0,25.0,26.0,28.0,29.0,exploratory_unweighted_not_clinical_reference
2021-2023,BIOPRO_L,LBXSC3SI,male,60-69,598,24.80267558528428,2.3197916641943452,21.0,22.0,23.0,25.0,26.0,27.0,28.149999999999977,exploratory_unweighted_not_clinical_reference
2021-2023,BIOPRO_L,LBXSC3SI,male,70-79,425,24.997647058823528,2.381630588888879,21.0,22.0,24.0,25.0,27.0,28.0,28.799999999999955,exploratory_unweighted_not_clinical_reference
2021-2023,BIOPRO_L,LBXSC3SI,male,80+,143,24.664335664335663,2.545208300903229,21.0,21.200000000000003,23.0,25.0,26.0,27.799999999999997,29.0,exploratory_unweighted_not_clinical_reference
2021-2023,BIOPRO_L,LBXSBU,female,12-17,338,10.449704142011834,2.9160585622242006,6.0,7.0,8.0,10.0,12.0,14.300000000000011,16.0,exploratory_unweighted_not_clinical_reference
2021-2023,BIOPRO_L,LBXSBU,female,18-29,420,10.773809523809524,3.195877380459916,6.0,7.0,8.0,10.0,13.0,15.0,16.0,exploratory_unweighted_not_clinical_reference
2021-2023,BIOPRO_L,LBXSBU,female,30-39,463,11.615550755939525,3.377916579952731,6.0,8.0,9.0,11.0,14.0,16.0,18.0,exploratory_unweighted_not_clinical_reference
2021-2023,BIOPRO_L,LBXSBU,female,40-49,409,12.665036674816626,4.519866285234195,7.0,8.0,10.0,12.0,14.0,17.0,19.0,exploratory_unweighted_not_clinical_reference
2021-2023,BIOPRO_L,LBXSBU,female,50-59,470,14.153191489361703,4.250917425817802,8.0,9.0,12.0,14.0,16.0,20.0,22.549999999999955,exploratory_unweighted_not_clinical_reference
2021-2023,BIOPRO_L,LBXSBU,female,60-69,732,15.729508196721312,5.207124791572405,9.0,10.0,12.0,15.0,18.0,22.0,25.0,exploratory_unweighted_not_clinical_reference
2021-2023,BIOPRO_L,LBXSBU,female,70-79,439,17.58997722095672,6.0137202147587265,10.0,11.800000000000004,14.0,16.0,20.0,25.0,28.0,exploratory_unweighted_not_clinical_reference
2021-2023,BIOPRO_L,LBXSBU,female,80+,155,19.483870967741936,7.340825919339578,11.0,12.0,15.0,18.0,22.0,28.0,34.0,exploratory_unweighted_not_clinical_reference
2021-2023,BIOPRO_L,LBXSBU,male,12-17,329,12.231003039513677,3.3688149147539677,7.0,8.0,10.0,12.0,14.0,17.0,18.0,exploratory_unweighted_not_clinical_reference
2021-2023,BIOPRO_L,LBXSBU,male,18-29,359,13.33983286908078,3.717894366368585,8.0,9.0,11.0,13.0,16.0,18.0,20.0,exploratory_unweighted_not_clinical_reference
2021-2023,BIOPRO_L,LBXSBU,male,30-39,346,13.630057803468208,3.6723200417995567,8.0,9.0,11.0,13.0,16.0,18.0,20.0,exploratory_unweighted_not_clinical_reference
2021-2023,BIOPRO_L,LBXSBU,male,40-49,322,15.152173913043478,4.832890777330912,9.0,10.0,12.0,15.0,17.0,20.0,22.94999999999999,exploratory_unweighted_not_clinical_reference
2021-2023,BIOPRO_L,LBXSBU,male,50-59,378,15.105820105820106,4.959188132988556,9.0,10.0,12.0,15.0,17.0,21.0,24.149999999999977,exploratory_unweighted_not_clinical_reference
2021-2023,BIOPRO_L,LBXSBU,male,60-69,598,16.48829431438127,5.669486645879573,9.850000000000001,11.0,13.0,16.0,19.0,22.300000000000068,25.0,exploratory_unweighted_not_clinical_reference
2021-2023,BIOPRO_L,LBXSBU,male,70-79,425,18.863529411764706,7.136156394019908,11.0,12.0,14.0,18.0,22.0,26.0,30.0,exploratory_unweighted_not_clinical_reference
2021-2023,BIOPRO_L,LBXSBU,male,80+,143,22.517482517482517,11.051004126738858,12.0,13.0,15.0,20.0,25.0,33.8,43.80000000000001,exploratory_unweighted_not_clinical_reference
2021-2023,BIOPRO_L,LBDSBUSI,female,12-17,338,3.7360946745562127,1.0427930495193465,2.1,2.5,2.9,3.6,4.3,5.1200000000000045,5.7,exploratory_unweighted_not_clinical_reference
2021-2023,BIOPRO_L,LBDSBUSI,female,18-29,420,3.850714285714286,1.1399763278058552,2.1,2.5,2.9,3.6,4.6,5.4,5.7,exploratory_unweighted_not_clinical_reference
2021-2023,BIOPRO_L,LBDSBUSI,female,30-39,463,4.145356371490281,1.2040224036462293,2.1,2.9,3.2,3.9,5.0,5.7,6.4,exploratory_unweighted_not_clinical_reference
2021-2023,BIOPRO_L,LBDSBUSI,female,40-49,409,4.523960880195599,1.6139899890459048,2.5,2.9,3.6,4.3,5.0,6.1,6.8,exploratory_unweighted_not_clinical_reference
2021-2023,BIOPRO_L,LBDSBUSI,female,50-59,470,5.053191489361702,1.5176363430886362,2.9,3.2,4.3,5.0,5.7,7.1,8.064999999999985,exploratory_unweighted_not_clinical_reference
2021-2023,BIOPRO_L,LBDSBUSI,female,60-69,732,5.61844262295082,1.8598799016101437,3.2,3.6,4.3,5.4,6.4,7.9,8.9,exploratory_unweighted_not_clinical_reference
2021-2023,BIOPRO_L,LBDSBUSI,female,70-79,439,6.282004555808657,2.1471377549640316,3.6,4.2200000000000015,5.0,5.7,7.1,8.9,10.0,exploratory_unweighted_not_clinical_reference
2021-2023,BIOPRO_L,LBDSBUSI,female,80+,155,6.95483870967742,2.6194624596875995,3.9,4.3,5.4,6.4,7.9,10.0,12.1,exploratory_unweighted_not_clinical_reference
2021-2023,BIOPRO_L,LBDSBUSI,male,12-17,329,4.368693009118542,1.2037638356142313,2.5,2.9,3.6,4.3,5.0,6.1,6.4,exploratory_unweighted_not_clinical_reference
2021-2023,BIOPRO_L,LBDSBUSI,male,18-29,359,4.764066852367688,1.3297272186298978,2.9,3.2,3.9,4.6,5.7,6.4,7.1,exploratory_unweighted_not_clinical_reference
2021-2023,BIOPRO_L,LBDSBUSI,male,30-39,346,4.867919075144508,1.3119450122513963,2.9,3.2,3.9,4.6,5.7,6.4,7.1,exploratory_unweighted_not_clinical_reference
2021-2023,BIOPRO_L,LBDSBUSI,male,40-49,322,5.410869565217392,1.7241838165929573,3.2,3.6,4.3,5.4,6.1,7.1,8.184999999999995,exploratory_unweighted_not_clinical_reference
2021-2023,BIOPRO_L,LBDSBUSI,male,50-59,378,5.395238095238096,1.772821208130838,3.2,3.6,4.3,5.4,6.1,7.5,8.644999999999992,exploratory_unweighted_not_clinical_reference
2021-2023,BIOPRO_L,LBDSBUSI,male,60-69,598,5.887625418060201,2.0236824106858613,3.5400000000000005,3.9,4.6,5.7,6.8,7.990000000000021,8.9,exploratory_unweighted_not_clinical_reference
2021-2023,BIOPRO_L,LBDSBUSI,male,70-79,425,6.737411764705882,2.5485637617102648,3.9,4.3,5.0,6.4,7.9,9.3,10.7,exploratory_unweighted_not_clinical_reference
2021-2023,BIOPRO_L,LBDSBUSI,male,80+,143,8.041958041958042,3.941105382000073,4.3,4.6,5.4,7.1,8.9,12.04,15.630000000000003,exploratory_unweighted_not_clinical_reference
2021-2023,BIOPRO_L,LBXSCLSI,female,12-17,338,102.31952662721893,2.0938592740502586,99.0,100.0,101.0,102.0,104.0,105.0,106.0,exploratory_unweighted_not_clinical_reference
2021-2023,BIOPRO_L,LBXSCLSI,female,18-29,420,102.26904761904763,2.0890655314908275,99.0,100.0,101.0,102.0,104.0,105.0,106.0,exploratory_unweighted_not_clinical_reference
2021-2023,BIOPRO_L,LBXSCLSI,female,30-39,463,102.11879049676025,2.4203620899546374,98.0,99.0,101.0,102.0,103.5,105.0,106.0,exploratory_unweighted_not_clinical_reference
2021-2023,BIOPRO_L,LBXSCLSI,female,40-49,409,101.65036674816626,2.4004709734920517,97.0,98.80000000000001,100.0,102.0,103.0,105.0,105.0,exploratory_unweighted_not_clinical_reference
2021-2023,BIOPRO_L,LBXSCLSI,female,50-59,470,101.30425531914894,3.0801280292671933,96.45,98.0,100.0,102.0,103.0,105.0,106.0,exploratory_unweighted_not_clinical_reference
2021-2023,BIOPRO_L,LBXSCLSI,female,60-69,733,101.23465211459754,3.077691597399116,96.0,97.0,100.0,101.0,103.0,105.0,106.0,exploratory_unweighted_not_clinical_reference
2021-2023,BIOPRO_L,LBXSCLSI,female,70-79,440,101.04318181818182,3.9565347881080504,94.0,96.0,99.0,102.0,103.0,105.0,106.0,exploratory_unweighted_not_clinical_reference
2021-2023,BIOPRO_L,LBXSCLSI,female,80+,155,100.52258064516128,4.036096036902922,94.0,96.4,99.0,101.0,103.0,105.0,106.29999999999998,exploratory_unweighted_not_clinical_reference
2021-2023,BIOPRO_L,LBXSCLSI,male,12-17,330,101.4969696969697,2.334163459749487,98.0,99.0,100.0,102.0,103.0,104.0,105.0,exploratory_unweighted_not_clinical_reference
2021-2023,BIOPRO_L,LBXSCLSI,male,18-29,359,101.26462395543176,2.224709336506345,98.0,98.80000000000001,100.0,101.0,103.0,104.0,105.0,exploratory_unweighted_not_clinical_reference
2021-2023,BIOPRO_L,LBXSCLSI,male,30-39,346,101.43352601156069,2.529232625942705,97.25,98.5,100.0,101.0,103.0,104.0,105.0,exploratory_unweighted_not_clinical_reference
2021-2023,BIOPRO_L,LBXSCLSI,male,40-49,322,101.27639751552795,2.709393272264924,97.0,98.0,100.0,102.0,103.0,104.0,105.0,exploratory_unweighted_not_clinical_reference
2021-2023,BIOPRO_L,LBXSCLSI,male,50-59,378,101.16931216931216,3.0958019067857703,96.0,98.0,99.25,101.0,103.0,105.0,106.0,exploratory_unweighted_not_clinical_reference
2021-2023,BIOPRO_L,LBXSCLSI,male,60-69,598,100.94147157190635,3.11288226918455,95.0,97.0,99.0,101.0,103.0,104.0,105.0,exploratory_unweighted_not_clinical_reference
2021-2023,BIOPRO_L,LBXSCLSI,male,70-79,425,101.0564705882353,3.0128047117021386,96.0,98.0,99.0,101.0,103.0,105.0,105.0,exploratory_unweighted_not_clinical_reference
2021-2023,BIOPRO_L,LBXSCLSI,male,80+,143,101.75524475524476,3.7906794203469665,96.0,97.0,100.0,102.0,104.0,106.0,107.0,exploratory_unweighted_not_clinical_reference
2021-2023,BIOPRO_L,LBXSCK,female,12-17,338,106.22781065088758,80.24893499907832,43.0,50.0,65.25,86.0,120.0,166.60000000000002,240.5999999999999,exploratory_unweighted_not_clinical_reference
2021-2023,BIOPRO_L,LBXSCK,female,18-29,420,178.57619047619048,887.4126916776704,41.0,49.0,62.0,83.0,114.25,186.20000000000005,262.14999999999986,exploratory_unweighted_not_clinical_reference
2021-2023,BIOPRO_L,LBXSCK,female,30-39,461,103.81344902386117,88.70233510744323,39.0,47.0,62.0,79.0,114.0,171.0,230.0,exploratory_unweighted_not_clinical_reference
2021-2023,BIOPRO_L,LBXSCK,female,40-49,409,103.76528117359413,102.63734780379757,36.0,44.0,55.0,81.0,110.0,172.39999999999998,220.59999999999997,exploratory_unweighted_not_clinical_reference
2021-2023,BIOPRO_L,LBXSCK,female,50-59,470,105.84468085106383,78.74307986249046,39.0,43.0,61.0,84.0,120.0,198.0,249.0999999999999,exploratory_unweighted_not_clinical_reference
2021-2023,BIOPRO_L,LBXSCK,female,60-69,733,99.11869031377898,63.8137517292142,37.0,46.0,60.0,82.0,118.0,171.0,223.0,exploratory_unweighted_not_clinical_reference
2021-2023,BIOPRO_L,LBXSCK,female,70-79,440,95.80681818181819,62.46990308680889,33.0,43.0,57.0,79.0,114.0,164.0,205.19999999999982,exploratory_unweighted_not_clinical_reference
2021-2023,BIOPRO_L,LBXSCK,female,80+,155,85.04516129032258,50.942715719486465,33.7,40.0,50.5,72.0,107.0,145.6,179.59999999999997,exploratory_unweighted_not_clinical_reference
2021-2023,BIOPRO_L,LBXSCK,male,12-17,330,263.1424242424242,637.0807145068329,71.35,78.9,108.25,148.5,244.75,371.1000000000005,470.3500000000002,exploratory_unweighted_not_clinical_reference
2021-2023,BIOPRO_L,LBXSCK,male,18-29,357,257.9355742296919,382.1805029680306,63.8,76.6,106.0,153.0,242.0,499.80000000000024,715.0,exploratory_unweighted_not_clinical_reference
2021-2023,BIOPRO_L,LBXSCK,male,30-39,345,208.43478260869566,243.14363626552233,59.599999999999994,79.0,109.0,148.0,217.0,342.20000000000005,501.0000000000001,exploratory_unweighted_not_clinical_reference
2021-2023,BIOPRO_L,LBXSCK,male,40-49,322,194.6055900621118,164.64343527338923,59.05,71.1,97.0,145.0,234.75,365.60000000000014,458.69999999999993,exploratory_unweighted_not_clinical_reference
2021-2023,BIOPRO_L,LBXSCK,male,50-59,377,184.15649867374006,222.54937156382354,50.0,63.0,91.0,128.0,197.0,324.40000000000003,436.19999999999993,exploratory_unweighted_not_clinical_reference
2021-2023,BIOPRO_L,LBXSCK,male,60-69,597,170.8324958123953,157.5968502137145,51.8,63.0,85.0,124.0,195.0,320.39999999999986,435.59999999999945,exploratory_unweighted_not_clinical_reference
2021-2023,BIOPRO_L,LBXSCK,male,70-79,424,136.3443396226415,99.50114016732839,47.0,53.0,74.0,109.0,164.0,254.79999999999995,296.0,exploratory_unweighted_not_clinical_reference
2021-2023,BIOPRO_L,LBXSCK,male,80+,143,125.58741258741259,102.48938994700308,43.1,51.2,65.5,89.0,149.5,240.2,312.2000000000001,exploratory_unweighted_not_clinical_reference
2021-2023,BIOPRO_L,LBXSCR,female,12-17,338,0.643698224852071,0.10836356569773228,0.4885,0.52,0.57,0.63,0.71,0.79,0.84,exploratory_unweighted_not_clinical_reference
2021-2023,BIOPRO_L,LBXSCR,female,18-29,420,0.7008809523809524,0.11989428565110058,0.5195000000000001,0.55,0.62,0.69,0.78,0.85,0.8904999999999995,exploratory_unweighted_not_clinical_reference
2021-2023,BIOPRO_L,LBXSCR,female,30-39,463,0.7264362850971923,0.12876721395797391,0.53,0.58,0.64,0.72,0.81,0.89,0.9589999999999997,exploratory_unweighted_not_clinical_reference
2021-2023,BIOPRO_L,LBXSCR,female,40-49,409,0.7461369193154035,0.3175607720614289,0.514,0.56,0.65,0.72,0.8,0.9019999999999999,1.0159999999999996,exploratory_unweighted_not_clinical_reference
2021-2023,BIOPRO_L,LBXSCR,female,50-59,470,0.7698936170212767,0.1751277004731975,0.5445000000000001,0.59,0.66,0.74,0.85,0.98,1.0554999999999997,exploratory_unweighted_not_clinical_reference
2021-2023,BIOPRO_L,LBXSCR,female,60-69,733,0.810832196452933,0.2290750955453926,0.55,0.61,0.68,0.77,0.89,1.04,1.16,exploratory_unweighted_not_clinical_reference
2021-2023,BIOPRO_L,LBXSCR,female,70-79,440,0.8614999999999998,0.23867234333187035,0.59,0.63,0.7,0.81,0.96,1.15,1.3204999999999996,exploratory_unweighted_not_clinical_reference
2021-2023,BIOPRO_L,LBXSCR,female,80+,155,0.9257419354838711,0.4322711817004426,0.62,0.678,0.745,0.83,1.01,1.216,1.3,exploratory_unweighted_not_clinical_reference
2021-2023,BIOPRO_L,LBXSCR,male,12-17,330,0.758969696969697,0.1676772273577303,0.5,0.53,0.65,0.75,0.85,1.01,1.05,exploratory_unweighted_not_clinical_reference
2021-2023,BIOPRO_L,LBXSCR,male,18-29,359,0.9328412256267409,0.14501109522047315,0.719,0.758,0.83,0.93,1.02,1.1219999999999999,1.16,exploratory_unweighted_not_clinical_reference
2021-2023,BIOPRO_L,LBXSCR,male,30-39,343,0.9533819241982507,0.14143042188197538,0.732,0.79,0.86,0.96,1.0350000000000001,1.11,1.1879999999999995,exploratory_unweighted_not_clinical_reference
2021-2023,BIOPRO_L,LBXSCR,male,40-49,322,1.0051552795031056,0.6132448862036324,0.7105,0.761,0.86,0.96,1.07,1.1890000000000003,1.26,exploratory_unweighted_not_clinical_reference
2021-2023,BIOPRO_L,LBXSCR,male,50-59,378,1.024920634920635,0.7988908883629917,0.6885,0.74,0.85,0.95,1.08,1.22,1.38,exploratory_unweighted_not_clinical_reference
2021-2023,BIOPRO_L,LBXSCR,male,60-69,598,1.0297324414715718,0.5121183993235232,0.72,0.76,0.85,0.96,1.09,1.2430000000000008,1.3774999999999988,exploratory_unweighted_not_clinical_reference
2021-2023,BIOPRO_L,LBXSCR,male,70-79,425,1.1075764705882354,0.3947999366908495,0.752,0.81,0.89,1.03,1.23,1.4660000000000002,1.6999999999999977,exploratory_unweighted_not_clinical_reference
2021-2023,BIOPRO_L,LBXSCR,male,80+,143,1.2544055944055943,0.4664423675246529,0.79,0.85,0.995,1.14,1.38,1.7639999999999996,2.024,exploratory_unweighted_not_clinical_reference
2021-2023,BIOPRO_L,LBDSCRSI,female,12-17,338,56.9030177514793,9.579452466634761,43.1865,45.97,50.39,55.69,62.76,69.84,74.26,exploratory_unweighted_not_clinical_reference
2021-2023,BIOPRO_L,LBDSCRSI,female,18-29,420,61.957904761904764,10.598686453961198,45.9255,48.62,54.81,61.0,68.95,75.14,78.72399999999996,exploratory_unweighted_not_clinical_reference
2021-2023,BIOPRO_L,LBDSCRSI,female,30-39,463,64.21658747300216,11.382821245116885,46.85,51.27,56.58,63.65,71.6,78.68,84.77199999999998,exploratory_unweighted_not_clinical_reference
2021-2023,BIOPRO_L,LBDSCRSI,female,40-49,409,65.95843520782397,28.072338986498345,45.436,49.5,57.46,63.65,70.72,79.73599999999999,89.81399999999996,exploratory_unweighted_not_clinical_reference
2021-2023,BIOPRO_L,LBDSCRSI,female,50-59,470,68.05851063829788,15.48141506051711,48.136,52.16,58.34,65.42,75.14,86.63,93.30399999999996,exploratory_unweighted_not_clinical_reference
2021-2023,BIOPRO_L,LBDSCRSI,female,60-69,733,71.6774624829468,20.25032346365884,48.62,53.92,60.11,68.07,78.68,91.94,102.54,exploratory_unweighted_not_clinical_reference
2021-2023,BIOPRO_L,LBDSCRSI,female,70-79,440,76.15659090909091,21.09863539868106,52.16,55.69,61.88,71.6,84.86,101.66,116.73399999999995,exploratory_unweighted_not_clinical_reference
2021-2023,BIOPRO_L,LBDSCRSI,female,80+,155,81.83593548387097,38.21262310469232,54.81,59.937999999999995,65.86,73.37,89.28,107.49399999999999,114.92,exploratory_unweighted_not_clinical_reference
2021-2023,BIOPRO_L,LBDSCRSI,male,12-17,330,67.09290909090909,14.822659828755608,44.2,46.85,57.46,66.3,75.14,89.28,92.82,exploratory_unweighted_not_clinical_reference
2021-2023,BIOPRO_L,LBDSCRSI,male,18-29,359,82.46303621169918,12.819065692356133,63.561,67.004,73.37,82.21,90.17,99.18599999999999,102.54,exploratory_unweighted_not_clinical_reference
2021-2023,BIOPRO_L,LBDSCRSI,male,30-39,343,84.27903790087463,12.502389477172363,64.70700000000001,69.84,76.02,84.86,91.495,98.12,105.02299999999997,exploratory_unweighted_not_clinical_reference
2021-2023,BIOPRO_L,LBDSCRSI,male,40-49,322,88.85586956521738,54.21101993380412,62.8045,67.269,76.02,84.86,94.59,105.11100000000003,111.38,exploratory_unweighted_not_clinical_reference
2021-2023,BIOPRO_L,LBDSCRSI,male,50-59,378,90.60283068783068,70.62196675622731,60.8665,65.42,75.14,83.98,95.47,107.85,121.99,exploratory_unweighted_not_clinical_reference
2021-2023,BIOPRO_L,LBDSCRSI,male,60-69,598,91.02829431438127,45.27113166886709,63.65,67.18,75.14,84.86,96.36,109.88400000000006,121.7729999999999,exploratory_unweighted_not_clinical_reference
2021-2023,BIOPRO_L,LBDSCRSI,male,70-79,425,97.90974117647059,34.90021870611614,66.476,71.6,78.68,91.05,108.73,129.59400000000002,150.2759999999998,exploratory_unweighted_not_clinical_reference
2021-2023,BIOPRO_L,LBDSCRSI,male,80+,143,110.88993006993007,41.233464624315204,69.84,75.14,87.96000000000001,100.78,121.99,155.93799999999996,178.92000000000002,exploratory_unweighted_not_clinical_reference
2021-2023,BIOPRO_L,LBXSGB,female,12-17,339,3.111504424778761,0.3417027183992373,2.6,2.7,2.9,3.1,3.4,3.5,3.7,exploratory_unweighted_not_clinical_reference
2021-2023,BIOPRO_L,LBXSGB,female,18-29,427,3.1627634660421546,0.3754744701350141,2.6,2.7,2.9,3.2,3.4,3.6400000000000037,3.8,exploratory_unweighted_not_clinical_reference
2021-2023,BIOPRO_L,LBXSGB,female,30-39,464,3.1879310344827583,0.41174027175999234,2.6,2.7,2.9,3.2,3.4,3.7,3.9,exploratory_unweighted_not_clinical_reference
2021-2023,BIOPRO_L,LBXSGB,female,40-49,414,3.1734299516908213,0.40351881260649847,2.6,2.7,2.9,3.2,3.4,3.7,3.9,exploratory_unweighted_not_clinical_reference
2021-2023,BIOPRO_L,LBXSGB,female,50-59,474,3.1373417721518986,0.46757222510886887,2.5,2.6,2.8,3.05,3.4,3.7,3.9,exploratory_unweighted_not_clinical_reference
2021-2023,BIOPRO_L,LBXSGB,female,60-69,740,3.052027027027027,0.4266287891845894,2.4,2.6,2.8,3.0,3.3,3.6,3.8,exploratory_unweighted_not_clinical_reference
2021-2023,BIOPRO_L,LBXSGB,female,70-79,441,3.011791383219954,0.38893410521360766,2.5,2.6,2.7,3.0,3.3,3.5,3.7,exploratory_unweighted_not_clinical_reference
2021-2023,BIOPRO_L,LBXSGB,female,80+,155,2.990967741935484,0.4346020335020176,2.37,2.5,2.7,3.0,3.3,3.5599999999999996,3.6,exploratory_unweighted_not_clinical_reference
2021-2023,BIOPRO_L,LBXSGB,male,12-17,331,2.984894259818731,0.3476521742196901,2.4,2.5,2.8,3.0,3.2,3.4,3.5,exploratory_unweighted_not_clinical_reference
2021-2023,BIOPRO_L,LBXSGB,male,18-29,362,2.9698895027624306,0.38712590942870073,2.4,2.5,2.7,2.9,3.2,3.5,3.6,exploratory_unweighted_not_clinical_reference
2021-2023,BIOPRO_L,LBXSGB,male,30-39,346,2.991329479768786,0.3799847000707325,2.4,2.5,2.7,3.0,3.2,3.4,3.6,exploratory_unweighted_not_clinical_reference
2021-2023,BIOPRO_L,LBXSGB,male,40-49,322,3.056521739130435,0.392338243144517,2.5,2.6,2.8,3.0,3.3,3.5,3.7,exploratory_unweighted_not_clinical_reference
2021-2023,BIOPRO_L,LBXSGB,male,50-59,379,3.0707124010554097,0.41799758123054975,2.5,2.6,2.8,3.0,3.3,3.6,3.8,exploratory_unweighted_not_clinical_reference
2021-2023,BIOPRO_L,LBXSGB,male,60-69,601,3.062063227953411,0.4084830506425323,2.5,2.6,2.8,3.0,3.3,3.6,3.7,exploratory_unweighted_not_clinical_reference
2021-2023,BIOPRO_L,LBXSGB,male,70-79,426,2.9861502347417836,0.4229539994038471,2.4,2.5,2.7,2.9,3.2,3.5,3.7,exploratory_unweighted_not_clinical_reference
2021-2023,BIOPRO_L,LBXSGB,male,80+,143,3.0006993006993006,0.430443024888967,2.4,2.52,2.7,2.9,3.3,3.5799999999999996,3.6,exploratory_unweighted_not_clinical_reference
2021-2023,BIOPRO_L,LBDSGBSI,female,12-17,339,31.115044247787612,3.4170271839923734,26.0,27.0,29.0,31.0,34.0,35.0,37.0,exploratory_unweighted_not_clinical_reference
2021-2023,BIOPRO_L,LBDSGBSI,female,18-29,427,31.627634660421545,3.754744701350141,26.0,27.0,29.0,32.0,34.0,36.400000000000034,38.0,exploratory_unweighted_not_clinical_reference
2021-2023,BIOPRO_L,LBDSGBSI,female,30-39,464,31.879310344827587,4.117402717599924,26.0,27.0,29.0,32.0,34.0,37.0,39.0,exploratory_unweighted_not_clinical_reference
2021-2023,BIOPRO_L,LBDSGBSI,female,40-49,414,31.734299516908212,4.035188126064985,26.0,27.0,29.0,32.0,34.0,37.0,39.0,exploratory_unweighted_not_clinical_reference
2021-2023,BIOPRO_L,LBDSGBSI,female,50-59,474,31.373417721518987,4.675722251088689,25.0,26.0,28.0,30.5,34.0,37.0,39.0,exploratory_unweighted_not_clinical_reference
2021-2023,BIOPRO_L,LBDSGBSI,female,60-69,740,30.52027027027027,4.266287891845895,24.0,26.0,28.0,30.0,33.0,36.0,38.0,exploratory_unweighted_not_clinical_reference
2021-2023,BIOPRO_L,LBDSGBSI,female,70-79,441,30.117913832199548,3.8893410521360763,25.0,26.0,27.0,30.0,33.0,35.0,37.0,exploratory_unweighted_not_clinical_reference
2021-2023,BIOPRO_L,LBDSGBSI,female,80+,155,29.90967741935484,4.346020335020175,23.7,25.0,27.0,30.0,33.0,35.599999999999994,36.0,exploratory_unweighted_not_clinical_reference
2021-2023,BIOPRO_L,LBDSGBSI,male,12-17,331,29.84894259818731,3.476521742196901,24.0,25.0,28.0,30.0,32.0,34.0,35.0,exploratory_unweighted_not_clinical_reference
2021-2023,BIOPRO_L,LBDSGBSI,male,18-29,362,29.69889502762431,3.8712590942870078,24.0,25.0,27.0,29.0,32.0,35.0,36.0,exploratory_unweighted_not_clinical_reference
2021-2023,BIOPRO_L,LBDSGBSI,male,30-39,346,29.91329479768786,3.7998470007073246,24.0,25.0,27.0,30.0,32.0,34.0,36.0,exploratory_unweighted_not_clinical_reference
2021-2023,BIOPRO_L,LBDSGBSI,male,40-49,322,30.565217391304348,3.9233824314451695,25.0,26.0,28.0,30.0,33.0,35.0,37.0,exploratory_unweighted_not_clinical_reference
2021-2023,BIOPRO_L,LBDSGBSI,male,50-59,379,30.70712401055409,4.179975812305498,25.0,26.0,28.0,30.0,33.0,36.0,38.0,exploratory_unweighted_not_clinical_reference
2021-2023,BIOPRO_L,LBDSGBSI,male,60-69,601,30.62063227953411,4.084830506425323,25.0,26.0,28.0,30.0,33.0,36.0,37.0,exploratory_unweighted_not_clinical_reference
2021-2023,BIOPRO_L,LBDSGBSI,male,70-79,426,29.86150234741784,4.229539994038471,24.0,25.0,27.0,29.0,32.0,35.0,37.0,exploratory_unweighted_not_clinical_reference
2021-2023,BIOPRO_L,LBDSGBSI,male,80+,143,30.006993006993007,4.30443024888967,24.0,25.200000000000003,27.0,29.0,33.0,35.8,36.0,exploratory_unweighted_not_clinical_reference
2021-2023,BIOPRO_L,LBXSGL,female,12-17,339,88.96165191740413,8.24952956789039,77.0,80.0,84.0,89.0,93.0,98.0,102.0,exploratory_unweighted_not_clinical_reference
2021-2023,BIOPRO_L,LBXSGL,female,18-29,426,89.01173708920187,16.419138138486908,74.0,78.0,83.0,87.0,93.0,99.0,104.5,exploratory_unweighted_not_clinical_reference
2021-2023,BIOPRO_L,LBXSGL,female,30-39,463,93.66306695464363,21.208276504823093,78.0,81.0,85.0,90.0,96.0,104.0,116.89999999999998,exploratory_unweighted_not_clinical_reference
2021-2023,BIOPRO_L,LBXSGL,female,40-49,414,101.78743961352657,43.76846672693819,79.65,82.0,87.0,92.0,99.0,115.0,154.69999999999993,exploratory_unweighted_not_clinical_reference
2021-2023,BIOPRO_L,LBXSGL,female,50-59,473,106.54756871035941,52.18832382286975,80.0,83.0,88.0,94.0,103.0,128.8,177.39999999999998,exploratory_unweighted_not_clinical_reference
2021-2023,BIOPRO_L,LBXSGL,female,60-69,740,105.79594594594595,39.20298978956729,82.0,84.0,90.0,97.0,106.0,129.0,165.04999999999995,exploratory_unweighted_not_clinical_reference
2021-2023,BIOPRO_L,LBXSGL,female,70-79,440,107.1,36.90175345081687,82.0,85.9,91.0,98.5,110.0,128.0,157.04999999999995,exploratory_unweighted_not_clinical_reference
2021-2023,BIOPRO_L,LBXSGL,female,80+,155,108.12258064516129,27.00056167859038,87.0,88.4,93.0,100.0,111.0,137.39999999999998,161.09999999999988,exploratory_unweighted_not_clinical_reference
2021-2023,BIOPRO_L,LBXSGL,male,12-17,330,91.55757575757576,9.062331614300836,80.0,82.0,87.0,91.0,95.75,101.0,105.0,exploratory_unweighted_not_clinical_reference
2021-2023,BIOPRO_L,LBXSGL,male,18-29,361,94.65927977839335,28.23429216262176,79.0,82.0,87.0,91.0,97.0,102.0,106.0,exploratory_unweighted_not_clinical_reference
2021-2023,BIOPRO_L,LBXSGL,male,30-39,346,97.03468208092485,25.78155636766745,79.0,83.0,88.0,93.0,99.0,108.0,118.0,exploratory_unweighted_not_clinical_reference
2021-2023,BIOPRO_L,LBXSGL,male,40-49,322,101.95031055900621,32.75763947277774,81.0,85.0,90.0,96.0,102.0,112.0,130.84999999999997,exploratory_unweighted_not_clinical_reference
2021-2023,BIOPRO_L,LBXSGL,male,50-59,379,116.41160949868073,54.962367811485244,83.0,85.80000000000001,92.0,99.0,113.5,157.59999999999997,229.49999999999983,exploratory_unweighted_not_clinical_reference
2021-2023,BIOPRO_L,LBXSGL,male,60-69,600,111.595,42.858126495191044,82.0,86.0,92.0,100.0,114.0,142.0,181.0,exploratory_unweighted_not_clinical_reference
2021-2023,BIOPRO_L,LBXSGL,male,70-79,426,110.2699530516432,31.624411843833222,81.25,86.0,94.0,101.0,117.0,145.0,175.75,exploratory_unweighted_not_clinical_reference
2021-2023,BIOPRO_L,LBXSGL,male,80+,143,109.6013986013986,27.347564677769515,86.1,89.0,94.0,103.0,112.5,140.39999999999998,161.0,exploratory_unweighted_not_clinical_reference
2021-2023,BIOPRO_L,LBDSGLSI,female,12-17,339,4.929203539823009,0.5052999722929608,4.0,4.0,5.0,5.0,5.0,5.0,6.0,exploratory_unweighted_not_clinical_reference
2021-2023,BIOPRO_L,LBDSGLSI,female,18-29,426,4.948356807511737,0.9391658999787846,4.0,4.0,5.0,5.0,5.0,5.0,6.0,exploratory_unweighted_not_clinical_reference
2021-2023,BIOPRO_L,LBDSGLSI,female,30-39,463,5.1965442764578835,1.17616523307862,4.0,4.0,5.0,5.0,5.0,6.0,6.0,exploratory_unweighted_not_clinical_reference
2021-2023,BIOPRO_L,LBDSGLSI,female,40-49,414,5.628019323671498,2.431987686268831,4.0,5.0,5.0,5.0,5.0,6.0,9.0,exploratory_unweighted_not_clinical_reference
2021-2023,BIOPRO_L,LBDSGLSI,female,50-59,473,5.896405919661734,2.9096289187883784,4.0,5.0,5.0,5.0,6.0,7.0,10.0,exploratory_unweighted_not_clinical_reference
2021-2023,BIOPRO_L,LBDSGLSI,female,60-69,740,5.848648648648648,2.18031811332719,5.0,5.0,5.0,5.0,6.0,7.0,9.0,exploratory_unweighted_not_clinical_reference
2021-2023,BIOPRO_L,LBDSGLSI,female,70-79,440,5.9340909090909095,2.0478827537332056,5.0,5.0,5.0,5.0,6.0,7.0,9.0,exploratory_unweighted_not_clinical_reference
2021-2023,BIOPRO_L,LBDSGLSI,female,80+,155,5.980645161290322,1.5645046838342869,5.0,5.0,5.0,6.0,6.0,7.599999999999994,9.0,exploratory_unweighted_not_clinical_reference
2021-2023,BIOPRO_L,LBDSGLSI,male,12-17,330,5.072727272727272,0.5295365452444035,4.0,5.0,5.0,5.0,5.0,6.0,6.0,exploratory_unweighted_not_clinical_reference
2021-2023,BIOPRO_L,LBDSGLSI,male,18-29,361,5.240997229916897,1.5899277071241933,4.0,5.0,5.0,5.0,5.0,6.0,6.0,exploratory_unweighted_not_clinical_reference
2021-2023,BIOPRO_L,LBDSGLSI,male,30-39,346,5.372832369942197,1.465452024321107,4.0,5.0,5.0,5.0,5.0,6.0,7.0,exploratory_unweighted_not_clinical_reference
2021-2023,BIOPRO_L,LBDSGLSI,male,40-49,322,5.599378881987578,1.8706787178313204,4.0,5.0,5.0,5.0,6.0,6.0,7.0,exploratory_unweighted_not_clinical_reference
2021-2023,BIOPRO_L,LBDSGLSI,male,50-59,379,6.440633245382585,3.058258940326602,5.0,5.0,5.0,5.0,6.0,9.0,13.0,exploratory_unweighted_not_clinical_reference
2021-2023,BIOPRO_L,LBDSGLSI,male,60-69,600,6.153333333333333,2.3950050042758573,5.0,5.0,5.0,6.0,6.0,8.0,10.0,exploratory_unweighted_not_clinical_reference
2021-2023,BIOPRO_L,LBDSGLSI,male,70-79,426,6.072769953051643,1.773493814284905,4.25,5.0,5.0,6.0,6.0,8.0,10.0,exploratory_unweighted_not_clinical_reference
2021-2023,BIOPRO_L,LBDSGLSI,male,80+,143,6.06993006993007,1.581808332481894,5.0,5.0,5.0,6.0,6.0,8.0,9.0,exploratory_unweighted_not_clinical_reference
2021-2023,BIOPRO_L,LBXSGTSI,female,12-17,338,12.532544378698224,7.150385852474744,6.0,7.0,9.0,11.0,14.0,19.0,25.0,exploratory_unweighted_not_clinical_reference
2021-2023,BIOPRO_L,LBXSGTSI,female,18-29,420,16.840476190476192,21.022224397696757,7.0,8.0,10.0,12.5,18.0,27.0,36.049999999999955,exploratory_unweighted_not_clinical_reference
2021-2023,BIOPRO_L,LBXSGTSI,female,30-39,462,22.803030303030305,51.86991646173582,8.0,9.0,11.0,16.0,23.0,32.0,44.89999999999998,exploratory_unweighted_not_clinical_reference
2021-2023,BIOPRO_L,LBXSGTSI,female,40-49,409,24.08557457212714,26.650424199709274,8.0,9.0,11.0,15.0,26.0,43.0,67.19999999999976,exploratory_unweighted_not_clinical_reference
2021-2023,BIOPRO_L,LBXSGTSI,female,50-59,470,35.62340425531915,56.96354167422151,9.0,10.0,13.0,19.0,33.0,66.0,120.0,exploratory_unweighted_not_clinical_reference
2021-2023,BIOPRO_L,LBXSGTSI,female,60-69,733,28.455661664392906,41.347121284681734,9.0,10.0,14.0,19.0,31.0,52.80000000000007,71.0,exploratory_unweighted_not_clinical_reference
2021-2023,BIOPRO_L,LBXSGTSI,female,70-79,440,24.990909090909092,28.048037365969705,9.0,10.0,13.0,18.0,27.0,42.200000000000045,61.0,exploratory_unweighted_not_clinical_reference
2021-2023,BIOPRO_L,LBXSGTSI,female,80+,155,24.98709677419355,34.0877376544655,10.0,11.0,14.0,18.0,26.0,37.0,49.7999999999999,exploratory_unweighted_not_clinical_reference
2021-2023,BIOPRO_L,LBXSGTSI,male,12-17,330,16.26969696969697,8.626494314796288,8.0,9.0,11.0,14.0,19.0,25.0,31.0,exploratory_unweighted_not_clinical_reference
2021-2023,BIOPRO_L,LBXSGTSI,male,18-29,359,27.459610027855152,48.080738787019456,10.0,11.0,13.5,18.0,27.0,45.39999999999998,64.19999999999993,exploratory_unweighted_not_clinical_reference
2021-2023,BIOPRO_L,LBXSGTSI,male,30-39,345,38.70144927536232,88.69883473178898,11.0,12.0,16.0,23.0,38.0,65.20000000000005,97.40000000000003,exploratory_unweighted_not_clinical_reference
2021-2023,BIOPRO_L,LBXSGTSI,male,40-49,322,37.89751552795031,48.17296258303239,11.0,13.0,17.0,26.0,40.75,63.0,94.0,exploratory_unweighted_not_clinical_reference
2021-2023,BIOPRO_L,LBXSGTSI,male,50-59,378,41.2989417989418,47.890049236280475,12.0,14.0,19.0,27.5,45.0,81.30000000000001,118.0,exploratory_unweighted_not_clinical_reference
2021-2023,BIOPRO_L,LBXSGTSI,male,60-69,598,35.69230769230769,44.69770761859525,11.0,12.0,17.0,24.0,37.0,63.30000000000007,92.44999999999993,exploratory_unweighted_not_clinical_reference
2021-2023,BIOPRO_L,LBXSGTSI,male,70-79,425,29.192941176470587,32.27023932793045,11.0,12.0,15.0,22.0,32.0,48.80000000000007,67.59999999999991,exploratory_unweighted_not_clinical_reference
2021-2023,BIOPRO_L,LBXSGTSI,male,80+,143,23.53146853146853,19.503991717047324,10.0,11.0,13.0,19.0,26.0,34.8,50.0,exploratory_unweighted_not_clinical_reference
2021-2023,BIOPRO_L,LBXSIR,female,12-17,339,79.15929203539822,38.08909666432644,22.800000000000004,32.0,49.5,75.0,107.5,128.2,143.19999999999993,exploratory_unweighted_not_clinical_reference
2021-2023,BIOPRO_L,LBXSIR,female,18-29,427,83.58548009367682,43.093675395583915,24.3,33.0,53.0,75.0,111.0,141.40000000000003,159.7,exploratory_unweighted_not_clinical_reference
2021-2023,BIOPRO_L,LBXSIR,female,30-39,463,79.95680345572354,37.87079698420489,29.0,36.2,53.0,75.0,99.5,129.8,148.0,exploratory_unweighted_not_clinical_reference
2021-2023,BIOPRO_L,LBXSIR,female,40-49,414,77.52657004830918,38.28708959126004,28.0,36.0,52.0,71.0,97.75,126.69999999999999,146.0,exploratory_unweighted_not_clinical_reference
2021-2023,BIOPRO_L,LBXSIR,female,50-59,474,84.35443037974683,35.25684842523394,36.0,45.300000000000004,60.0,79.0,105.0,128.7,142.0,exploratory_unweighted_not_clinical_reference
2021-2023,BIOPRO_L,LBXSIR,female,60-69,740,83.58783783783784,29.010550330895278,42.0,51.0,63.0,80.0,100.0,120.0,136.04999999999995,exploratory_unweighted_not_clinical_reference
2021-2023,BIOPRO_L,LBXSIR,female,70-79,441,82.01133786848072,27.86113875954763,43.0,50.0,63.0,80.0,97.0,119.0,133.0,exploratory_unweighted_not_clinical_reference
2021-2023,BIOPRO_L,LBXSIR,female,80+,155,80.9483870967742,28.808321657679052,41.7,46.4,59.0,77.0,101.5,118.6,130.89999999999995,exploratory_unweighted_not_clinical_reference
2021-2023,BIOPRO_L,LBXSIR,male,12-17,332,96.3644578313253,36.88231060626255,39.650000000000006,50.0,71.0,95.0,119.0,142.0,164.45,exploratory_unweighted_not_clinical_reference
2021-2023,BIOPRO_L,LBXSIR,male,18-29,362,102.01657458563535,38.005536138222034,51.0,59.0,74.0,97.0,124.0,151.90000000000003,166.0,exploratory_unweighted_not_clinical_reference
2021-2023,BIOPRO_L,LBXSIR,male,30-39,346,100.18497109826589,35.47876122576864,47.25,59.0,75.25,97.0,121.0,149.0,169.75,exploratory_unweighted_not_clinical_reference
2021-2023,BIOPRO_L,LBXSIR,male,40-49,322,98.12422360248448,36.58545371934258,47.0,56.1,73.0,92.0,121.0,146.80000000000007,165.0,exploratory_unweighted_not_clinical_reference
2021-2023,BIOPRO_L,LBXSIR,male,50-59,379,95.72559366754618,33.428335323353174,47.0,58.0,74.5,92.0,113.0,140.2,163.0,exploratory_unweighted_not_clinical_reference
2021-2023,BIOPRO_L,LBXSIR,male,60-69,601,99.23460898502496,33.53087930383752,51.0,61.0,75.0,96.0,118.0,143.0,164.0,exploratory_unweighted_not_clinical_reference
2021-2023,BIOPRO_L,LBXSIR,male,70-79,426,93.17605633802818,31.349858645882573,50.0,56.0,71.0,90.0,111.75,132.5,148.5,exploratory_unweighted_not_clinical_reference
2021-2023,BIOPRO_L,LBXSIR,male,80+,143,91.82517482517483,31.369742909620726,46.1,54.400000000000006,71.0,89.0,111.5,129.0,137.9,exploratory_unweighted_not_clinical_reference
2021-2023,BIOPRO_L,LBDSIRSI,female,12-17,339,14.174041297935103,6.832036343714788,4.0,6.0,9.0,13.0,19.0,23.0,26.0,exploratory_unweighted_not_clinical_reference
2021-2023,BIOPRO_L,LBDSIRSI,female,18-29,427,14.985948477751757,7.717414563002647,4.0,6.0,9.0,13.0,20.0,25.0,28.69999999999999,exploratory_unweighted_not_clinical_reference
2021-2023,BIOPRO_L,LBDSIRSI,female,30-39,463,14.326133909287257,6.800139064610871,5.0,6.200000000000003,9.0,13.0,18.0,23.0,27.0,exploratory_unweighted_not_clinical_reference
2021-2023,BIOPRO_L,LBDSIRSI,female,40-49,414,13.891304347826088,6.891779975038336,5.0,6.0,9.0,13.0,17.75,23.0,26.0,exploratory_unweighted_not_clinical_reference
2021-2023,BIOPRO_L,LBDSIRSI,female,50-59,474,15.128691983122362,6.336102434237068,6.0,8.0,11.0,14.0,19.0,23.0,25.0,exploratory_unweighted_not_clinical_reference
2021-2023,BIOPRO_L,LBDSIRSI,female,60-69,740,14.978378378378379,5.1852886067335255,8.0,9.0,11.0,14.0,18.0,21.0,24.049999999999955,exploratory_unweighted_not_clinical_reference
2021-2023,BIOPRO_L,LBDSIRSI,female,70-79,441,14.682539682539682,5.026646169880244,8.0,9.0,11.0,14.0,17.0,21.0,24.0,exploratory_unweighted_not_clinical_reference
2021-2023,BIOPRO_L,LBDSIRSI,female,80+,155,14.490322580645161,5.140073957140735,7.7,8.0,11.0,14.0,18.0,21.0,23.299999999999983,exploratory_unweighted_not_clinical_reference
2021-2023,BIOPRO_L,LBDSIRSI,male,12-17,332,17.240963855421686,6.606945647591663,7.0,9.0,13.0,17.0,21.0,25.0,29.44999999999999,exploratory_unweighted_not_clinical_reference
2021-2023,BIOPRO_L,LBDSIRSI,male,18-29,362,18.25414364640884,6.835749838710081,9.0,11.0,13.0,17.0,22.0,27.0,30.0,exploratory_unweighted_not_clinical_reference
2021-2023,BIOPRO_L,LBDSIRSI,male,30-39,346,17.921965317919074,6.3563030599632375,8.25,11.0,13.25,17.0,22.0,27.0,30.0,exploratory_unweighted_not_clinical_reference
2021-2023,BIOPRO_L,LBDSIRSI,male,40-49,322,17.543478260869566,6.550996049054558,8.0,10.0,13.0,16.0,22.0,26.0,30.0,exploratory_unweighted_not_clinical_reference
2021-2023,BIOPRO_L,LBDSIRSI,male,50-59,379,17.137203166226914,5.995780137614645,8.0,10.0,13.0,16.0,20.0,25.0,29.0,exploratory_unweighted_not_clinical_reference
2021-2023,BIOPRO_L,LBDSIRSI,male,60-69,601,17.775374376039935,6.001760233571119,9.0,11.0,13.0,17.0,21.0,26.0,29.0,exploratory_unweighted_not_clinical_reference
2021-2023,BIOPRO_L,LBDSIRSI,male,70-79,426,16.68075117370892,5.6131321149864934,9.0,10.0,13.0,16.0,20.0,24.0,26.75,exploratory_unweighted_not_clinical_reference
2021-2023,BIOPRO_L,LBDSIRSI,male,80+,143,16.454545454545453,5.612771242828964,8.0,10.0,13.0,16.0,20.0,23.0,25.0,exploratory_unweighted_not_clinical_reference
2021-2023,BIOPRO_L,LBXSLDSI,female,12-17,263,156.60836501901142,29.566502967011733,114.0,124.2,138.0,153.0,172.0,190.8,208.0,exploratory_unweighted_not_clinical_reference
2021-2023,BIOPRO_L,LBXSLDSI,female,18-29,329,152.29483282674772,36.407266144232366,113.0,120.80000000000001,133.0,148.0,165.0,185.0,200.19999999999976,exploratory_unweighted_not_clinical_reference
2021-2023,BIOPRO_L,LBXSLDSI,female,30-39,349,149.13180515759313,30.17763201496918,108.2,115.80000000000001,130.0,145.0,166.0,186.2,200.59999999999997,exploratory_unweighted_not_clinical_reference
2021-2023,BIOPRO_L,LBXSLDSI,female,40-49,301,155.6843853820598,30.707926045854222,113.0,119.0,136.0,153.0,174.0,192.0,212.0,exploratory_unweighted_not_clinical_reference
2021-2023,BIOPRO_L,LBXSLDSI,female,50-59,353,167.73371104815865,31.344356134288162,119.0,130.2,149.0,164.0,186.0,206.0,224.39999999999998,exploratory_unweighted_not_clinical_reference
2021-2023,BIOPRO_L,LBXSLDSI,female,60-69,551,171.23411978221415,32.637424100342635,128.0,136.0,151.0,168.0,186.0,210.0,222.5,exploratory_unweighted_not_clinical_reference
2021-2023,BIOPRO_L,LBXSLDSI,female,70-79,310,176.6258064516129,34.70964134677806,130.45,137.0,155.0,172.0,195.0,222.10000000000002,233.55,exploratory_unweighted_not_clinical_reference
2021-2023,BIOPRO_L,LBXSLDSI,female,80+,109,176.78899082568807,30.373317174690673,131.0,140.0,158.0,175.0,192.0,212.8,223.39999999999998,exploratory_unweighted_not_clinical_reference
2021-2023,BIOPRO_L,LBXSLDSI,male,12-17,258,172.22868217054264,33.098573902292486,130.0,136.7,149.0,169.0,191.75,210.3,234.5999999999999,exploratory_unweighted_not_clinical_reference
2021-2023,BIOPRO_L,LBXSLDSI,male,18-29,276,158.981884057971,50.683650202920106,118.75,126.0,136.0,154.0,172.0,192.0,204.25,exploratory_unweighted_not_clinical_reference
2021-2023,BIOPRO_L,LBXSLDSI,male,30-39,249,159.65060240963857,36.358464116930065,116.8,123.8,140.0,154.0,176.0,195.20000000000002,209.6,exploratory_unweighted_not_clinical_reference
2021-2023,BIOPRO_L,LBXSLDSI,male,40-49,253,160.3320158102767,32.60441777155316,118.0,124.2,141.0,155.0,177.0,198.8,223.39999999999986,exploratory_unweighted_not_clinical_reference
2021-2023,BIOPRO_L,LBXSLDSI,male,50-59,284,161.13732394366198,29.824672853773585,117.0,126.3,143.0,158.0,174.25,201.70000000000002,216.84999999999997,exploratory_unweighted_not_clinical_reference
2021-2023,BIOPRO_L,LBXSLDSI,male,60-69,447,166.51006711409397,32.941029818619526,124.0,132.0,146.0,161.0,181.0,206.0,225.0,exploratory_unweighted_not_clinical_reference
2021-2023,BIOPRO_L,LBXSLDSI,male,70-79,300,170.09,35.42067164712028,124.95,133.9,146.0,164.5,192.0,212.10000000000002,236.10000000000002,exploratory_unweighted_not_clinical_reference
2021-2023,BIOPRO_L,LBXSLDSI,male,80+,108,183.19444444444446,49.67905561681092,129.45000000000002,142.1,155.75,175.0,199.0,226.0,262.59999999999997,exploratory_unweighted_not_clinical_reference
2021-2023,BIOPRO_L,LBXMAGN,female,12-17,338,1.9636094674556215,0.128935339644378,1.8,1.8,1.9,2.0,2.0,2.1,2.2,exploratory_unweighted_not_clinical_reference
2021-2023,BIOPRO_L,LBXMAGN,female,18-29,420,1.9273809523809526,0.13726895578911674,1.7,1.8,1.8,1.9,2.0,2.1,2.1,exploratory_unweighted_not_clinical_reference
2021-2023,BIOPRO_L,LBXMAGN,female,30-39,463,1.9380129589632829,0.1535367457621603,1.7,1.7,1.8,1.9,2.0,2.1,2.2,exploratory_unweighted_not_clinical_reference
2021-2023,BIOPRO_L,LBXMAGN,female,40-49,409,1.9569682151589245,0.1668820220436143,1.7,1.7800000000000005,1.9,2.0,2.1,2.2,2.2,exploratory_unweighted_not_clinical_reference
2021-2023,BIOPRO_L,LBXMAGN,female,50-59,470,1.9678723404255318,0.19264112231081845,1.6,1.7,1.9,2.0,2.1,2.2,2.2,exploratory_unweighted_not_clinical_reference
2021-2023,BIOPRO_L,LBXMAGN,female,60-69,732,1.967896174863388,0.19401284777464453,1.6,1.7,1.9,2.0,2.1,2.2,2.2,exploratory_unweighted_not_clinical_reference
2021-2023,BIOPRO_L,LBXMAGN,female,70-79,438,1.9716894977168948,0.2084537701888014,1.6,1.7,1.9,2.0,2.1,2.2,2.3,exploratory_unweighted_not_clinical_reference
2021-2023,BIOPRO_L,LBXMAGN,female,80+,155,1.9387096774193548,0.2184321633154662,1.5,1.7,1.8,2.0,2.1,2.2,2.3,exploratory_unweighted_not_clinical_reference
2021-2023,BIOPRO_L,LBXMAGN,male,12-17,329,2.0030395136778116,0.1229336585704618,1.8,1.8,1.9,2.0,2.1,2.2,2.2,exploratory_unweighted_not_clinical_reference
2021-2023,BIOPRO_L,LBXMAGN,male,18-29,359,1.9832869080779945,0.1466547026568294,1.8,1.8,1.9,2.0,2.1,2.2,2.2,exploratory_unweighted_not_clinical_reference
2021-2023,BIOPRO_L,LBXMAGN,male,30-39,345,1.9930434782608697,0.14925497486767486,1.8,1.8,1.9,2.0,2.1,2.2,2.2,exploratory_unweighted_not_clinical_reference
2021-2023,BIOPRO_L,LBXMAGN,male,40-49,322,1.998757763975155,0.15567662691280038,1.7,1.8,1.9,2.0,2.1,2.2,2.2,exploratory_unweighted_not_clinical_reference
2021-2023,BIOPRO_L,LBXMAGN,male,50-59,378,1.9788359788359788,0.1708978306369433,1.7,1.8,1.9,2.0,2.1,2.2,2.2,exploratory_unweighted_not_clinical_reference
2021-2023,BIOPRO_L,LBXMAGN,male,60-69,598,1.9831103678929765,0.19525105050459401,1.685,1.8,1.9,2.0,2.1,2.2,2.3,exploratory_unweighted_not_clinical_reference
2021-2023,BIOPRO_L,LBXMAGN,male,70-79,425,1.9745882352941178,0.20503999230923448,1.6,1.7,1.9,2.0,2.1,2.2,2.3,exploratory_unweighted_not_clinical_reference
2021-2023,BIOPRO_L,LBXMAGN,male,80+,143,1.9755244755244756,0.23742064151300818,1.6,1.7,1.8,2.0,2.1,2.2,2.3,exploratory_unweighted_not_clinical_reference
2021-2023,BIOPRO_L,LBXSOSSI,female,12-17,338,276.6952662721894,3.4510620332551807,271.0,272.0,274.25,276.0,279.0,281.0,282.15,exploratory_unweighted_not_clinical_reference
2021-2023,BIOPRO_L,LBXSOSSI,female,18-29,420,276.06190476190477,3.5479633729676507,270.0,272.0,274.0,276.0,279.0,280.0,281.0,exploratory_unweighted_not_clinical_reference
2021-2023,BIOPRO_L,LBXSOSSI,female,30-39,462,276.4177489177489,3.733059918258325,271.0,272.0,274.0,276.0,279.0,281.0,282.95,exploratory_unweighted_not_clinical_reference
2021-2023,BIOPRO_L,LBXSOSSI,female,40-49,409,277.4669926650367,4.179139488595966,272.0,273.0,275.0,277.0,280.0,282.0,284.0,exploratory_unweighted_not_clinical_reference
2021-2023,BIOPRO_L,LBXSOSSI,female,50-59,469,279.7164179104478,4.761240317757466,272.0,274.0,277.0,280.0,282.0,285.0,286.0,exploratory_unweighted_not_clinical_reference
2021-2023,BIOPRO_L,LBXSOSSI,female,60-69,732,280.35928961748635,5.109004260016433,272.0,275.0,278.0,281.0,283.0,286.0,287.44999999999993,exploratory_unweighted_not_clinical_reference
2021-2023,BIOPRO_L,LBXSOSSI,female,70-79,438,280.99543378995435,6.747826307785757,269.0,274.0,278.0,282.0,285.0,288.0,290.0,exploratory_unweighted_not_clinical_reference
2021-2023,BIOPRO_L,LBXSOSSI,female,80+,155,281.2774193548387,7.342754608801625,266.0,273.0,279.0,282.0,285.0,288.6,291.29999999999995,exploratory_unweighted_not_clinical_reference
2021-2023,BIOPRO_L,LBXSOSSI,male,12-17,329,278.6838905775076,3.6887785588569684,273.0,275.0,276.0,279.0,281.0,283.0,285.0,exploratory_unweighted_not_clinical_reference
2021-2023,BIOPRO_L,LBXSOSSI,male,18-29,359,279.15877437325906,3.6730750139207506,273.0,275.0,277.0,279.0,281.5,284.0,285.0,exploratory_unweighted_not_clinical_reference
2021-2023,BIOPRO_L,LBXSOSSI,male,30-39,346,279.0635838150289,4.08978974551503,273.0,274.0,277.0,279.0,281.0,284.0,285.0,exploratory_unweighted_not_clinical_reference
2021-2023,BIOPRO_L,LBXSOSSI,male,40-49,322,279.64596273291926,4.364127255552556,273.0,274.1,277.0,280.0,282.0,285.0,287.0,exploratory_unweighted_not_clinical_reference
2021-2023,BIOPRO_L,LBXSOSSI,male,50-59,378,279.9867724867725,4.8112748500629685,272.0,274.0,278.0,280.0,283.0,286.0,287.0,exploratory_unweighted_not_clinical_reference
2021-2023,BIOPRO_L,LBXSOSSI,male,60-69,597,280.3467336683417,5.650507212882845,272.0,274.0,278.0,281.0,283.0,286.0,288.0,exploratory_unweighted_not_clinical_reference
2021-2023,BIOPRO_L,LBXSOSSI,male,70-79,425,281.3905882352941,5.7452117784793835,272.0,275.0,278.0,282.0,285.0,288.0,289.0,exploratory_unweighted_not_clinical_reference
2021-2023,BIOPRO_L,LBXSOSSI,male,80+,143,283.4895104895105,7.15213661847956,272.1,275.0,279.0,284.0,288.0,291.0,293.9,exploratory_unweighted_not_clinical_reference
2021-2023,BIOPRO_L,LBXSPH,female,12-17,338,4.125443786982249,0.5061672570237485,3.3,3.5,3.8,4.1,4.4,4.8,5.0,exploratory_unweighted_not_clinical_reference
2021-2023,BIOPRO_L,LBXSPH,female,18-29,420,3.650714285714286,0.4907492341042944,2.9,3.0900000000000007,3.3,3.6,4.0,4.3,4.5,exploratory_unweighted_not_clinical_reference
2021-2023,BIOPRO_L,LBXSPH,female,30-39,460,3.504565217391304,0.4883844985207633,2.7,2.9,3.2,3.5,3.9,4.1,4.3,exploratory_unweighted_not_clinical_reference
2021-2023,BIOPRO_L,LBXSPH,female,40-49,411,3.506082725060827,0.5024690093279335,2.8,2.9,3.2,3.5,3.8,4.1,4.4,exploratory_unweighted_not_clinical_reference
2021-2023,BIOPRO_L,LBXSPH,female,50-59,467,3.6184154175588863,0.5163457507853274,2.73,3.0,3.3,3.6,3.9,4.2,4.4,exploratory_unweighted_not_clinical_reference
2021-2023,BIOPRO_L,LBXSPH,female,60-69,732,3.6523224043715845,0.4651258628369822,2.9,3.0100000000000007,3.3,3.7,4.0,4.2,4.4,exploratory_unweighted_not_clinical_reference
2021-2023,BIOPRO_L,LBXSPH,female,70-79,439,3.619134396355353,0.45969831051560534,2.9,3.0,3.3,3.6,3.9,4.2,4.4,exploratory_unweighted_not_clinical_reference
2021-2023,BIOPRO_L,LBXSPH,female,80+,155,3.6929032258064516,0.461239109950542,2.9,3.14,3.4,3.7,3.9,4.2,4.3,exploratory_unweighted_not_clinical_reference
2021-2023,BIOPRO_L,LBXSPH,male,12-17,330,4.427272727272728,0.6986625204567793,3.245,3.6,4.0,4.4,4.9,5.3,5.5,exploratory_unweighted_not_clinical_reference
2021-2023,BIOPRO_L,LBXSPH,male,18-29,361,3.6534626038781166,0.5174675828417562,2.8,3.0,3.3,3.7,4.0,4.3,4.6,exploratory_unweighted_not_clinical_reference
2021-2023,BIOPRO_L,LBXSPH,male,30-39,345,3.5118840579710144,0.5391673041526219,2.6,2.8,3.2,3.5,3.8,4.2,4.4,exploratory_unweighted_not_clinical_reference
2021-2023,BIOPRO_L,LBXSPH,male,40-49,322,3.4133540372670805,0.5146833937115767,2.6,2.8,3.1,3.4,3.8,4.1,4.2,exploratory_unweighted_not_clinical_reference
2021-2023,BIOPRO_L,LBXSPH,male,50-59,378,3.4034391534391535,0.5299154857308084,2.6,2.8,3.1,3.4,3.7,4.1,4.3,exploratory_unweighted_not_clinical_reference
2021-2023,BIOPRO_L,LBXSPH,male,60-69,596,3.373657718120805,0.501353506129555,2.6,2.8,3.1,3.3,3.7,4.0,4.1,exploratory_unweighted_not_clinical_reference
2021-2023,BIOPRO_L,LBXSPH,male,70-79,425,3.387529411764706,0.45939846303153653,2.7,2.8,3.1,3.4,3.7,4.0,4.1,exploratory_unweighted_not_clinical_reference
2021-2023,BIOPRO_L,LBXSPH,male,80+,143,3.360839160839161,0.500989860322312,2.6,2.72,3.05,3.3,3.7,4.0,4.19,exploratory_unweighted_not_clinical_reference
2021-2023,BIOPRO_L,LBDSPHSI,female,12-17,338,1.3324852071005917,0.16330336614645793,1.07,1.13,1.23,1.32,1.42,1.55,1.62,exploratory_unweighted_not_clinical_reference
2021-2023,BIOPRO_L,LBDSPHSI,female,18-29,420,1.1795714285714285,0.15837421966280235,0.94,0.9970000000000002,1.07,1.16,1.29,1.39,1.45,exploratory_unweighted_not_clinical_reference
2021-2023,BIOPRO_L,LBDSPHSI,female,30-39,460,1.1323260869565215,0.1576765606960451,0.87,0.94,1.03,1.13,1.26,1.32,1.39,exploratory_unweighted_not_clinical_reference
2021-2023,BIOPRO_L,LBDSPHSI,female,40-49,411,1.1327737226277372,0.16234739893808553,0.9,0.94,1.03,1.13,1.23,1.32,1.42,exploratory_unweighted_not_clinical_reference
2021-2023,BIOPRO_L,LBDSPHSI,female,50-59,467,1.1692077087794432,0.16682986406994826,0.879,0.97,1.07,1.16,1.26,1.36,1.42,exploratory_unweighted_not_clinical_reference
2021-2023,BIOPRO_L,LBDSPHSI,female,60-69,732,1.1800273224043716,0.15021826096800478,0.94,0.9730000000000002,1.07,1.2,1.29,1.36,1.42,exploratory_unweighted_not_clinical_reference
2021-2023,BIOPRO_L,LBDSPHSI,female,70-79,439,1.1694305239179952,0.14829747371414947,0.94,0.97,1.07,1.16,1.26,1.36,1.42,exploratory_unweighted_not_clinical_reference
2021-2023,BIOPRO_L,LBDSPHSI,female,80+,155,1.1934193548387095,0.14897240531398964,0.94,1.012,1.1,1.2,1.26,1.36,1.39,exploratory_unweighted_not_clinical_reference
2021-2023,BIOPRO_L,LBDSPHSI,male,12-17,330,1.4303636363636363,0.2257588107227612,1.048,1.16,1.29,1.42,1.58,1.71,1.78,exploratory_unweighted_not_clinical_reference
2021-2023,BIOPRO_L,LBDSPHSI,male,18-29,361,1.1804986149584487,0.16716517321788418,0.9,0.97,1.07,1.2,1.29,1.39,1.49,exploratory_unweighted_not_clinical_reference
2021-2023,BIOPRO_L,LBDSPHSI,male,30-39,345,1.134608695652174,0.17413550736184114,0.84,0.9,1.03,1.13,1.23,1.36,1.42,exploratory_unweighted_not_clinical_reference
2021-2023,BIOPRO_L,LBDSPHSI,male,40-49,322,1.102888198757764,0.16629192114431451,0.84,0.9,1.0,1.1,1.23,1.32,1.36,exploratory_unweighted_not_clinical_reference
2021-2023,BIOPRO_L,LBDSPHSI,male,50-59,378,1.0997089947089949,0.17119697180427834,0.84,0.9,1.0,1.1,1.2,1.32,1.39,exploratory_unweighted_not_clinical_reference
2021-2023,BIOPRO_L,LBDSPHSI,male,60-69,596,1.0898489932885904,0.1621851126709664,0.84,0.9,1.0,1.07,1.2,1.29,1.32,exploratory_unweighted_not_clinical_reference
2021-2023,BIOPRO_L,LBDSPHSI,male,70-79,425,1.0944,0.14877861227911127,0.87,0.9,1.0,1.1,1.2,1.29,1.32,exploratory_unweighted_not_clinical_reference
2021-2023,BIOPRO_L,LBDSPHSI,male,80+,143,1.0853146853146853,0.16228042237758739,0.84,0.876,0.985,1.07,1.2,1.29,1.3560000000000003,exploratory_unweighted_not_clinical_reference
2021-2023,BIOPRO_L,LBXSKSI,female,12-17,332,4.074397590361446,0.27957876989184377,3.6,3.7100000000000004,3.9,4.0,4.2,4.4,4.6,exploratory_unweighted_not_clinical_reference
2021-2023,BIOPRO_L,LBXSKSI,female,18-29,421,4.00332541567696,0.2679523074925846,3.6,3.7,3.8,4.0,4.1,4.3,4.5,exploratory_unweighted_not_clinical_reference
2021-2023,BIOPRO_L,LBXSKSI,female,30-39,456,3.9978070175438596,0.2731895731826176,3.6,3.7,3.8,4.0,4.2,4.3,4.5,exploratory_unweighted_not_clinical_reference
2021-2023,BIOPRO_L,LBXSKSI,female,40-49,407,4.008353808353808,0.31243362665220104,3.5,3.7,3.8,4.0,4.2,4.4,4.5,exploratory_unweighted_not_clinical_reference
2021-2023,BIOPRO_L,LBXSKSI,female,50-59,470,4.058510638297872,0.3324040411632826,3.5,3.7,3.9,4.1,4.3,4.4,4.6,exploratory_unweighted_not_clinical_reference
2021-2023,BIOPRO_L,LBXSKSI,female,60-69,734,4.073024523160763,0.33562038736980504,3.5,3.7,3.9,4.1,4.3,4.5,4.6,exploratory_unweighted_not_clinical_reference
2021-2023,BIOPRO_L,LBXSKSI,female,70-79,436,4.134403669724771,0.3632672457689671,3.575,3.7,3.9,4.1,4.3,4.5,4.7,exploratory_unweighted_not_clinical_reference
2021-2023,BIOPRO_L,LBXSKSI,female,80+,154,4.166883116883117,0.38400285858229216,3.6,3.7,3.9,4.2,4.4,4.6,4.8,exploratory_unweighted_not_clinical_reference
2021-2023,BIOPRO_L,LBXSKSI,male,12-17,327,4.138226299694189,0.2744328857007796,3.7,3.8,4.0,4.1,4.3,4.5,4.5699999999999985,exploratory_unweighted_not_clinical_reference
2021-2023,BIOPRO_L,LBXSKSI,male,18-29,360,4.081666666666667,0.28006664547084587,3.7,3.7,3.9,4.1,4.2,4.4,4.505000000000001,exploratory_unweighted_not_clinical_reference
2021-2023,BIOPRO_L,LBXSKSI,male,30-39,335,4.094029850746269,0.2526983699435621,3.7,3.8,3.9,4.1,4.3,4.4,4.5,exploratory_unweighted_not_clinical_reference
2021-2023,BIOPRO_L,LBXSKSI,male,40-49,318,4.1242138364779874,0.2894765942338167,3.7,3.8,3.9,4.1,4.3,4.5,4.6,exploratory_unweighted_not_clinical_reference
2021-2023,BIOPRO_L,LBXSKSI,male,50-59,372,4.151881720430108,0.31378346266801954,3.7,3.8,4.0,4.2,4.4,4.5,4.6,exploratory_unweighted_not_clinical_reference
2021-2023,BIOPRO_L,LBXSKSI,male,60-69,592,4.166385135135135,0.34268044683785237,3.6,3.8,4.0,4.2,4.4,4.6,4.7,exploratory_unweighted_not_clinical_reference
2021-2023,BIOPRO_L,LBXSKSI,male,70-79,424,4.232075471698113,0.31270864839700696,3.7,3.9,4.0,4.2,4.4,4.6,4.7,exploratory_unweighted_not_clinical_reference
2021-2023,BIOPRO_L,LBXSKSI,male,80+,143,4.363636363636363,0.45510337079062996,3.8,3.9,4.1,4.3,4.6,4.8,5.0,exploratory_unweighted_not_clinical_reference
2021-2023,BIOPRO_L,LBXSNASI,female,12-17,339,139.27138643067846,1.6756456393908024,136.9,137.0,138.0,139.0,140.0,141.0,142.0,exploratory_unweighted_not_clinical_reference
2021-2023,BIOPRO_L,LBXSNASI,female,18-29,427,138.86182669789227,1.7080641206694827,136.0,137.0,138.0,139.0,140.0,141.0,141.0,exploratory_unweighted_not_clinical_reference
2021-2023,BIOPRO_L,LBXSNASI,female,30-39,464,138.7456896551724,1.8739958459067902,136.0,136.0,138.0,139.0,140.0,141.0,142.0,exploratory_unweighted_not_clinical_reference
2021-2023,BIOPRO_L,LBXSNASI,female,40-49,414,138.84782608695653,1.9028543892857057,136.0,137.0,138.0,139.0,140.0,141.0,142.0,exploratory_unweighted_not_clinical_reference
2021-2023,BIOPRO_L,LBXSNASI,female,50-59,474,139.66244725738397,2.555924825766853,136.0,137.0,138.0,140.0,141.0,142.0,143.0,exploratory_unweighted_not_clinical_reference
2021-2023,BIOPRO_L,LBXSNASI,female,60-69,740,139.70810810810812,2.4486475103011722,135.95,137.0,139.0,140.0,141.0,142.0,143.0,exploratory_unweighted_not_clinical_reference
2021-2023,BIOPRO_L,LBXSNASI,female,70-79,441,139.65532879818593,3.2591165762450327,134.0,136.0,138.0,140.0,142.0,143.0,144.0,exploratory_unweighted_not_clinical_reference
2021-2023,BIOPRO_L,LBXSNASI,female,80+,155,139.43870967741935,3.5640409558036787,132.0,136.0,138.0,140.0,142.0,143.0,144.0,exploratory_unweighted_not_clinical_reference
2021-2023,BIOPRO_L,LBXSNASI,male,12-17,332,139.91265060240963,1.7966626223247508,137.0,138.0,139.0,140.0,141.0,142.0,143.0,exploratory_unweighted_not_clinical_reference
2021-2023,BIOPRO_L,LBXSNASI,male,18-29,362,139.8646408839779,1.7773329667106712,137.0,138.0,139.0,140.0,141.0,142.0,143.0,exploratory_unweighted_not_clinical_reference
2021-2023,BIOPRO_L,LBXSNASI,male,30-39,347,139.68011527377521,2.0678468845924347,137.0,138.0,138.5,140.0,141.0,142.0,142.7,exploratory_unweighted_not_clinical_reference
2021-2023,BIOPRO_L,LBXSNASI,male,40-49,322,139.54658385093168,1.990476736705195,136.0,137.0,139.0,140.0,141.0,142.0,142.0,exploratory_unweighted_not_clinical_reference
2021-2023,BIOPRO_L,LBXSNASI,male,50-59,379,139.31926121372032,2.429083804647254,136.0,136.0,138.0,140.0,141.0,142.0,143.0,exploratory_unweighted_not_clinical_reference
2021-2023,BIOPRO_L,LBXSNASI,male,60-69,601,139.39434276206322,2.7645194776521937,135.0,136.0,138.0,140.0,141.0,142.0,143.0,exploratory_unweighted_not_clinical_reference
2021-2023,BIOPRO_L,LBXSNASI,male,70-79,426,139.53286384976525,2.6911794510753246,135.0,137.0,138.0,140.0,141.0,142.0,143.0,exploratory_unweighted_not_clinical_reference
2021-2023,BIOPRO_L,LBXSNASI,male,80+,143,140.0,2.966954145484633,135.0,136.2,138.5,140.0,142.0,143.0,144.0,exploratory_unweighted_not_clinical_reference
2021-2023,BIOPRO_L,LBXSTB,female,12-17,338,0.4282840236686391,0.38884751244403043,0.2,0.2,0.3,0.3,0.5,0.7,0.9,exploratory_unweighted_not_clinical_reference
2021-2023,BIOPRO_L,LBXSTB,female,18-29,420,0.40292857142857147,0.2576777967043767,0.11,0.2,0.2,0.3,0.5,0.7,0.9,exploratory_unweighted_not_clinical_reference
2021-2023,BIOPRO_L,LBXSTB,female,30-39,463,0.3965010799136069,0.2290018419435745,0.2,0.2,0.25,0.3,0.5,0.7,0.8,exploratory_unweighted_not_clinical_reference
2021-2023,BIOPRO_L,LBXSTB,female,40-49,409,0.4000000000000001,0.2256906611045391,0.2,0.2,0.3,0.3,0.5,0.7,0.8599999999999967,exploratory_unweighted_not_clinical_reference
2021-2023,BIOPRO_L,LBXSTB,female,50-59,470,0.4167234042553192,0.2721005475552329,0.2,0.2,0.3,0.4,0.5,0.7,0.8549999999999955,exploratory_unweighted_not_clinical_reference
2021-2023,BIOPRO_L,LBXSTB,female,60-69,732,0.43655737704918035,0.2731668777106764,0.2,0.2,0.3,0.4,0.5,0.7,0.9,exploratory_unweighted_not_clinical_reference
2021-2023,BIOPRO_L,LBXSTB,female,70-79,439,0.45640091116173126,0.2391867568589493,0.2,0.2,0.3,0.4,0.5,0.7199999999999989,0.9,exploratory_unweighted_not_clinical_reference
2021-2023,BIOPRO_L,LBXSTB,female,80+,155,0.517483870967742,0.2534786385333299,0.3,0.3,0.3,0.5,0.6,0.9,1.1,exploratory_unweighted_not_clinical_reference
2021-2023,BIOPRO_L,LBXSTB,male,12-17,329,0.5429483282674772,0.42833853761913226,0.2,0.2,0.3,0.4,0.6,0.9199999999999989,1.3,exploratory_unweighted_not_clinical_reference
2021-2023,BIOPRO_L,LBXSTB,male,18-29,359,0.6225626740947076,0.4434729695170503,0.2,0.3,0.4,0.5,0.7,1.1,1.3,exploratory_unweighted_not_clinical_reference
2021-2023,BIOPRO_L,LBXSTB,male,30-39,345,0.635391304347826,1.0429692242972188,0.2,0.3,0.3,0.5,0.7,0.9,1.2,exploratory_unweighted_not_clinical_reference
2021-2023,BIOPRO_L,LBXSTB,male,40-49,322,0.5274223602484472,0.28281055248175396,0.2,0.21000000000000016,0.3,0.5,0.6749999999999999,0.9,1.1,exploratory_unweighted_not_clinical_reference
2021-2023,BIOPRO_L,LBXSTB,male,50-59,378,0.5165343915343915,0.2683931953350321,0.2,0.3,0.3,0.5,0.6,0.8,1.0,exploratory_unweighted_not_clinical_reference
2021-2023,BIOPRO_L,LBXSTB,male,60-69,598,0.5938294314381272,0.31033922813475284,0.2,0.3,0.4,0.5,0.7,1.0,1.2,exploratory_unweighted_not_clinical_reference
2021-2023,BIOPRO_L,LBXSTB,male,70-79,425,0.5958117647058824,0.28621120047328613,0.3,0.3,0.4,0.5,0.7,0.9,1.1799999999999955,exploratory_unweighted_not_clinical_reference
2021-2023,BIOPRO_L,LBXSTB,male,80+,143,0.6665034965034965,0.5721694060442593,0.3,0.3,0.4,0.6,0.8,1.0,1.1,exploratory_unweighted_not_clinical_reference
2021-2023,BIOPRO_L,LBDSTBSI,female,12-17,322,7.59409937888199,6.698281824798303,3.42,3.42,5.13,6.84,8.55,11.97,15.39,exploratory_unweighted_not_clinical_reference
2021-2023,BIOPRO_L,LBDSTBSI,female,18-29,397,7.180277078085643,4.359051557230015,3.42,3.42,5.13,5.13,8.55,11.97,15.39,exploratory_unweighted_not_clinical_reference
2021-2023,BIOPRO_L,LBDSTBSI,female,30-39,445,6.978337078651686,3.8657188093741515,3.42,3.42,5.13,5.13,8.55,11.97,13.68,exploratory_unweighted_not_clinical_reference
2021-2023,BIOPRO_L,LBDSTBSI,female,40-49,389,7.0949614395886895,3.7853978547323597,3.42,3.42,5.13,6.84,8.55,11.97,15.39,exploratory_unweighted_not_clinical_reference
2021-2023,BIOPRO_L,LBDSTBSI,female,50-59,454,7.3108149779735685,4.626925325277173,3.42,3.42,5.13,6.84,8.55,11.97,15.39,exploratory_unweighted_not_clinical_reference
2021-2023,BIOPRO_L,LBDSTBSI,female,60-69,716,7.58991620111732,4.646995238669035,3.42,3.42,5.13,6.84,8.55,11.97,15.39,exploratory_unweighted_not_clinical_reference
2021-2023,BIOPRO_L,LBDSTBSI,female,70-79,433,7.886535796766744,4.057971636772476,3.42,3.42,5.13,6.84,8.55,13.338000000000019,15.39,exploratory_unweighted_not_clinical_reference
2021-2023,BIOPRO_L,LBDSTBSI,female,80+,154,8.89422077922078,4.311746197447084,5.13,5.13,5.13,8.55,10.26,15.39,18.81,exploratory_unweighted_not_clinical_reference
2021-2023,BIOPRO_L,LBDSTBSI,male,12-17,326,9.35254601226994,7.323539536592275,3.42,3.42,5.13,6.84,10.26,16.245,22.23,exploratory_unweighted_not_clinical_reference
2021-2023,BIOPRO_L,LBDSTBSI,male,18-29,359,10.6458217270195,7.583387778741559,3.42,5.13,6.84,8.55,11.97,18.81,22.23,exploratory_unweighted_not_clinical_reference
2021-2023,BIOPRO_L,LBDSTBSI,male,30-39,344,10.891308139534885,17.854144949276844,3.42,5.13,5.13,8.55,11.97,15.39,20.52,exploratory_unweighted_not_clinical_reference
2021-2023,BIOPRO_L,LBDSTBSI,male,40-49,319,9.086050156739812,4.808631528810076,3.42,5.13,5.13,8.55,11.97,15.39,18.81,exploratory_unweighted_not_clinical_reference
2021-2023,BIOPRO_L,LBDSTBSI,male,50-59,373,8.925924932975871,4.548470381518835,3.42,5.13,5.13,8.55,10.26,13.68,17.1,exploratory_unweighted_not_clinical_reference
2021-2023,BIOPRO_L,LBDSTBSI,male,60-69,597,10.168341708542714,5.300409832560731,3.42,5.13,6.84,8.55,11.97,17.1,20.52,exploratory_unweighted_not_clinical_reference
2021-2023,BIOPRO_L,LBDSTBSI,male,70-79,423,10.227659574468085,4.872187287492606,5.13,5.13,6.84,8.55,11.97,15.39,20.34899999999996,exploratory_unweighted_not_clinical_reference
2021-2023,BIOPRO_L,LBDSTBSI,male,80+,142,11.464225352112676,9.785739466866836,5.13,5.13,6.84,10.26,13.68,17.1,18.81,exploratory_unweighted_not_clinical_reference
2021-2023,BIOPRO_L,LBXSCA,female,12-17,339,9.556342182890855,0.33747173586136076,9.1,9.1,9.3,9.5,9.8,10.0,10.1,exploratory_unweighted_not_clinical_reference
2021-2023,BIOPRO_L,LBXSCA,female,18-29,427,9.3615925058548,0.3455624696247982,8.9,8.96,9.1,9.4,9.6,9.8,9.9,exploratory_unweighted_not_clinical_reference
2021-2023,BIOPRO_L,LBXSCA,female,30-39,464,9.278663793103446,0.34565732775780333,8.8,8.9,9.0,9.3,9.5,9.7,9.8,exploratory_unweighted_not_clinical_reference
2021-2023,BIOPRO_L,LBXSCA,female,40-49,414,9.265942028985506,0.3848517295973626,8.7,8.8,9.0,9.2,9.5,9.8,9.9,exploratory_unweighted_not_clinical_reference
2021-2023,BIOPRO_L,LBXSCA,female,50-59,474,9.414767932489452,0.38971075215306533,8.8,9.0,9.2,9.4,9.6,9.9,10.1,exploratory_unweighted_not_clinical_reference
2021-2023,BIOPRO_L,LBXSCA,female,60-69,739,9.43423545331529,0.38565722425765353,8.9,9.0,9.2,9.4,9.7,9.9,10.1,exploratory_unweighted_not_clinical_reference
2021-2023,BIOPRO_L,LBXSCA,female,70-79,439,9.46993166287016,0.4121529893662978,8.8,8.98,9.2,9.5,9.7,10.0,10.109999999999996,exploratory_unweighted_not_clinical_reference
2021-2023,BIOPRO_L,LBXSCA,female,80+,155,9.516129032258064,0.4100180342830899,9.0,9.0,9.2,9.5,9.7,9.959999999999999,10.329999999999998,exploratory_unweighted_not_clinical_reference
2021-2023,BIOPRO_L,LBXSCA,male,12-17,331,9.706344410876133,0.31216097603815135,9.2,9.3,9.5,9.7,9.9,10.1,10.2,exploratory_unweighted_not_clinical_reference
2021-2023,BIOPRO_L,LBXSCA,male,18-29,362,9.584806629834254,0.31476340525156893,9.1,9.2,9.4,9.6,9.8,10.0,10.1,exploratory_unweighted_not_clinical_reference
2021-2023,BIOPRO_L,LBXSCA,male,30-39,347,9.489337175792508,0.32864473655076387,9.0,9.1,9.3,9.5,9.7,9.840000000000003,10.0,exploratory_unweighted_not_clinical_reference
2021-2023,BIOPRO_L,LBXSCA,male,40-49,322,9.386956521739132,0.37493599616336737,8.8,8.91,9.2,9.4,9.6,9.8,10.0,exploratory_unweighted_not_clinical_reference
2021-2023,BIOPRO_L,LBXSCA,male,50-59,379,9.365171503957784,0.372749912090674,8.790000000000001,8.9,9.1,9.4,9.6,9.8,9.9,exploratory_unweighted_not_clinical_reference
2021-2023,BIOPRO_L,LBXSCA,male,60-69,601,9.390016638935107,0.3838404612891721,8.8,8.9,9.2,9.4,9.6,9.8,10.0,exploratory_unweighted_not_clinical_reference
2021-2023,BIOPRO_L,LBXSCA,male,70-79,426,9.416666666666666,0.3712987275739566,8.9,9.0,9.2,9.4,9.6,9.8,10.0,exploratory_unweighted_not_clinical_reference
2021-2023,BIOPRO_L,LBXSCA,male,80+,143,9.368531468531467,0.3704621362910021,8.8,9.0,9.1,9.4,9.6,9.8,9.9,exploratory_unweighted_not_clinical_reference
2021-2023,BIOPRO_L,LBDSCASI,female,12-17,339,2.400589970501475,0.08702652125685675,2.3,2.3,2.3,2.4,2.5,2.5,2.5,exploratory_unweighted_not_clinical_reference
2021-2023,BIOPRO_L,LBDSCASI,female,18-29,427,2.3550351288056204,0.09137286856878285,2.2,2.2600000000000002,2.3,2.4,2.4,2.5,2.5,exploratory_unweighted_not_clinical_reference
2021-2023,BIOPRO_L,LBDSCASI,female,30-39,464,2.3321120689655173,0.09096946266172419,2.2,2.2,2.3,2.3,2.4,2.4,2.5,exploratory_unweighted_not_clinical_reference
2021-2023,BIOPRO_L,LBDSCASI,female,40-49,414,2.328260869565217,0.09938488572769213,2.2,2.2,2.3,2.3,2.4,2.5,2.5,exploratory_unweighted_not_clinical_reference
2021-2023,BIOPRO_L,LBDSCASI,female,50-59,474,2.3666666666666667,0.10108641702442421,2.2,2.3,2.3,2.4,2.4,2.5,2.5,exploratory_unweighted_not_clinical_reference
2021-2023,BIOPRO_L,LBDSCASI,female,60-69,739,2.3709066305818673,0.10057081366038488,2.2,2.3,2.3,2.4,2.4,2.5,2.5,exploratory_unweighted_not_clinical_reference
2021-2023,BIOPRO_L,LBDSCASI,female,70-79,439,2.3794988610478356,0.10785888113970477,2.2,2.2800000000000002,2.3,2.4,2.4,2.5,2.5099999999999967,exploratory_unweighted_not_clinical_reference
2021-2023,BIOPRO_L,LBDSCASI,female,80+,155,2.394193548387097,0.10397221761619062,2.3,2.3,2.3,2.4,2.4,2.5,2.6,exploratory_unweighted_not_clinical_reference
2021-2023,BIOPRO_L,LBDSCASI,male,12-17,331,2.4407854984894257,0.08310992666511664,2.3,2.3,2.4,2.4,2.5,2.5,2.6,exploratory_unweighted_not_clinical_reference
2021-2023,BIOPRO_L,LBDSCASI,male,18-29,362,2.407458563535912,0.08271470640094525,2.3,2.3,2.4,2.4,2.5,2.5,2.5,exploratory_unweighted_not_clinical_reference
2021-2023,BIOPRO_L,LBDSCASI,male,30-39,347,2.3850144092219017,0.0850378176319948,2.3,2.3,2.3,2.4,2.4,2.5,2.5,exploratory_unweighted_not_clinical_reference
2021-2023,BIOPRO_L,LBDSCASI,male,40-49,322,2.3580745341614904,0.09865143981151579,2.2,2.2100000000000004,2.3,2.4,2.4,2.5,2.5,exploratory_unweighted_not_clinical_reference
2021-2023,BIOPRO_L,LBDSCASI,male,50-59,379,2.354353562005277,0.09759429875754508,2.2,2.2,2.3,2.4,2.4,2.5,2.5,exploratory_unweighted_not_clinical_reference
2021-2023,BIOPRO_L,LBDSCASI,male,60-69,601,2.36089850249584,0.10207117458463519,2.2,2.2,2.3,2.4,2.4,2.5,2.5,exploratory_unweighted_not_clinical_reference
2021-2023,BIOPRO_L,LBDSCASI,male,70-79,426,2.365492957746479,0.10014984630540308,2.2,2.3,2.3,2.4,2.4,2.5,2.5,exploratory_unweighted_not_clinical_reference
2021-2023,BIOPRO_L,LBDSCASI,male,80+,143,2.3573426573426577,0.09530492981168356,2.2,2.3,2.3,2.4,2.4,2.5,2.5,exploratory_unweighted_not_clinical_reference
2021-2023,BIOPRO_L,LBXSCH,female,12-17,338,156.2130177514793,27.52870973563568,118.0,125.7,138.0,153.0,173.0,191.3,199.0,exploratory_unweighted_not_clinical_reference
2021-2023,BIOPRO_L,LBXSCH,female,18-29,420,173.2404761904762,36.17039731296125,124.95,132.9,148.0,170.5,191.0,221.10000000000002,236.0,exploratory_unweighted_not_clinical_reference
2021-2023,BIOPRO_L,LBXSCH,female,30-39,463,185.69546436285097,33.5175233769272,135.0,146.0,165.0,184.0,205.0,223.8,243.0,exploratory_unweighted_not_clinical_reference
2021-2023,BIOPRO_L,LBXSCH,female,40-49,409,196.01466992665036,38.835560568349486,136.4,149.0,170.0,195.0,220.0,244.0,256.59999999999997,exploratory_unweighted_not_clinical_reference
2021-2023,BIOPRO_L,LBXSCH,female,50-59,470,204.74255319148935,46.02001624713196,136.0,150.0,177.0,199.0,231.0,260.0,276.0,exploratory_unweighted_not_clinical_reference
2021-2023,BIOPRO_L,LBXSCH,female,60-69,733,203.6507503410641,43.7443609494227,132.6,147.2,173.0,202.0,235.0,260.0,272.4,exploratory_unweighted_not_clinical_reference
2021-2023,BIOPRO_L,LBXSCH,female,70-79,440,194.38863636363635,43.013017661415844,131.9,144.0,164.0,192.0,220.0,252.10000000000002,270.14999999999986,exploratory_unweighted_not_clinical_reference
2021-2023,BIOPRO_L,LBXSCH,female,80+,155,183.36774193548388,41.999693776688034,128.0,136.4,150.5,177.0,208.0,237.2,264.0999999999999,exploratory_unweighted_not_clinical_reference
2021-2023,BIOPRO_L,LBXSCH,male,12-17,330,152.22121212121212,29.040839680473514,108.45,119.0,131.0,149.0,170.0,191.10000000000002,205.10000000000002,exploratory_unweighted_not_clinical_reference
2021-2023,BIOPRO_L,LBXSCH,male,18-29,359,169.70473537604457,34.422477956805515,119.0,128.0,144.0,166.0,191.0,217.2,231.0,exploratory_unweighted_not_clinical_reference
2021-2023,BIOPRO_L,LBXSCH,male,30-39,345,191.9304347826087,41.33936164276542,128.0,141.4,164.0,190.0,218.0,245.4000000000001,261.0,exploratory_unweighted_not_clinical_reference
2021-2023,BIOPRO_L,LBXSCH,male,40-49,322,201.416149068323,42.87365470764267,131.1,150.2,173.0,199.0,233.0,257.80000000000007,267.95,exploratory_unweighted_not_clinical_reference
2021-2023,BIOPRO_L,LBXSCH,male,50-59,378,194.3968253968254,48.541225777422824,126.7,137.7,162.25,191.0,218.0,253.3,269.44999999999993,exploratory_unweighted_not_clinical_reference
2021-2023,BIOPRO_L,LBXSCH,male,60-69,598,182.48327759197323,42.45950544506768,119.0,128.0,150.0,182.0,211.75,236.0,254.0,exploratory_unweighted_not_clinical_reference
2021-2023,BIOPRO_L,LBXSCH,male,70-79,425,168.4258823529412,38.48627283134066,110.4,122.0,138.0,167.0,194.0,220.60000000000002,233.79999999999995,exploratory_unweighted_not_clinical_reference
2021-2023,BIOPRO_L,LBXSCH,male,80+,143,159.72727272727272,34.115211141688654,111.1,122.2,136.0,158.0,178.5,208.0,222.10000000000005,exploratory_unweighted_not_clinical_reference
2021-2023,BIOPRO_L,LBDSCHSI,female,12-17,338,4.045887573964497,0.712935969440239,3.06,3.254,3.57,3.96,4.48,4.956,5.15,exploratory_unweighted_not_clinical_reference
2021-2023,BIOPRO_L,LBDSCHSI,female,18-29,420,4.4869047619047615,0.9366262212104106,3.2385,3.438,3.83,4.415,4.95,5.723000000000001,6.11,exploratory_unweighted_not_clinical_reference
2021-2023,BIOPRO_L,LBDSCHSI,female,30-39,463,4.809524838012959,0.8680189609619884,3.5,3.78,4.27,4.77,5.31,5.796,6.29,exploratory_unweighted_not_clinical_reference
2021-2023,BIOPRO_L,LBDSCHSI,female,40-49,409,5.0767481662591685,1.005902403197079,3.532,3.86,4.4,5.05,5.7,6.32,6.647999999999999,exploratory_unweighted_not_clinical_reference
2021-2023,BIOPRO_L,LBDSCHSI,female,50-59,470,5.302787234042553,1.19210913833612,3.52,3.89,4.58,5.15,5.98,6.73,7.15,exploratory_unweighted_not_clinical_reference
2021-2023,BIOPRO_L,LBDSCHSI,female,60-69,733,5.274556616643929,1.1329132021626542,3.432,3.814,4.48,5.23,6.09,6.73,7.052,exploratory_unweighted_not_clinical_reference
2021-2023,BIOPRO_L,LBDSCHSI,female,70-79,440,5.034681818181818,1.1140690214858773,3.4175,3.73,4.25,4.97,5.7,6.532000000000001,6.993999999999996,exploratory_unweighted_not_clinical_reference
2021-2023,BIOPRO_L,LBDSCHSI,female,80+,155,4.749548387096774,1.087938203659173,3.32,3.532,3.9000000000000004,4.58,5.390000000000001,6.14,6.843999999999997,exploratory_unweighted_not_clinical_reference
2021-2023,BIOPRO_L,LBDSCHSI,male,12-17,330,3.9426969696969696,0.752085852664457,2.8089999999999997,3.08,3.39,3.86,4.4,4.952000000000001,5.313000000000001,exploratory_unweighted_not_clinical_reference
2021-2023,BIOPRO_L,LBDSCHSI,male,18-29,359,4.395487465181058,0.8916457223113798,3.08,3.32,3.73,4.3,4.95,5.6259999999999994,5.98,exploratory_unweighted_not_clinical_reference
2021-2023,BIOPRO_L,LBDSCHSI,male,30-39,345,4.971101449275363,1.0705494425126625,3.32,3.662,4.25,4.92,5.65,6.3560000000000025,6.76,exploratory_unweighted_not_clinical_reference
2021-2023,BIOPRO_L,LBDSCHSI,male,40-49,322,5.216801242236024,1.1105470085465083,3.3925,3.895,4.48,5.15,6.03,6.675000000000002,6.939,exploratory_unweighted_not_clinical_reference
2021-2023,BIOPRO_L,LBDSCHSI,male,50-59,378,5.035,1.257115609310621,3.2825,3.564,4.205,4.95,5.65,6.559,6.980499999999998,exploratory_unweighted_not_clinical_reference
2021-2023,BIOPRO_L,LBDSCHSI,male,60-69,598,4.726454849498328,1.099673382513769,3.08,3.32,3.89,4.71,5.4825,6.11,6.58,exploratory_unweighted_not_clinical_reference
2021-2023,BIOPRO_L,LBDSCHSI,male,70-79,425,4.362188235294117,0.9966532024698164,2.8600000000000003,3.16,3.57,4.33,5.02,5.712000000000001,6.0539999999999985,exploratory_unweighted_not_clinical_reference
2021-2023,BIOPRO_L,LBDSCHSI,male,80+,143,4.136853146853146,0.8832561553868503,2.873,3.166,3.52,4.09,4.62,5.39,5.756000000000002,exploratory_unweighted_not_clinical_reference
2021-2023,BIOPRO_L,LBXSTP,female,12-17,339,7.323303834808261,0.36571199788829994,6.7,6.8,7.1,7.3,7.6,7.8,7.9,exploratory_unweighted_not_clinical_reference
2021-2023,BIOPRO_L,LBXSTP,female,18-29,427,7.243793911007025,0.4049895780962678,6.6,6.8,7.0,7.2,7.5,7.7,7.9,exploratory_unweighted_not_clinical_reference
2021-2023,BIOPRO_L,LBXSTP,female,30-39,464,7.180603448275861,0.42575160584558264,6.415000000000001,6.7,6.9,7.2,7.425000000000001,7.7,7.9,exploratory_unweighted_not_clinical_reference
2021-2023,BIOPRO_L,LBXSTP,female,40-49,414,7.13768115942029,0.4062829019287189,6.565,6.7,6.9,7.1,7.4,7.6,7.8,exploratory_unweighted_not_clinical_reference
2021-2023,BIOPRO_L,LBXSTP,female,50-59,474,7.150210970464134,0.47478709794847773,6.5,6.6,6.8,7.1,7.4,7.7,7.934999999999997,exploratory_unweighted_not_clinical_reference
2021-2023,BIOPRO_L,LBXSTP,female,60-69,740,7.057297297297297,0.4288805874771465,6.4,6.6,6.8,7.0,7.3,7.6,7.8,exploratory_unweighted_not_clinical_reference
2021-2023,BIOPRO_L,LBXSTP,female,70-79,441,6.977777777777777,0.4163210687957461,6.4,6.5,6.7,7.0,7.2,7.5,7.7,exploratory_unweighted_not_clinical_reference
2021-2023,BIOPRO_L,LBXSTP,female,80+,155,6.925806451612903,0.4691576742788397,6.17,6.34,6.6,6.9,7.2,7.5,7.8,exploratory_unweighted_not_clinical_reference
2021-2023,BIOPRO_L,LBXSTP,male,12-17,331,7.38761329305136,0.3865904359345853,6.8,6.9,7.1,7.4,7.6,7.9,8.0,exploratory_unweighted_not_clinical_reference
2021-2023,BIOPRO_L,LBXSTP,male,18-29,362,7.371546961325967,0.38746614078380937,6.8,6.9,7.1,7.4,7.6,7.8,8.0,exploratory_unweighted_not_clinical_reference
2021-2023,BIOPRO_L,LBXSTP,male,30-39,346,7.305202312138728,0.3925045401312245,6.7,6.8,7.1,7.3,7.6,7.8,7.9,exploratory_unweighted_not_clinical_reference
2021-2023,BIOPRO_L,LBXSTP,male,40-49,322,7.241925465838508,0.4407724959446159,6.5,6.7,7.0,7.2,7.5,7.8,8.0,exploratory_unweighted_not_clinical_reference
2021-2023,BIOPRO_L,LBXSTP,male,50-59,379,7.174142480211081,0.4004184197344265,6.49,6.7,6.9,7.2,7.4,7.619999999999998,7.9,exploratory_unweighted_not_clinical_reference
2021-2023,BIOPRO_L,LBXSTP,male,60-69,601,7.151414309484193,0.44564802598189984,6.5,6.6,6.9,7.1,7.4,7.7,7.9,exploratory_unweighted_not_clinical_reference
2021-2023,BIOPRO_L,LBXSTP,male,70-79,426,7.047652582159625,0.47120035099896945,6.325,6.5,6.8,7.0,7.3,7.6,7.8,exploratory_unweighted_not_clinical_reference
2021-2023,BIOPRO_L,LBXSTP,male,80+,143,6.944755244755245,0.47997627900282464,6.2,6.4,6.7,6.9,7.2,7.5,7.7,exploratory_unweighted_not_clinical_reference
2021-2023,BIOPRO_L,LBDSTPSI,female,12-17,339,73.2330383480826,3.6571199788829993,67.0,68.0,71.0,73.0,76.0,78.0,79.0,exploratory_unweighted_not_clinical_reference
2021-2023,BIOPRO_L,LBDSTPSI,female,18-29,427,72.43793911007026,4.049895780962678,66.0,68.0,70.0,72.0,75.0,77.0,79.0,exploratory_unweighted_not_clinical_reference
2021-2023,BIOPRO_L,LBDSTPSI,female,30-39,464,71.80603448275862,4.257516058455826,64.15,67.0,69.0,72.0,74.25,77.0,79.0,exploratory_unweighted_not_clinical_reference
2021-2023,BIOPRO_L,LBDSTPSI,female,40-49,414,71.3768115942029,4.0628290192871885,65.65,67.0,69.0,71.0,74.0,76.0,78.0,exploratory_unweighted_not_clinical_reference
2021-2023,BIOPRO_L,LBDSTPSI,female,50-59,474,71.50210970464136,4.7478709794847775,65.0,66.0,68.0,71.0,74.0,77.0,79.34999999999997,exploratory_unweighted_not_clinical_reference
2021-2023,BIOPRO_L,LBDSTPSI,female,60-69,740,70.57297297297298,4.288805874771466,64.0,66.0,68.0,70.0,73.0,76.0,78.0,exploratory_unweighted_not_clinical_reference
2021-2023,BIOPRO_L,LBDSTPSI,female,70-79,441,69.77777777777777,4.16321068795746,64.0,65.0,67.0,70.0,72.0,75.0,77.0,exploratory_unweighted_not_clinical_reference
2021-2023,BIOPRO_L,LBDSTPSI,female,80+,155,69.25806451612904,4.6915767427883965,61.7,63.4,66.0,69.0,72.0,75.0,78.0,exploratory_unweighted_not_clinical_reference
2021-2023,BIOPRO_L,LBDSTPSI,male,12-17,331,73.87613293051359,3.8659043593458526,68.0,69.0,71.0,74.0,76.0,79.0,80.0,exploratory_unweighted_not_clinical_reference
2021-2023,BIOPRO_L,LBDSTPSI,male,18-29,362,73.71546961325967,3.8746614078380937,68.0,69.0,71.0,74.0,76.0,78.0,80.0,exploratory_unweighted_not_clinical_reference
2021-2023,BIOPRO_L,LBDSTPSI,male,30-39,346,73.05202312138728,3.925045401312245,67.0,68.0,71.0,73.0,76.0,78.0,79.0,exploratory_unweighted_not_clinical_reference
2021-2023,BIOPRO_L,LBDSTPSI,male,40-49,322,72.4192546583851,4.40772495944616,65.0,67.0,70.0,72.0,75.0,78.0,80.0,exploratory_unweighted_not_clinical_reference
2021-2023,BIOPRO_L,LBDSTPSI,male,50-59,379,71.74142480211081,4.004184197344265,64.9,67.0,69.0,72.0,74.0,76.19999999999999,79.0,exploratory_unweighted_not_clinical_reference
2021-2023,BIOPRO_L,LBDSTPSI,male,60-69,601,71.51414309484193,4.456480259818998,65.0,66.0,69.0,71.0,74.0,77.0,79.0,exploratory_unweighted_not_clinical_reference
2021-2023,BIOPRO_L,LBDSTPSI,male,70-79,426,70.47652582159624,4.712003509989695,63.25,65.0,68.0,70.0,73.0,76.0,78.0,exploratory_unweighted_not_clinical_reference
2021-2023,BIOPRO_L,LBDSTPSI,male,80+,143,69.44755244755245,4.799762790028248,62.0,64.0,67.0,69.0,72.0,75.0,77.0,exploratory_unweighted_not_clinical_reference
2021-2023,BIOPRO_L,LBXSTR,female,12-17,338,86.13313609467455,41.13143905290727,43.0,47.0,58.0,78.0,103.75,138.3,158.44999999999993,exploratory_unweighted_not_clinical_reference
2021-2023,BIOPRO_L,LBXSTR,female,18-29,427,93.77751756440281,58.38639834869853,41.0,47.6,58.0,79.0,109.0,155.0,184.19999999999993,exploratory_unweighted_not_clinical_reference
2021-2023,BIOPRO_L,LBXSTR,female,30-39,464,114.76077586206897,69.94358180169121,48.0,53.300000000000004,70.0,95.5,136.5,193.0,235.69999999999993,exploratory_unweighted_not_clinical_reference
2021-2023,BIOPRO_L,LBXSTR,female,40-49,414,119.1376811594203,71.49793258281825,52.0,57.0,73.0,100.5,137.0,204.0,253.64999999999935,exploratory_unweighted_not_clinical_reference
2021-2023,BIOPRO_L,LBXSTR,female,50-59,473,141.97251585623678,90.64671882010938,57.0,64.2,85.0,117.0,167.0,246.0,302.79999999999995,exploratory_unweighted_not_clinical_reference
2021-2023,BIOPRO_L,LBXSTR,female,60-69,738,138.29268292682926,76.07609541598421,58.0,67.0,88.0,119.5,167.75,230.0,290.0,exploratory_unweighted_not_clinical_reference
2021-2023,BIOPRO_L,LBXSTR,female,70-79,441,134.94331065759638,78.73799450719224,60.0,72.0,88.0,115.0,161.0,218.0,251.0,exploratory_unweighted_not_clinical_reference
2021-2023,BIOPRO_L,LBXSTR,female,80+,155,123.0516129032258,69.74180522995013,59.7,65.4,80.0,111.0,144.5,198.19999999999996,221.29999999999998,exploratory_unweighted_not_clinical_reference
2021-2023,BIOPRO_L,LBXSTR,male,12-17,332,93.2289156626506,53.77177356808606,41.55,45.0,57.0,78.0,112.0,160.90000000000003,196.5999999999999,exploratory_unweighted_not_clinical_reference
2021-2023,BIOPRO_L,LBXSTR,male,18-29,362,109.67127071823204,90.21982819474239,39.05,47.0,60.0,89.0,133.0,187.90000000000003,229.89999999999998,exploratory_unweighted_not_clinical_reference
2021-2023,BIOPRO_L,LBXSTR,male,30-39,344,149.24418604651163,111.08935137727204,47.0,55.300000000000004,76.75,123.5,181.0,261.19999999999993,340.1999999999996,exploratory_unweighted_not_clinical_reference
2021-2023,BIOPRO_L,LBXSTR,male,40-49,322,171.28571428571428,159.47268747573773,54.0,63.2,87.0,128.0,200.5,306.5000000000005,436.79999999999995,exploratory_unweighted_not_clinical_reference
2021-2023,BIOPRO_L,LBXSTR,male,50-59,379,162.88390501319262,146.30772176908775,59.900000000000006,72.0,90.0,123.0,181.5,291.5999999999999,367.7999999999997,exploratory_unweighted_not_clinical_reference
2021-2023,BIOPRO_L,LBXSTR,male,60-69,601,140.98169717138103,97.56171379071544,55.0,62.0,80.0,112.0,167.0,249.0,323.0,exploratory_unweighted_not_clinical_reference
2021-2023,BIOPRO_L,LBXSTR,male,70-79,426,129.56572769953053,79.09813204642644,53.0,61.0,78.25,106.5,154.0,226.5,271.75,exploratory_unweighted_not_clinical_reference
2021-2023,BIOPRO_L,LBXSTR,male,80+,143,115.91608391608392,56.33170079212728,55.1,62.0,78.0,98.0,147.5,185.2,200.0,exploratory_unweighted_not_clinical_reference
2021-2023,BIOPRO_L,LBDSTRSI,female,12-17,338,0.9734023668639052,0.4644264746761731,0.49,0.53,0.66,0.88,1.1749999999999998,1.5630000000000002,1.7944999999999993,exploratory_unweighted_not_clinical_reference
2021-2023,BIOPRO_L,LBDSTRSI,female,18-29,427,1.0595784543325526,0.659393169814902,0.46,0.536,0.66,0.89,1.23,1.75,2.0789999999999993,exploratory_unweighted_not_clinical_reference
2021-2023,BIOPRO_L,LBDSTRSI,female,30-39,464,1.2968318965517243,0.7903503377271521,0.54,0.603,0.79,1.0750000000000002,1.545,2.18,2.665499999999999,exploratory_unweighted_not_clinical_reference
2021-2023,BIOPRO_L,LBDSTRSI,female,40-49,414,1.3463768115942032,0.8081212558810458,0.59,0.64,0.82,1.1349999999999998,1.55,2.31,2.8669999999999924,exploratory_unweighted_not_clinical_reference
2021-2023,BIOPRO_L,LBDSTRSI,female,50-59,473,1.6042071881606765,1.0244787096243848,0.64,0.722,0.96,1.32,1.89,2.78,3.4219999999999993,exploratory_unweighted_not_clinical_reference
2021-2023,BIOPRO_L,LBDSTRSI,female,60-69,738,1.5629403794037942,0.8596516597365352,0.66,0.76,0.99,1.35,1.8975,2.6,3.28,exploratory_unweighted_not_clinical_reference
2021-2023,BIOPRO_L,LBDSTRSI,female,70-79,441,1.5248299319727892,0.8896467790453002,0.68,0.81,0.99,1.3,1.82,2.46,2.84,exploratory_unweighted_not_clinical_reference
2021-2023,BIOPRO_L,LBDSTRSI,female,80+,155,1.3905161290322579,0.7882413381735937,0.677,0.738,0.9,1.25,1.6349999999999998,2.2379999999999995,2.5029999999999997,exploratory_unweighted_not_clinical_reference
2021-2023,BIOPRO_L,LBDSTRSI,male,12-17,332,1.0535843373493974,0.6075408174184422,0.4655,0.51,0.64,0.88,1.27,1.8190000000000004,2.220499999999999,exploratory_unweighted_not_clinical_reference
2021-2023,BIOPRO_L,LBDSTRSI,male,18-29,362,1.2393093922651934,1.019682650306145,0.4405,0.53,0.68,1.01,1.5,2.119,2.5989999999999998,exploratory_unweighted_not_clinical_reference
2021-2023,BIOPRO_L,LBDSTRSI,male,30-39,344,1.6865406976744184,1.255340757788077,0.53,0.623,0.8674999999999999,1.395,2.05,2.9489999999999994,3.8404999999999956,exploratory_unweighted_not_clinical_reference
2021-2023,BIOPRO_L,LBDSTRSI,male,40-49,322,1.9355900621118012,1.8020621087766286,0.61,0.712,0.98,1.45,2.265,3.463000000000006,4.9375,exploratory_unweighted_not_clinical_reference
2021-2023,BIOPRO_L,LBDSTRSI,male,50-59,379,1.8408179419525068,1.6533148091944174,0.679,0.81,1.02,1.39,2.0549999999999997,3.2979999999999987,4.158999999999997,exploratory_unweighted_not_clinical_reference
2021-2023,BIOPRO_L,LBDSTRSI,male,60-69,601,1.5931114808652245,1.1023484639099548,0.62,0.7,0.9,1.27,1.89,2.81,3.65,exploratory_unweighted_not_clinical_reference
2021-2023,BIOPRO_L,LBDSTRSI,male,70-79,426,1.46406103286385,0.8937593759779965,0.6,0.69,0.8825000000000001,1.205,1.74,2.5599999999999996,3.0675,exploratory_unweighted_not_clinical_reference
2021-2023,BIOPRO_L,LBDSTRSI,male,80+,143,1.3097202797202796,0.6366217441693435,0.621,0.7,0.88,1.11,1.665,2.092,2.26,exploratory_unweighted_not_clinical_reference
2021-2023,BIOPRO_L,LBXSUA,female,12-17,338,4.262426035502958,0.8895583051113314,2.8,3.1,3.7,4.3,4.875,5.4,5.7,exploratory_unweighted_not_clinical_reference
2021-2023,BIOPRO_L,LBXSUA,female,18-29,420,4.322380952380953,1.0526357633260335,2.795,3.1,3.6,4.2,5.0,5.610000000000002,6.104999999999995,exploratory_unweighted_not_clinical_reference
2021-2023,BIOPRO_L,LBXSUA,female,30-39,463,4.447732181425486,1.1439423732103744,2.8,3.1,3.7,4.3,5.0,6.0,6.589999999999997,exploratory_unweighted_not_clinical_reference
2021-2023,BIOPRO_L,LBXSUA,female,40-49,409,4.293398533007335,1.1504178439950228,2.7,3.0,3.5,4.1,5.0,5.9,6.5,exploratory_unweighted_not_clinical_reference
2021-2023,BIOPRO_L,LBXSUA,female,50-59,470,4.702553191489362,1.2699385813349113,2.845,3.2900000000000005,3.8,4.55,5.5,6.3,6.854999999999996,exploratory_unweighted_not_clinical_reference
2021-2023,BIOPRO_L,LBXSUA,female,60-69,733,4.819781718963165,1.3127387449136967,2.9,3.3,3.9,4.7,5.6,6.4,7.039999999999997,exploratory_unweighted_not_clinical_reference
2021-2023,BIOPRO_L,LBXSUA,female,70-79,440,4.8950000000000005,1.4389228127484242,3.0,3.4,4.0,4.6,5.5,6.8,7.6,exploratory_unweighted_not_clinical_reference
2021-2023,BIOPRO_L,LBXSUA,female,80+,155,5.0438709677419356,1.4815788292893524,3.2,3.5,4.1,4.8,5.75,6.9,7.8,exploratory_unweighted_not_clinical_reference
2021-2023,BIOPRO_L,LBXSUA,male,12-17,330,5.6027272727272734,1.3302278816755677,3.5,4.09,4.725,5.45,6.4,7.3,7.8,exploratory_unweighted_not_clinical_reference
2021-2023,BIOPRO_L,LBXSUA,male,18-29,359,5.871866295264624,1.2642990523625934,4.09,4.4,5.0,5.8,6.5,7.5,8.0,exploratory_unweighted_not_clinical_reference
2021-2023,BIOPRO_L,LBXSUA,male,30-39,346,5.98063583815029,1.304596400597148,4.025,4.5,5.1,5.9,6.8,7.65,8.2,exploratory_unweighted_not_clinical_reference
2021-2023,BIOPRO_L,LBXSUA,male,40-49,322,5.782298136645963,1.2349645263094091,3.8,4.2,5.0,5.7,6.6,7.3,7.794999999999999,exploratory_unweighted_not_clinical_reference
2021-2023,BIOPRO_L,LBXSUA,male,50-59,378,5.784126984126984,1.3513376435232913,3.6,4.1,5.0,5.8,6.6,7.5,7.9,exploratory_unweighted_not_clinical_reference
2021-2023,BIOPRO_L,LBXSUA,male,60-69,598,5.7061872909699,1.3610562869035272,3.7,4.07,4.8,5.6,6.5,7.3,8.014999999999997,exploratory_unweighted_not_clinical_reference
2021-2023,BIOPRO_L,LBXSUA,male,70-79,425,5.742823529411765,1.2458995119128524,3.9,4.24,4.9,5.7,6.4,7.3,8.0,exploratory_unweighted_not_clinical_reference
2021-2023,BIOPRO_L,LBXSUA,male,80+,143,5.688111888111889,1.4001252212856579,3.5,4.14,4.9,5.6,6.45,7.1,8.2,exploratory_unweighted_not_clinical_reference
2021-2023,BIOPRO_L,LBDSUASI,female,12-17,338,253.5275147928994,52.914073285553435,166.5,184.4,220.1,255.8,290.0,321.2,339.0,exploratory_unweighted_not_clinical_reference
2021-2023,BIOPRO_L,LBDSUASI,female,18-29,420,257.0942857142857,62.61084235684873,166.205,184.4,214.1,249.8,297.4,333.69000000000017,363.09999999999974,exploratory_unweighted_not_clinical_reference
2021-2023,BIOPRO_L,LBDSUASI,female,30-39,463,264.55442764578834,68.04468592257275,166.5,184.4,220.1,255.8,297.4,356.9,391.9999999999999,exploratory_unweighted_not_clinical_reference
2021-2023,BIOPRO_L,LBDSUASI,female,40-49,409,255.37090464547677,68.43060073586793,160.6,178.4,208.2,243.9,297.4,350.9,386.6,exploratory_unweighted_not_clinical_reference
2021-2023,BIOPRO_L,LBDSUASI,female,50-59,470,279.70978723404255,75.5369062845577,169.20000000000002,195.70000000000005,226.0,270.65,327.1,374.7,407.7449999999997,exploratory_unweighted_not_clinical_reference
2021-2023,BIOPRO_L,LBDSUASI,female,60-69,733,286.68117326057296,78.0822090260076,172.5,196.3,232.0,279.6,333.1,380.7,418.7599999999999,exploratory_unweighted_not_clinical_reference
2021-2023,BIOPRO_L,LBDSUASI,female,70-79,440,291.1531818181818,85.5845066602932,178.4,202.2,237.9,273.6,327.1,404.5,452.0,exploratory_unweighted_not_clinical_reference
2021-2023,BIOPRO_L,LBDSUASI,female,80+,155,300.0058064516129,88.12265451513285,190.3,208.2,243.9,285.5,342.0,410.4,463.9,exploratory_unweighted_not_clinical_reference
2021-2023,BIOPRO_L,LBDSUASI,male,12-17,330,333.2490909090909,79.12374258405897,208.2,243.3,281.07500000000005,324.15,380.7,434.2,463.9,exploratory_unweighted_not_clinical_reference
2021-2023,BIOPRO_L,LBDSUASI,male,18-29,359,349.25766016713095,75.20128476471714,243.3,261.7,297.4,345.0,386.6,446.1,475.8,exploratory_unweighted_not_clinical_reference
2021-2023,BIOPRO_L,LBDSUASI,male,30-39,346,355.728612716763,77.59948764835536,239.4,267.7,303.3,350.9,404.5,455.0,487.7,exploratory_unweighted_not_clinical_reference
2021-2023,BIOPRO_L,LBDSUASI,male,40-49,322,343.93229813664595,73.45762344833375,226.0,249.8,297.4,339.0,392.6,434.2,463.6049999999999,exploratory_unweighted_not_clinical_reference
2021-2023,BIOPRO_L,LBDSUASI,male,50-59,378,344.03915343915344,80.37900210989989,214.1,243.9,297.4,345.0,392.6,446.1,469.9,exploratory_unweighted_not_clinical_reference
2021-2023,BIOPRO_L,LBDSUASI,male,60-69,598,339.4031772575251,80.95635157855065,220.1,242.10000000000002,285.5,333.1,386.6,434.2,476.6999999999999,exploratory_unweighted_not_clinical_reference
2021-2023,BIOPRO_L,LBDSUASI,male,70-79,425,341.58094117647056,74.10462000887169,232.0,252.20000000000005,291.5,339.0,380.7,434.2,475.8,exploratory_unweighted_not_clinical_reference
2021-2023,BIOPRO_L,LBDSUASI,male,80+,143,338.33076923076925,83.27717610889387,208.2,246.28000000000003,291.5,333.1,383.65,422.3,487.7,exploratory_unweighted_not_clinical_reference
2021-2023,CBC_L,WTPH2YR,female,0-11,756,28076.849206349198,34927.59389503683,5.397605346934028e-79,5.397605346934028e-79,5.397605346934028e-79,21749.305485552773,42890.29797270256,70318.79000884068,94621.87881886952,exploratory_unweighted_not_clinical_reference
2021-2023,CBC_L,WTPH2YR,female,12-17,438,29284.021556688043,23657.814798121042,5.397605346934028e-79,5.397605346934028e-79,14287.255256113724,23794.10060461281,40593.22672389641,62827.09369084728,71568.23538755375,exploratory_unweighted_not_clinical_reference
2021-2023,CBC_L,WTPH2YR,female,18-29,499,51021.73859352831,39058.20700469931,5.397605346934028e-79,11768.44109860592,23844.418207840765,43647.056003047626,67217.28355403393,100289.98759207192,128336.63549154904,exploratory_unweighted_not_clinical_reference
2021-2023,CBC_L,WTPH2YR,female,30-39,516,43393.53682170544,31693.975812695295,5.397605346934028e-79,13927.212168779075,21624.167446518906,36448.811019791756,55777.374627015466,85044.8908088633,109309.55627492844,exploratory_unweighted_not_clinical_reference
2021-2023,CBC_L,WTPH2YR,female,40-49,452,43941.750257295564,28891.769817345452,10792.575207112412,15717.438674472618,23793.68219926675,36216.990236686484,57579.15505490968,81630.31837289427,97702.80887895146,exploratory_unweighted_not_clinical_reference
2021-2023,CBC_L,WTPH2YR,female,50-59,512,42506.68922598123,30200.22160841782,10863.132011964406,14636.012479722349,20773.94432627286,34494.97445036457,54440.104631345035,85949.60514306882,104362.19763901073,exploratory_unweighted_not_clinical_reference
2021-2023,CBC_L,WTPH2YR,female,60-69,820,25231.174390243916,14793.423867728186,7723.012115210388,11186.932061608875,15249.661412625515,22012.241623617818,32394.311162393395,44272.42544599302,54685.887955632534,exploratory_unweighted_not_clinical_reference
2021-2023,CBC_L,WTPH2YR,female,70-79,500,27510.163254846153,15442.873390482779,10359.760370526588,12405.976073044654,16685.05336940466,24411.363925408757,35670.923164091364,45759.78479775405,58429.897096126995,exploratory_unweighted_not_clinical_reference
2021-2023,CBC_L,WTPH2YR,female,80+,180,36969.035403205104,21912.185344482277,11650.975943965916,17157.04716048997,22121.012247629566,32395.513124362456,50511.49807377878,64095.32367035081,79122.19786764371,exploratory_unweighted_not_clinical_reference
2021-2023,CBC_L,WTPH2YR,male,0-11,772,28993.48575129534,35513.67999957242,5.397605346934028e-79,5.397605346934028e-79,5.397605346934028e-79,22760.352176369557,44259.07533750527,73008.34251405005,95113.29418607093,exploratory_unweighted_not_clinical_reference
2021-2023,CBC_L,WTPH2YR,male,12-17,424,31907.01362946765,25663.326935757766,5.397605346934028e-79,5.397605346934028e-79,15606.758895500498,27455.668363404224,43446.26659082035,65543.37916573846,83622.4142451678,exploratory_unweighted_not_clinical_reference
2021-2023,CBC_L,WTPH2YR,male,18-29,428,59457.393039966606,47780.1087821328,5.397605346934028e-79,12323.111508249036,28266.396071652776,47209.22099565486,79920.62908524166,122657.4883622632,160003.2773983641,exploratory_unweighted_not_clinical_reference
2021-2023,CBC_L,WTPH2YR,male,30-39,389,56496.0,38955.57535357022,5.397605346934028e-79,18892.845013632705,31167.768767369336,46148.24998181362,72879.8043621448,107187.83764823833,135487.92551271713,exploratory_unweighted_not_clinical_reference
2021-2023,CBC_L,WTPH2YR,male,40-49,348,56550.92605868841,34629.56006311906,14402.940535895636,20212.937643749137,30945.60524990008,47434.95118485781,75419.42084134214,101262.06486917121,128919.88039132435,exploratory_unweighted_not_clinical_reference
2021-2023,CBC_L,WTPH2YR,male,50-59,421,49486.26064507467,36670.05160994841,5.397605346934028e-79,14224.15203414109,23184.75901259775,40676.0870667034,66457.47855278173,101028.44323036204,125006.24804956155,exploratory_unweighted_not_clinical_reference
2021-2023,CBC_L,WTPH2YR,male,60-69,659,28792.992412746593,16589.510760815323,6699.168388826386,10839.427708548596,17564.075680116046,26085.020506913108,38554.83483684766,50984.78429809858,58568.724268321814,exploratory_unweighted_not_clinical_reference
2021-2023,CBC_L,WTPH2YR,male,70-79,451,25619.44002498151,13283.242207042294,10605.598683175747,12442.503095383372,16357.733787364872,22133.471893698206,32866.59715723893,45290.53858442732,50946.68816256723,exploratory_unweighted_not_clinical_reference
2021-2023,CBC_L,WTPH2YR,male,80+,162,28366.947831687277,16817.954960853716,5.397605346934028e-79,9854.420056374076,17654.5622176608,25575.8086983697,38591.170371510816,48058.975958098235,59548.38083054306,exploratory_unweighted_not_clinical_reference
2021-2023,CBC_L,LBXWBCSI,female,0-11,434,7.59930875576037,2.160248570413592,4.665,5.1,6.125,7.3,8.8,10.1,11.1,exploratory_unweighted_not_clinical_reference
2021-2023,CBC_L,LBXWBCSI,female,12-17,366,7.0431693989071045,1.8658707787535056,4.5,4.85,5.6,6.8,8.3,9.649999999999999,10.4,exploratory_unweighted_not_clinical_reference
2021-2023,CBC_L,LBXWBCSI,female,18-29,452,7.328761061946903,2.1641229570846217,4.4,5.0,5.9,6.9,8.5,10.2,11.4,exploratory_unweighted_not_clinical_reference
2021-2023,CBC_L,LBXWBCSI,female,30-39,485,7.462268041237114,2.2135474618860065,4.420000000000001,5.0,5.8,7.2,8.7,10.3,11.579999999999995,exploratory_unweighted_not_clinical_reference
2021-2023,CBC_L,LBXWBCSI,female,40-49,433,6.999769053117782,1.996055123900937,4.3,4.6,5.6,6.8,8.0,9.7,10.4,exploratory_unweighted_not_clinical_reference
2021-2023,CBC_L,LBXWBCSI,female,50-59,501,6.834530938123753,1.9085453176545004,4.1,4.7,5.5,6.7,7.8,9.2,10.1,exploratory_unweighted_not_clinical_reference
2021-2023,CBC_L,LBXWBCSI,female,60-69,781,6.754417413572342,2.0316209455920102,4.0,4.5,5.4,6.5,7.8,9.2,10.3,exploratory_unweighted_not_clinical_reference
2021-2023,CBC_L,LBXWBCSI,female,70-79,479,6.668893528183715,1.9154112450317322,4.19,4.7,5.4,6.4,7.7,8.9,10.009999999999996,exploratory_unweighted_not_clinical_reference
2021-2023,CBC_L,LBXWBCSI,female,80+,170,6.735882352941176,1.9360961111881159,3.945,4.6,5.525,6.55,7.475,8.91,9.3,exploratory_unweighted_not_clinical_reference
2021-2023,CBC_L,LBXWBCSI,male,0-11,438,7.25,2.04554267891398,4.5,4.9,5.8,7.0,8.4,9.9,10.8,exploratory_unweighted_not_clinical_reference
2021-2023,CBC_L,LBXWBCSI,male,12-17,351,6.657549857549856,1.9949060077231657,4.0,4.6,5.3,6.3,7.8,9.0,10.649999999999999,exploratory_unweighted_not_clinical_reference
2021-2023,CBC_L,LBXWBCSI,male,18-29,387,6.713695090439277,1.8691228554480352,4.1,4.6,5.45,6.4,7.7,9.2,9.9,exploratory_unweighted_not_clinical_reference
2021-2023,CBC_L,LBXWBCSI,male,30-39,362,6.871546961325967,2.014364573827856,4.2,4.6,5.4,6.6,8.0,9.590000000000003,10.495,exploratory_unweighted_not_clinical_reference
2021-2023,CBC_L,LBXWBCSI,male,40-49,341,6.90733137829912,2.1516557725144745,4.1,4.6,5.4,6.5,7.8,9.8,10.7,exploratory_unweighted_not_clinical_reference
2021-2023,CBC_L,LBXWBCSI,male,50-59,397,7.021914357682619,2.04577622588206,4.2,4.6,5.6,6.7,8.1,9.6,10.659999999999997,exploratory_unweighted_not_clinical_reference
2021-2023,CBC_L,LBXWBCSI,male,60-69,627,6.820255183413077,2.0308927038113107,4.23,4.6,5.4,6.5,7.8,9.339999999999998,10.569999999999993,exploratory_unweighted_not_clinical_reference
2021-2023,CBC_L,LBXWBCSI,male,70-79,439,6.861047835990888,1.8889391565044917,4.49,4.8,5.5,6.6,7.9,9.32,10.209999999999996,exploratory_unweighted_not_clinical_reference
2021-2023,CBC_L,LBXWBCSI,male,80+,150,6.599333333333333,1.9522658206432602,4.2,4.4,5.3,6.1,7.675,8.929999999999998,10.2,exploratory_unweighted_not_clinical_reference
2021-2023,CBC_L,LBXLYPCT,female,0-11,434,42.639631336405536,10.940607911830194,26.13,29.53,35.125,42.6,49.575,57.57,61.934999999999995,exploratory_unweighted_not_clinical_reference
2021-2023,CBC_L,LBXLYPCT,female,12-17,365,34.39260273972602,8.70987976781383,20.259999999999998,24.2,28.4,34.0,40.4,45.42,49.84,exploratory_unweighted_not_clinical_reference
2021-2023,CBC_L,LBXLYPCT,female,18-29,451,31.14589800443459,8.467430400108695,18.35,21.0,25.4,30.3,36.05,42.5,46.45,exploratory_unweighted_not_clinical_reference
2021-2023,CBC_L,LBXLYPCT,female,30-39,485,31.29484536082474,7.973877432509353,18.9,21.7,25.9,30.9,36.1,41.720000000000006,46.43999999999998,exploratory_unweighted_not_clinical_reference
2021-2023,CBC_L,LBXLYPCT,female,40-49,432,30.49537037037037,7.46216609519951,20.3,21.9,25.2,29.6,35.0,40.09,44.035,exploratory_unweighted_not_clinical_reference
2021-2023,CBC_L,LBXLYPCT,female,50-59,499,31.91362725450902,8.11825343436858,19.49,21.4,26.4,31.6,36.95,42.31999999999999,45.639999999999986,exploratory_unweighted_not_clinical_reference
2021-2023,CBC_L,LBXLYPCT,female,60-69,781,31.091933418693987,8.393051092523809,18.3,20.9,25.5,30.6,36.4,41.5,45.1,exploratory_unweighted_not_clinical_reference
2021-2023,CBC_L,LBXLYPCT,female,70-79,478,28.614853556485354,8.256732789165152,16.07,17.44,22.7,28.4,34.0,38.8,41.544999999999995,exploratory_unweighted_not_clinical_reference
2021-2023,CBC_L,LBXLYPCT,female,80+,170,27.288235294117648,8.009519657970113,15.945,18.2,21.3,27.0,31.4,38.9,40.8,exploratory_unweighted_not_clinical_reference
2021-2023,CBC_L,LBXLYPCT,male,0-11,438,42.31073059360731,10.732864003458154,25.185,28.37,35.2,42.150000000000006,50.025,55.63,59.3,exploratory_unweighted_not_clinical_reference
2021-2023,CBC_L,LBXLYPCT,male,12-17,351,36.24814814814815,8.419962045434698,22.15,25.6,30.3,36.4,42.3,47.4,49.95,exploratory_unweighted_not_clinical_reference
2021-2023,CBC_L,LBXLYPCT,male,18-29,387,32.84728682170543,8.250897996529009,19.93,22.5,27.55,33.0,37.9,43.84,46.0,exploratory_unweighted_not_clinical_reference
2021-2023,CBC_L,LBXLYPCT,male,30-39,362,31.945303867403318,7.92823717129167,19.110000000000003,22.3,27.2,31.65,36.8,41.1,45.4,exploratory_unweighted_not_clinical_reference
2021-2023,CBC_L,LBXLYPCT,male,40-49,340,30.28882352941177,8.331859019332288,17.154999999999998,19.8,24.5,30.1,36.025,41.11000000000001,43.21000000000001,exploratory_unweighted_not_clinical_reference
2021-2023,CBC_L,LBXLYPCT,male,50-59,395,29.984810126582275,8.784898333668531,17.720000000000002,19.5,24.05,29.3,34.45,41.36,46.949999999999974,exploratory_unweighted_not_clinical_reference
2021-2023,CBC_L,LBXLYPCT,male,60-69,626,28.10990415335463,8.72585845351612,15.425,18.1,22.325,27.3,33.0,38.75,43.3,exploratory_unweighted_not_clinical_reference
2021-2023,CBC_L,LBXLYPCT,male,70-79,438,25.37671232876712,8.419461283058352,13.61,15.9,19.625,24.35,30.25,36.260000000000005,40.4,exploratory_unweighted_not_clinical_reference
2021-2023,CBC_L,LBXLYPCT,male,80+,150,25.137999999999998,8.662707777610212,12.99,15.360000000000001,18.75,23.9,30.4,35.11,39.73499999999997,exploratory_unweighted_not_clinical_reference
2021-2023,CBC_L,LBXMOPCT,female,0-11,434,7.876728110599078,2.1740836268268535,5.0,5.6,6.5,7.5,8.975,10.7,12.034999999999997,exploratory_unweighted_not_clinical_reference
2021-2023,CBC_L,LBXMOPCT,female,12-17,365,7.728767123287671,2.1001883387584104,5.02,5.5,6.3,7.3,8.7,10.1,11.360000000000003,exploratory_unweighted_not_clinical_reference
2021-2023,CBC_L,LBXMOPCT,female,18-29,451,7.437250554323724,1.967725246565667,4.9,5.3,6.1,7.2,8.5,9.7,10.6,exploratory_unweighted_not_clinical_reference
2021-2023,CBC_L,LBXMOPCT,female,30-39,485,7.131134020618557,1.8593075425508516,4.62,5.1,5.8,6.8,8.1,9.660000000000002,10.4,exploratory_unweighted_not_clinical_reference
2021-2023,CBC_L,LBXMOPCT,female,40-49,432,7.380324074074075,1.9253123738655236,4.7,5.1,6.1,7.1,8.425,10.1,11.0,exploratory_unweighted_not_clinical_reference
2021-2023,CBC_L,LBXMOPCT,female,50-59,499,7.553306613226453,2.180979314725703,5.0,5.2,6.1,7.4,8.6,9.8,11.0,exploratory_unweighted_not_clinical_reference
2021-2023,CBC_L,LBXMOPCT,female,60-69,781,7.756594110115237,1.93691485467817,5.1,5.6,6.4,7.5,8.8,10.2,11.1,exploratory_unweighted_not_clinical_reference
2021-2023,CBC_L,LBXMOPCT,female,70-79,478,8.087656903765689,1.9709404451764447,5.485,5.9,6.8,7.8,9.2,10.5,11.214999999999998,exploratory_unweighted_not_clinical_reference
2021-2023,CBC_L,LBXMOPCT,female,80+,170,8.639411764705883,2.233639984627304,5.29,6.0,7.325,8.45,9.674999999999999,11.41,12.7,exploratory_unweighted_not_clinical_reference
2021-2023,CBC_L,LBXMOPCT,male,0-11,438,8.55525114155251,2.2638755587441737,5.5,6.1,7.0,8.3,9.6,11.330000000000002,12.814999999999998,exploratory_unweighted_not_clinical_reference
2021-2023,CBC_L,LBXMOPCT,male,12-17,351,8.414529914529915,2.0065435080797154,5.6,6.1,7.05,8.2,9.5,11.1,12.0,exploratory_unweighted_not_clinical_reference
2021-2023,CBC_L,LBXMOPCT,male,18-29,387,8.384754521963824,1.9478565685401854,5.430000000000001,6.0,7.05,8.2,9.649999999999999,10.740000000000004,11.939999999999998,exploratory_unweighted_not_clinical_reference
2021-2023,CBC_L,LBXMOPCT,male,30-39,362,8.191160220994474,2.081545154231771,5.3,5.8,6.9,7.9,9.2,11.1,11.795,exploratory_unweighted_not_clinical_reference
2021-2023,CBC_L,LBXMOPCT,male,40-49,340,8.346764705882354,2.068963259949784,5.7,6.0,6.8,8.1,9.4,11.2,12.005,exploratory_unweighted_not_clinical_reference
2021-2023,CBC_L,LBXMOPCT,male,50-59,395,8.489873417721519,2.058324372521236,5.470000000000001,6.2,7.1,8.4,9.649999999999999,11.1,12.029999999999996,exploratory_unweighted_not_clinical_reference
2021-2023,CBC_L,LBXMOPCT,male,60-69,626,8.715654952076678,2.0776396536337667,5.9,6.3,7.3,8.5,9.9,11.350000000000001,12.775,exploratory_unweighted_not_clinical_reference
2021-2023,CBC_L,LBXMOPCT,male,70-79,438,8.827625570776256,2.179116468340797,5.7,6.4,7.3,8.5,10.1,11.6,12.5,exploratory_unweighted_not_clinical_reference
2021-2023,CBC_L,LBXMOPCT,male,80+,150,9.451333333333332,2.48457622456224,5.8,6.6,7.725,9.4,10.775,12.219999999999999,13.3,exploratory_unweighted_not_clinical_reference
2021-2023,CBC_L,LBXNEPCT,female,0-11,434,45.75230414746544,11.18130478364607,27.065,30.130000000000003,39.025,46.05,53.6,58.64,63.57499999999998,exploratory_unweighted_not_clinical_reference
2021-2023,CBC_L,LBXNEPCT,female,12-17,365,54.78712328767123,9.610638204707914,38.72,42.58,48.6,55.5,61.5,66.36,69.46000000000001,exploratory_unweighted_not_clinical_reference
2021-2023,CBC_L,LBXNEPCT,female,18-29,451,58.60066518847007,9.344123500948896,42.7,46.4,52.349999999999994,59.6,65.05,70.1,73.30000000000001,exploratory_unweighted_not_clinical_reference
2021-2023,CBC_L,LBXNEPCT,female,30-39,485,58.603092783505154,8.909833614777906,42.339999999999996,47.14,53.6,58.9,64.7,69.26,72.97999999999996,exploratory_unweighted_not_clinical_reference
2021-2023,CBC_L,LBXNEPCT,female,40-49,432,58.99050925925926,8.30660585920303,43.7,47.7,53.95,59.45,65.0,69.1,71.3,exploratory_unweighted_not_clinical_reference
2021-2023,CBC_L,LBXNEPCT,female,50-59,499,57.224048096192384,8.785856128879008,42.38,45.98,51.5,57.4,63.75,68.1,71.11999999999999,exploratory_unweighted_not_clinical_reference
2021-2023,CBC_L,LBXNEPCT,female,60-69,781,57.84250960307298,9.100689511858638,42.0,46.0,52.3,58.3,63.7,68.5,71.5,exploratory_unweighted_not_clinical_reference
2021-2023,CBC_L,LBXNEPCT,female,70-79,478,59.82071129707113,8.961909256533783,44.455,48.6,53.824999999999996,60.45,65.975,70.83,73.9,exploratory_unweighted_not_clinical_reference
2021-2023,CBC_L,LBXNEPCT,female,80+,170,60.30764705882353,9.520342610693762,44.145,47.09,54.75,60.75,66.975,71.22,73.77499999999999,exploratory_unweighted_not_clinical_reference
2021-2023,CBC_L,LBXNEPCT,male,0-11,438,44.694063926940636,11.254558655963654,27.085,30.75,36.575,44.6,52.425,58.790000000000006,62.029999999999994,exploratory_unweighted_not_clinical_reference
2021-2023,CBC_L,LBXNEPCT,male,12-17,351,51.53760683760685,9.614602523504635,35.7,39.3,44.95,51.6,57.95,63.9,67.6,exploratory_unweighted_not_clinical_reference
2021-2023,CBC_L,LBXNEPCT,male,18-29,387,55.20981912144703,9.371807945326738,39.75,43.4,49.25,55.3,61.0,66.98,70.27,exploratory_unweighted_not_clinical_reference
2021-2023,CBC_L,LBXNEPCT,male,30-39,362,56.414088397790046,8.781518326868548,40.620000000000005,45.349999999999994,51.4,56.95,62.275,67.19000000000001,69.69500000000001,exploratory_unweighted_not_clinical_reference
2021-2023,CBC_L,LBXNEPCT,male,40-49,340,57.97205882352941,9.074737952419571,43.7,47.06,52.2,57.7,63.725,69.3,73.215,exploratory_unweighted_not_clinical_reference
2021-2023,CBC_L,LBXNEPCT,male,50-59,395,57.965316455696204,9.402528933418075,40.1,46.52,52.349999999999994,58.8,64.45,69.0,71.34999999999998,exploratory_unweighted_not_clinical_reference
2021-2023,CBC_L,LBXNEPCT,male,60-69,626,59.40463258785943,9.490889658235014,42.525,47.55,53.824999999999996,59.9,65.675,70.95,73.975,exploratory_unweighted_not_clinical_reference
2021-2023,CBC_L,LBXNEPCT,male,70-79,438,62.149086757990865,9.15803215433448,46.3,49.769999999999996,56.625,62.5,68.4,72.4,75.34499999999998,exploratory_unweighted_not_clinical_reference
2021-2023,CBC_L,LBXNEPCT,male,80+,150,61.27799999999998,9.850832894980618,45.67,48.2,55.300000000000004,61.7,67.675,72.14999999999999,77.55499999999999,exploratory_unweighted_not_clinical_reference
2021-2023,CBC_L,LBXEOPCT,female,0-11,434,3.186635944700461,2.5387720879851954,0.8,1.1,1.6,2.4,3.8,6.1,8.10499999999999,exploratory_unweighted_not_clinical_reference
2021-2023,CBC_L,LBXEOPCT,female,12-17,365,2.5306849315068494,2.1650929025870362,0.6,0.8,1.2,2.0,3.0,5.0,6.280000000000001,exploratory_unweighted_not_clinical_reference
2021-2023,CBC_L,LBXEOPCT,female,18-29,451,2.2337028824833705,2.0623006118767524,0.5,0.7,1.1,1.7,2.7,4.3,5.5,exploratory_unweighted_not_clinical_reference
2021-2023,CBC_L,LBXEOPCT,female,30-39,485,2.322680412371134,1.7165519659436335,0.5,0.8,1.3,1.9,2.9,4.1,5.159999999999991,exploratory_unweighted_not_clinical_reference
2021-2023,CBC_L,LBXEOPCT,female,40-49,432,2.434490740740741,1.718951339500534,0.7,0.8100000000000002,1.3,2.0,3.1,4.4,5.644999999999999,exploratory_unweighted_not_clinical_reference
2021-2023,CBC_L,LBXEOPCT,female,50-59,499,2.6042084168336674,1.8310360720197318,0.7,0.9,1.4,2.2,3.3,4.5,6.109999999999996,exploratory_unweighted_not_clinical_reference
2021-2023,CBC_L,LBXEOPCT,female,60-69,781,2.5655569782330345,1.7535178863755745,0.6,0.8,1.5,2.2,3.2,4.5,5.9,exploratory_unweighted_not_clinical_reference
2021-2023,CBC_L,LBXEOPCT,female,70-79,478,2.761506276150627,1.9438403038302576,0.7,0.9700000000000003,1.5,2.4,3.5,4.9,5.8,exploratory_unweighted_not_clinical_reference
2021-2023,CBC_L,LBXEOPCT,female,80+,170,3.0511764705882354,3.8783611227243475,0.7,0.8900000000000002,1.5,2.3499999999999996,3.4,5.41,7.254999999999998,exploratory_unweighted_not_clinical_reference
2021-2023,CBC_L,LBXEOPCT,male,0-11,438,3.807762557077626,3.4102193998907397,0.8850000000000001,1.2700000000000002,1.8,2.8,4.675,7.5,9.8,exploratory_unweighted_not_clinical_reference
2021-2023,CBC_L,LBXEOPCT,male,12-17,351,3.2413105413105407,2.5054973827001166,0.7,0.9,1.7,2.6,4.0,6.2,7.9,exploratory_unweighted_not_clinical_reference
2021-2023,CBC_L,LBXEOPCT,male,18-29,387,2.9229974160206726,2.2014746135457863,0.6,0.9,1.4,2.4,3.6,5.940000000000004,7.0699999999999985,exploratory_unweighted_not_clinical_reference
2021-2023,CBC_L,LBXEOPCT,male,30-39,362,2.790331491712707,2.39218265187827,0.6,0.9,1.4,2.2,3.6,4.8,6.9899999999999975,exploratory_unweighted_not_clinical_reference
2021-2023,CBC_L,LBXEOPCT,male,40-49,340,2.715294117647059,1.8859052352404873,0.6949999999999998,0.9,1.4,2.2,3.4,5.3,6.3,exploratory_unweighted_not_clinical_reference
2021-2023,CBC_L,LBXEOPCT,male,50-59,395,2.8546835443037972,2.160806177954865,0.8,1.1,1.65,2.5,3.4,5.0,6.059999999999991,exploratory_unweighted_not_clinical_reference
2021-2023,CBC_L,LBXEOPCT,male,60-69,626,3.029712460063898,2.134601545297974,0.725,1.0,1.6,2.6,3.8,5.6,6.775,exploratory_unweighted_not_clinical_reference
2021-2023,CBC_L,LBXEOPCT,male,70-79,438,2.959132420091324,2.0240535660550174,0.8,1.0700000000000003,1.6,2.5,3.9,5.7,6.7,exploratory_unweighted_not_clinical_reference
2021-2023,CBC_L,LBXEOPCT,male,80+,150,3.4086666666666665,2.2190129212149743,1.0,1.29,1.8,2.8,4.574999999999999,5.9,7.109999999999997,exploratory_unweighted_not_clinical_reference
2021-2023,CBC_L,LBXBAPCT,female,0-11,434,0.6638248847926268,0.2545750010460728,0.3,0.4,0.5,0.6,0.8,1.0,1.1349999999999967,exploratory_unweighted_not_clinical_reference
2021-2023,CBC_L,LBXBAPCT,female,12-17,365,0.6884931506849313,0.29385497298032187,0.3,0.4,0.5,0.6,0.9,1.0,1.180000000000001,exploratory_unweighted_not_clinical_reference
2021-2023,CBC_L,LBXBAPCT,female,18-29,451,0.7064301552106431,0.2971395203524923,0.3,0.4,0.5,0.7,0.9,1.1,1.1,exploratory_unweighted_not_clinical_reference
2021-2023,CBC_L,LBXBAPCT,female,30-39,485,0.7769072164948454,0.32135225910406434,0.3,0.4,0.5,0.7,1.0,1.1,1.3,exploratory_unweighted_not_clinical_reference
2021-2023,CBC_L,LBXBAPCT,female,40-49,432,0.8224537037037037,0.35269002406092753,0.4,0.5,0.6,0.8,1.0,1.2,1.4,exploratory_unweighted_not_clinical_reference
2021-2023,CBC_L,LBXBAPCT,female,50-59,499,0.830260521042084,0.3537892020149549,0.4,0.5,0.6,0.8,1.0,1.2,1.4,exploratory_unweighted_not_clinical_reference
2021-2023,CBC_L,LBXBAPCT,female,60-69,781,0.8667093469910373,0.3572229839810376,0.4,0.5,0.6,0.8,1.0,1.3,1.4,exploratory_unweighted_not_clinical_reference
2021-2023,CBC_L,LBXBAPCT,female,70-79,478,0.842468619246862,0.3248863275786862,0.4,0.5,0.6,0.8,1.0,1.2,1.3,exploratory_unweighted_not_clinical_reference
2021-2023,CBC_L,LBXBAPCT,female,80+,170,0.8435294117647061,0.353326393791842,0.4,0.5,0.6,0.8,1.0,1.2,1.5549999999999984,exploratory_unweighted_not_clinical_reference
2021-2023,CBC_L,LBXBAPCT,male,0-11,438,0.7442922374429224,0.3216118252149546,0.3,0.4,0.5,0.7,0.9,1.1,1.3,exploratory_unweighted_not_clinical_reference
2021-2023,CBC_L,LBXBAPCT,male,12-17,351,0.6831908831908832,0.29457391122397314,0.3,0.4,0.5,0.6,0.8,1.0,1.1,exploratory_unweighted_not_clinical_reference
2021-2023,CBC_L,LBXBAPCT,male,18-29,387,0.7552971576227389,0.34225948715310156,0.33000000000000007,0.5,0.6,0.7,0.9,1.1,1.2,exploratory_unweighted_not_clinical_reference
2021-2023,CBC_L,LBXBAPCT,male,30-39,362,0.7839779005524861,0.2797261810277451,0.4,0.4,0.6,0.8,1.0,1.1,1.2949999999999988,exploratory_unweighted_not_clinical_reference
2021-2023,CBC_L,LBXBAPCT,male,40-49,340,0.7964705882352939,0.31283160438440016,0.4,0.4899999999999999,0.6,0.7,0.925,1.2,1.3,exploratory_unweighted_not_clinical_reference
2021-2023,CBC_L,LBXBAPCT,male,50-59,395,0.8354430379746836,0.2928236309686967,0.4,0.5,0.6,0.8,1.0,1.2,1.3,exploratory_unweighted_not_clinical_reference
2021-2023,CBC_L,LBXBAPCT,male,60-69,626,0.8638977635782746,0.32398540573765117,0.4,0.5,0.6,0.8,1.1,1.25,1.4,exploratory_unweighted_not_clinical_reference
2021-2023,CBC_L,LBXBAPCT,male,70-79,438,0.8114155251141552,0.31354955511255267,0.4,0.5,0.6,0.8,1.0,1.2,1.3,exploratory_unweighted_not_clinical_reference
2021-2023,CBC_L,LBXBAPCT,male,80+,150,0.8406666666666667,0.4000162189105573,0.3,0.4,0.6,0.8,1.0,1.2,1.3549999999999982,exploratory_unweighted_not_clinical_reference
2021-2023,CBC_L,LBDLYMNO,female,0-11,434,3.1873271889400923,1.1230323305960093,1.7,2.0,2.4,3.0,3.7,4.6,5.234999999999997,exploratory_unweighted_not_clinical_reference
2021-2023,CBC_L,LBDLYMNO,female,12-17,365,2.343561643835616,0.6488310915314939,1.4,1.6,1.9,2.3,2.7,3.2,3.5800000000000014,exploratory_unweighted_not_clinical_reference
2021-2023,CBC_L,LBDLYMNO,female,18-29,451,2.2024390243902436,0.6582254208149713,1.4,1.5,1.7,2.1,2.6,3.1,3.5,exploratory_unweighted_not_clinical_reference
2021-2023,CBC_L,LBDLYMNO,female,30-39,485,2.2492783505154637,0.618903735259317,1.4,1.5,1.8,2.2,2.6,3.0,3.3799999999999955,exploratory_unweighted_not_clinical_reference
2021-2023,CBC_L,LBDLYMNO,female,40-49,432,2.0817129629629627,0.6256421896237019,1.2,1.4,1.6,2.0,2.4,2.9,3.2,exploratory_unweighted_not_clinical_reference
2021-2023,CBC_L,LBDLYMNO,female,50-59,499,2.1372745490981964,0.7111937661888005,1.2,1.4,1.7,2.0,2.5,3.0199999999999987,3.4,exploratory_unweighted_not_clinical_reference
2021-2023,CBC_L,LBDLYMNO,female,60-69,781,2.0537772087067863,0.752194530582924,1.1,1.3,1.6,2.0,2.4,2.9,3.1,exploratory_unweighted_not_clinical_reference
2021-2023,CBC_L,LBDLYMNO,female,70-79,478,1.8579497907949791,0.6459433009156916,1.0,1.1,1.4,1.8,2.2,2.7,3.1,exploratory_unweighted_not_clinical_reference
2021-2023,CBC_L,LBDLYMNO,female,80+,170,1.8041176470588234,0.7559120735908033,1.0,1.1,1.4,1.65,2.1,2.6099999999999994,2.9,exploratory_unweighted_not_clinical_reference
2021-2023,CBC_L,LBDLYMNO,male,0-11,438,3.0253424657534245,1.0846850439010192,1.685,1.9,2.3,2.9,3.6,4.5,5.014999999999998,exploratory_unweighted_not_clinical_reference
2021-2023,CBC_L,LBDLYMNO,male,12-17,351,2.3236467236467235,0.6125210951323162,1.5,1.6,1.9,2.2,2.7,3.2,3.5,exploratory_unweighted_not_clinical_reference
2021-2023,CBC_L,LBDLYMNO,male,18-29,387,2.14031007751938,0.6444887172880934,1.3,1.4,1.7,2.1,2.5,2.9,3.3699999999999988,exploratory_unweighted_not_clinical_reference
2021-2023,CBC_L,LBDLYMNO,male,30-39,362,2.135635359116022,0.683826418230398,1.3,1.3,1.7,2.0,2.5,3.0900000000000034,3.3949999999999987,exploratory_unweighted_not_clinical_reference
2021-2023,CBC_L,LBDLYMNO,male,40-49,340,2.027941176470588,0.6715995058326055,1.1,1.3,1.6,1.9,2.4,2.9,3.3,exploratory_unweighted_not_clinical_reference
2021-2023,CBC_L,LBDLYMNO,male,50-59,395,2.038987341772152,0.6610244221217496,1.1,1.3,1.6,1.9,2.4,3.0,3.3,exploratory_unweighted_not_clinical_reference
2021-2023,CBC_L,LBDLYMNO,male,60-69,626,1.874920127795527,0.7599749953848638,1.0,1.1,1.4,1.8,2.2,2.7,3.0,exploratory_unweighted_not_clinical_reference
2021-2023,CBC_L,LBDLYMNO,male,70-79,438,1.7136986301369863,0.7210750431770996,0.8,0.9,1.2,1.6,2.0,2.5,2.9,exploratory_unweighted_not_clinical_reference
2021-2023,CBC_L,LBDLYMNO,male,80+,150,1.62,0.6866903408095049,0.8,0.9,1.2,1.5,1.9,2.5,2.754999999999998,exploratory_unweighted_not_clinical_reference
2021-2023,CBC_L,LBDMONO,female,0-11,434,0.5854838709677419,0.19472577026501742,0.3,0.4,0.5,0.6,0.7,0.8,0.9,exploratory_unweighted_not_clinical_reference
2021-2023,CBC_L,LBDMONO,female,12-17,365,0.5342465753424658,0.17573955042340275,0.3,0.3,0.4,0.5,0.6,0.7,0.8,exploratory_unweighted_not_clinical_reference
2021-2023,CBC_L,LBDMONO,female,18-29,451,0.5330376940133038,0.1733188350295603,0.3,0.3,0.4,0.5,0.6,0.8,0.8,exploratory_unweighted_not_clinical_reference
2021-2023,CBC_L,LBDMONO,female,30-39,485,0.5144329896907216,0.1596675851649511,0.3,0.3,0.4,0.5,0.6,0.7,0.8,exploratory_unweighted_not_clinical_reference
2021-2023,CBC_L,LBDMONO,female,40-49,432,0.5011574074074074,0.15300107893024714,0.3,0.3,0.4,0.5,0.6,0.7,0.8,exploratory_unweighted_not_clinical_reference
2021-2023,CBC_L,LBDMONO,female,50-59,499,0.5036072144288577,0.16917889947676332,0.3,0.3,0.4,0.5,0.6,0.7,0.8,exploratory_unweighted_not_clinical_reference
2021-2023,CBC_L,LBDMONO,female,60-69,781,0.5112676056338028,0.1710482203357547,0.3,0.3,0.4,0.5,0.6,0.7,0.8,exploratory_unweighted_not_clinical_reference
2021-2023,CBC_L,LBDMONO,female,70-79,478,0.5290794979079498,0.16638841539585753,0.3,0.4,0.4,0.5,0.6,0.7,0.8,exploratory_unweighted_not_clinical_reference
2021-2023,CBC_L,LBDMONO,female,80+,170,0.5676470588235294,0.16697905519242556,0.3,0.4,0.5,0.5,0.7,0.8,0.8,exploratory_unweighted_not_clinical_reference
2021-2023,CBC_L,LBDMONO,male,0-11,438,0.6050228310502284,0.19223454026445236,0.3850000000000002,0.4,0.5,0.6,0.7,0.8300000000000012,0.9,exploratory_unweighted_not_clinical_reference
2021-2023,CBC_L,LBDMONO,male,12-17,351,0.5478632478632479,0.18233326971625677,0.3,0.4,0.4,0.5,0.6,0.8,0.8,exploratory_unweighted_not_clinical_reference
2021-2023,CBC_L,LBDMONO,male,18-29,387,0.5532299741602068,0.17560747659189635,0.3,0.4,0.4,0.5,0.6,0.8,0.8,exploratory_unweighted_not_clinical_reference
2021-2023,CBC_L,LBDMONO,male,30-39,362,0.550828729281768,0.18818826682521939,0.3,0.4,0.4,0.5,0.6,0.8,0.9,exploratory_unweighted_not_clinical_reference
2021-2023,CBC_L,LBDMONO,male,40-49,340,0.5617647058823529,0.18468614193284003,0.3,0.4,0.4,0.5,0.6,0.8,0.9,exploratory_unweighted_not_clinical_reference
2021-2023,CBC_L,LBDMONO,male,50-59,395,0.5848101265822785,0.19083612950274378,0.3,0.4,0.5,0.6,0.7,0.8,0.9,exploratory_unweighted_not_clinical_reference
2021-2023,CBC_L,LBDMONO,male,60-69,626,0.5843450479233226,0.18687570829681877,0.3,0.4,0.4,0.6,0.7,0.8,0.9,exploratory_unweighted_not_clinical_reference
2021-2023,CBC_L,LBDMONO,male,70-79,438,0.5970319634703196,0.18958066186002384,0.3,0.4,0.5,0.6,0.7,0.8,0.9,exploratory_unweighted_not_clinical_reference
2021-2023,CBC_L,LBDMONO,male,80+,150,0.6066666666666668,0.20453472052824184,0.3,0.4,0.5,0.6,0.7,0.8,0.9,exploratory_unweighted_not_clinical_reference
2021-2023,CBC_L,LBDNENO,female,0-11,434,3.546543778801843,1.622987163876136,1.5650000000000002,1.9,2.5,3.3,4.2,5.2,6.334999999999996,exploratory_unweighted_not_clinical_reference
2021-2023,CBC_L,LBDNENO,female,12-17,365,3.9391780821917806,1.4901966768792723,1.9,2.3,2.8,3.6,4.8,6.060000000000002,6.6,exploratory_unweighted_not_clinical_reference
2021-2023,CBC_L,LBDNENO,female,18-29,451,4.397560975609756,1.7993130275951745,2.2,2.4,3.2,4.0,5.4,6.8,7.8,exploratory_unweighted_not_clinical_reference
2021-2023,CBC_L,LBDNENO,female,30-39,485,4.482886597938144,1.8243576695743873,2.2,2.5,3.2,4.2,5.3,6.9,7.8799999999999955,exploratory_unweighted_not_clinical_reference
2021-2023,CBC_L,LBDNENO,female,40-49,432,4.200694444444444,1.5446710968262651,2.0,2.4,3.1,4.1,5.1,6.1,6.8,exploratory_unweighted_not_clinical_reference
2021-2023,CBC_L,LBDNENO,female,50-59,499,3.9663326653306608,1.446082083119623,2.0,2.3,3.0,3.8,4.7,5.8,6.609999999999996,exploratory_unweighted_not_clinical_reference
2021-2023,CBC_L,LBDNENO,female,60-69,781,3.967989756722151,1.5392721156601217,1.9,2.3,2.9,3.8,4.7,5.9,6.5,exploratory_unweighted_not_clinical_reference
2021-2023,CBC_L,LBDNENO,female,70-79,478,4.052301255230126,1.5799798771502374,2.1,2.4,3.0,3.8,4.8,5.9300000000000015,6.6,exploratory_unweighted_not_clinical_reference
2021-2023,CBC_L,LBDNENO,female,80+,170,4.102941176470588,1.4983393754731544,2.045,2.4,3.2,4.05,4.8,5.6,6.2,exploratory_unweighted_not_clinical_reference
2021-2023,CBC_L,LBDNENO,male,0-11,438,3.305479452054795,1.5030456108423549,1.5,1.8,2.2,3.1,4.0,5.2,5.9,exploratory_unweighted_not_clinical_reference
2021-2023,CBC_L,LBDNENO,male,12-17,351,3.537037037037037,1.5473650585232381,1.6,1.9,2.5,3.2,4.3,5.5,6.3,exploratory_unweighted_not_clinical_reference
2021-2023,CBC_L,LBDNENO,male,18-29,387,3.7852713178294577,1.4949015654699918,1.9,2.16,2.75,3.5,4.5,5.7,6.4,exploratory_unweighted_not_clinical_reference
2021-2023,CBC_L,LBDNENO,male,30-39,362,3.9464088397790054,1.517670918869629,1.905,2.3,2.9,3.6,4.975,5.9,6.6,exploratory_unweighted_not_clinical_reference
2021-2023,CBC_L,LBDNENO,male,40-49,340,4.09,1.7233653706019425,1.9,2.3,3.0,3.8,4.8,6.110000000000002,7.4,exploratory_unweighted_not_clinical_reference
2021-2023,CBC_L,LBDNENO,male,50-59,395,4.156202531645569,1.620985712364241,1.9,2.2400000000000007,3.1,3.9,5.0,6.3,6.929999999999995,exploratory_unweighted_not_clinical_reference
2021-2023,CBC_L,LBDNENO,male,60-69,626,4.114856230031949,1.5977142858775235,2.2,2.4,3.0,3.9,4.9,6.0,7.2,exploratory_unweighted_not_clinical_reference
2021-2023,CBC_L,LBDNENO,male,70-79,438,4.310045662100457,1.5247281327886182,2.3,2.7,3.3,4.1,5.0,6.230000000000001,7.1,exploratory_unweighted_not_clinical_reference
2021-2023,CBC_L,LBDNENO,male,80+,150,4.1113333333333335,1.6131813025784838,2.145,2.5,3.0,3.8,4.8,6.219999999999999,7.009999999999996,exploratory_unweighted_not_clinical_reference
2021-2023,CBC_L,LBDEONO,female,0-11,434,0.24308755760368664,0.21993208416739682,0.1,0.1,0.1,0.2,0.3,0.5,0.6,exploratory_unweighted_not_clinical_reference
2021-2023,CBC_L,LBDEONO,female,12-17,365,0.17863013698630137,0.1705945893761925,5.397605346934028e-79,0.1,0.1,0.1,0.2,0.3,0.5,exploratory_unweighted_not_clinical_reference
2021-2023,CBC_L,LBDEONO,female,18-29,451,0.16119733924611976,0.1718588143849292,5.397605346934028e-79,5.397605346934028e-79,0.1,0.1,0.2,0.3,0.4,exploratory_unweighted_not_clinical_reference
2021-2023,CBC_L,LBDEONO,female,30-39,485,0.16927835051546394,0.1318357936720576,5.397605346934028e-79,0.1,0.1,0.1,0.2,0.3,0.4,exploratory_unweighted_not_clinical_reference
2021-2023,CBC_L,LBDEONO,female,40-49,432,0.16643518518518519,0.12207895761096972,5.397605346934028e-79,0.1,0.1,0.1,0.2,0.3,0.4,exploratory_unweighted_not_clinical_reference
2021-2023,CBC_L,LBDEONO,female,50-59,499,0.1767535070140281,0.12902430175941068,5.397605346934028e-79,0.1,0.1,0.1,0.2,0.3,0.4,exploratory_unweighted_not_clinical_reference
2021-2023,CBC_L,LBDEONO,female,60-69,781,0.17106274007682462,0.13070821843452884,5.397605346934028e-79,0.1,0.1,0.1,0.2,0.3,0.4,exploratory_unweighted_not_clinical_reference
2021-2023,CBC_L,LBDEONO,female,70-79,478,0.18012552301255233,0.1342827242761855,5.397605346934028e-79,0.1,0.1,0.1,0.2,0.3,0.4,exploratory_unweighted_not_clinical_reference
2021-2023,CBC_L,LBDEONO,female,80+,170,0.2164705882352941,0.4662191015060616,5.397605346934028e-79,0.1,0.1,0.2,0.2,0.3,0.4,exploratory_unweighted_not_clinical_reference
2021-2023,CBC_L,LBDEONO,male,0-11,438,0.2726027397260274,0.27401261423765777,0.1,0.1,0.1,0.2,0.3,0.5,0.7,exploratory_unweighted_not_clinical_reference
2021-2023,CBC_L,LBDEONO,male,12-17,351,0.2142450142450143,0.20077546042976843,5.397605346934028e-79,0.1,0.1,0.2,0.3,0.4,0.5,exploratory_unweighted_not_clinical_reference
2021-2023,CBC_L,LBDEONO,male,18-29,387,0.19147286821705428,0.14198683133418383,5.397605346934028e-79,0.1,0.1,0.1,0.25,0.4,0.5,exploratory_unweighted_not_clinical_reference
2021-2023,CBC_L,LBDEONO,male,30-39,362,0.19281767955801107,0.18772088350015792,5.397605346934028e-79,0.1,0.1,0.1,0.2,0.4,0.5,exploratory_unweighted_not_clinical_reference
2021-2023,CBC_L,LBDEONO,male,40-49,340,0.18441176470588236,0.14212236981832357,5.397605346934028e-79,0.1,0.1,0.1,0.2,0.3100000000000023,0.4,exploratory_unweighted_not_clinical_reference
2021-2023,CBC_L,LBDEONO,male,50-59,395,0.19873417721518988,0.18843037928928968,0.1,0.1,0.1,0.2,0.2,0.3,0.4,exploratory_unweighted_not_clinical_reference
2021-2023,CBC_L,LBDEONO,male,60-69,626,0.20303514376996806,0.15338439673884463,5.397605346934028e-79,0.1,0.1,0.2,0.3,0.4,0.5,exploratory_unweighted_not_clinical_reference
2021-2023,CBC_L,LBDEONO,male,70-79,438,0.20045662100456624,0.1530760768353808,5.397605346934028e-79,0.1,0.1,0.2,0.3,0.4,0.5,exploratory_unweighted_not_clinical_reference
2021-2023,CBC_L,LBDEONO,male,80+,150,0.21466666666666667,0.1327998274977991,0.1,0.1,0.1,0.2,0.3,0.4,0.4,exploratory_unweighted_not_clinical_reference
2021-2023,CBC_L,LBDBANO,female,0-11,434,0.0412442396313364,0.04928420924423239,5.397605346934028e-79,5.397605346934028e-79,5.397605346934028e-79,5.397605346934028e-79,0.1,0.1,0.1,exploratory_unweighted_not_clinical_reference
2021-2023,CBC_L,LBDBANO,female,12-17,365,0.04,0.04961389383568339,5.397605346934028e-79,5.397605346934028e-79,5.397605346934028e-79,5.397605346934028e-79,0.1,0.1,0.1,exploratory_unweighted_not_clinical_reference
2021-2023,CBC_L,LBDBANO,female,18-29,451,0.0434589800443459,0.05007114918084776,5.397605346934028e-79,5.397605346934028e-79,5.397605346934028e-79,5.397605346934028e-79,0.1,0.1,0.1,exploratory_unweighted_not_clinical_reference
2021-2023,CBC_L,LBDBANO,female,30-39,485,0.05649484536082473,0.050861203880282445,5.397605346934028e-79,5.397605346934028e-79,5.397605346934028e-79,0.1,0.1,0.1,0.1,exploratory_unweighted_not_clinical_reference
2021-2023,CBC_L,LBDBANO,female,40-49,432,0.05277777777777777,0.049980661380054046,5.397605346934028e-79,5.397605346934028e-79,5.397605346934028e-79,0.1,0.1,0.1,0.1,exploratory_unweighted_not_clinical_reference
2021-2023,CBC_L,LBDBANO,female,50-59,499,0.05110220440881764,0.052772410256567315,5.397605346934028e-79,5.397605346934028e-79,5.397605346934028e-79,5.397605346934028e-79,0.1,0.1,0.1,exploratory_unweighted_not_clinical_reference
2021-2023,CBC_L,LBDBANO,female,60-69,781,0.05313700384122919,0.052682093739287866,5.397605346934028e-79,5.397605346934028e-79,5.397605346934028e-79,0.1,0.1,0.1,0.1,exploratory_unweighted_not_clinical_reference
2021-2023,CBC_L,LBDBANO,female,70-79,478,0.05439330543933053,0.05110465397001512,5.397605346934028e-79,5.397605346934028e-79,5.397605346934028e-79,0.1,0.1,0.1,0.1,exploratory_unweighted_not_clinical_reference
2021-2023,CBC_L,LBDBANO,female,80+,170,0.05,0.05014771080925115,5.397605346934028e-79,5.397605346934028e-79,5.397605346934028e-79,0.05,0.1,0.1,0.1,exploratory_unweighted_not_clinical_reference
2021-2023,CBC_L,LBDBANO,male,0-11,438,0.04657534246575342,0.050847801203023714,5.397605346934028e-79,5.397605346934028e-79,5.397605346934028e-79,5.397605346934028e-79,0.1,0.1,0.1,exploratory_unweighted_not_clinical_reference
2021-2023,CBC_L,LBDBANO,male,12-17,351,0.03133903133903134,0.04706441346770418,5.397605346934028e-79,5.397605346934028e-79,5.397605346934028e-79,5.397605346934028e-79,0.1,0.1,0.1,exploratory_unweighted_not_clinical_reference
2021-2023,CBC_L,LBDBANO,male,18-29,387,0.04392764857881137,0.05123424752629854,5.397605346934028e-79,5.397605346934028e-79,5.397605346934028e-79,5.397605346934028e-79,0.1,0.1,0.1,exploratory_unweighted_not_clinical_reference
2021-2023,CBC_L,LBDBANO,male,30-39,362,0.047237569060773484,0.05216205222850347,5.397605346934028e-79,5.397605346934028e-79,5.397605346934028e-79,5.397605346934028e-79,0.1,0.1,0.1,exploratory_unweighted_not_clinical_reference
2021-2023,CBC_L,LBDBANO,male,40-49,340,0.04970588235294117,0.05237629302929468,5.397605346934028e-79,5.397605346934028e-79,5.397605346934028e-79,5.397605346934028e-79,0.1,0.1,0.1,exploratory_unweighted_not_clinical_reference
2021-2023,CBC_L,LBDBANO,male,50-59,395,0.057974683544303796,0.049933451825980045,5.397605346934028e-79,5.397605346934028e-79,5.397605346934028e-79,0.1,0.1,0.1,0.1,exploratory_unweighted_not_clinical_reference
2021-2023,CBC_L,LBDBANO,male,60-69,626,0.05942492012779553,0.05229750236859893,5.397605346934028e-79,5.397605346934028e-79,5.397605346934028e-79,0.1,0.1,0.1,0.1,exploratory_unweighted_not_clinical_reference
2021-2023,CBC_L,LBDBANO,male,70-79,438,0.05114155251141552,0.0513976115282679,5.397605346934028e-79,5.397605346934028e-79,5.397605346934028e-79,0.1,0.1,0.1,0.1,exploratory_unweighted_not_clinical_reference
2021-2023,CBC_L,LBDBANO,male,80+,150,0.052,0.05012735458661617,5.397605346934028e-79,5.397605346934028e-79,5.397605346934028e-79,0.1,0.1,0.1,0.1,exploratory_unweighted_not_clinical_reference
2021-2023,CBC_L,LBXRBCSI,female,0-11,434,4.604884792626728,0.33816187085453825,4.06,4.16,4.38,4.605,4.81,5.037,5.17,exploratory_unweighted_not_clinical_reference
2021-2023,CBC_L,LBXRBCSI,female,12-17,366,4.5663661202185795,0.3245838935389525,4.0525,4.18,4.34,4.55,4.7575,4.99,5.1075,exploratory_unweighted_not_clinical_reference
2021-2023,CBC_L,LBXRBCSI,female,18-29,452,4.504800884955753,0.3623203188897472,3.9155,4.061,4.27,4.52,4.74,4.93,5.04,exploratory_unweighted_not_clinical_reference
2021-2023,CBC_L,LBXRBCSI,female,30-39,485,4.498927835051546,0.3859100076930614,3.88,4.024,4.26,4.5,4.76,4.95,5.11,exploratory_unweighted_not_clinical_reference
2021-2023,CBC_L,LBXRBCSI,female,40-49,433,4.471270207852194,0.38623959109096273,3.902,4.002,4.22,4.46,4.71,4.94,5.064,exploratory_unweighted_not_clinical_reference
2021-2023,CBC_L,LBXRBCSI,female,50-59,501,4.530499001996008,0.40726496350533514,3.94,4.03,4.27,4.5,4.78,5.0,5.21,exploratory_unweighted_not_clinical_reference
2021-2023,CBC_L,LBXRBCSI,female,60-69,781,4.48820742637644,0.39754646623580125,3.87,4.01,4.24,4.49,4.74,4.98,5.12,exploratory_unweighted_not_clinical_reference
2021-2023,CBC_L,LBXRBCSI,female,70-79,479,4.410417536534447,0.440570466280676,3.689,3.888,4.14,4.4,4.68,4.942,5.1209999999999996,exploratory_unweighted_not_clinical_reference
2021-2023,CBC_L,LBXRBCSI,female,80+,170,4.333529411764706,0.4369019655851829,3.549,3.778,4.0825,4.36,4.65,4.831,4.9355,exploratory_unweighted_not_clinical_reference
2021-2023,CBC_L,LBXRBCSI,male,0-11,438,4.657534246575342,0.33231225489178357,4.1555,4.27,4.422499999999999,4.63,4.8675,5.093,5.24,exploratory_unweighted_not_clinical_reference
2021-2023,CBC_L,LBXRBCSI,male,12-17,351,5.092108262108262,0.37926560570977125,4.53,4.64,4.825,5.06,5.32,5.56,5.745,exploratory_unweighted_not_clinical_reference
2021-2023,CBC_L,LBXRBCSI,male,18-29,387,5.096873385012921,0.3886722342652882,4.47,4.66,4.85,5.08,5.34,5.614000000000001,5.8,exploratory_unweighted_not_clinical_reference
2021-2023,CBC_L,LBXRBCSI,male,30-39,362,5.03646408839779,0.43938156624583824,4.4205,4.541,4.8025,5.03,5.2675,5.557,5.6995000000000005,exploratory_unweighted_not_clinical_reference
2021-2023,CBC_L,LBXRBCSI,male,40-49,341,4.977565982404692,0.42733331723125717,4.36,4.49,4.71,4.94,5.23,5.52,5.65,exploratory_unweighted_not_clinical_reference
2021-2023,CBC_L,LBXRBCSI,male,50-59,397,4.923425692695214,0.4570937536668476,4.198,4.376,4.64,4.92,5.21,5.51,5.63,exploratory_unweighted_not_clinical_reference
2021-2023,CBC_L,LBXRBCSI,male,60-69,627,4.800526315789473,0.46480049366046494,4.083,4.26,4.55,4.79,5.07,5.358,5.536999999999999,exploratory_unweighted_not_clinical_reference
2021-2023,CBC_L,LBXRBCSI,male,70-79,439,4.665603644646924,0.5303027803913494,3.73,3.988,4.36,4.68,4.99,5.271999999999999,5.5009999999999994,exploratory_unweighted_not_clinical_reference
2021-2023,CBC_L,LBXRBCSI,male,80+,150,4.436733333333334,0.5590650112472564,3.4045,3.6740000000000004,4.13,4.46,4.7775,5.0969999999999995,5.321,exploratory_unweighted_not_clinical_reference
2021-2023,CBC_L,LBXHGB,female,0-11,434,12.635253456221198,0.9513945302763513,11.1,11.4,12.0,12.7,13.3,13.8,14.134999999999996,exploratory_unweighted_not_clinical_reference
2021-2023,CBC_L,LBXHGB,female,12-17,366,12.795081967213115,1.2138144873502397,10.725,11.3,12.2,12.9,13.6,14.1,14.5,exploratory_unweighted_not_clinical_reference
2021-2023,CBC_L,LBXHGB,female,18-29,452,12.957300884955753,1.1873183437480217,10.9,11.4,12.4,13.1,13.7,14.4,14.6,exploratory_unweighted_not_clinical_reference
2021-2023,CBC_L,LBXHGB,female,30-39,485,13.06536082474227,1.251394314797201,10.72,11.540000000000001,12.5,13.2,13.9,14.4,14.7,exploratory_unweighted_not_clinical_reference
2021-2023,CBC_L,LBXHGB,female,40-49,433,13.04688221709007,1.3978805807505579,10.62,11.32,12.3,13.2,13.9,14.5,15.1,exploratory_unweighted_not_clinical_reference
2021-2023,CBC_L,LBXHGB,female,50-59,501,13.385429141716568,1.1882622881624503,11.4,11.9,12.7,13.5,14.2,14.8,15.0,exploratory_unweighted_not_clinical_reference
2021-2023,CBC_L,LBXHGB,female,60-69,781,13.407682458386683,1.1744141503208945,11.4,11.9,12.7,13.5,14.2,14.7,15.2,exploratory_unweighted_not_clinical_reference
2021-2023,CBC_L,LBXHGB,female,70-79,479,13.23402922755741,1.1859492284097664,11.39,11.9,12.5,13.3,14.0,14.7,15.1,exploratory_unweighted_not_clinical_reference
2021-2023,CBC_L,LBXHGB,female,80+,170,13.100588235294115,1.2801856863661416,10.745,11.49,12.3,13.25,13.975,14.7,15.054999999999998,exploratory_unweighted_not_clinical_reference
2021-2023,CBC_L,LBXHGB,male,0-11,438,12.734246575342466,0.8729422372573039,11.3,11.6,12.1,12.7,13.3,13.8,14.214999999999998,exploratory_unweighted_not_clinical_reference
2021-2023,CBC_L,LBXHGB,male,12-17,351,14.560398860398863,1.070219662578728,12.8,13.3,13.9,14.5,15.3,16.0,16.2,exploratory_unweighted_not_clinical_reference
2021-2023,CBC_L,LBXHGB,male,18-29,387,15.122222222222224,0.9518578627630584,13.5,14.0,14.5,15.2,15.7,16.3,16.6,exploratory_unweighted_not_clinical_reference
2021-2023,CBC_L,LBXHGB,male,30-39,362,14.952209944751383,1.1703436435037993,13.205,13.8,14.325000000000001,14.9,15.6,16.3,16.7,exploratory_unweighted_not_clinical_reference
2021-2023,CBC_L,LBXHGB,male,40-49,341,14.962463343108503,1.1780586358019767,13.1,13.6,14.3,15.0,15.7,16.3,16.7,exploratory_unweighted_not_clinical_reference
2021-2023,CBC_L,LBXHGB,male,50-59,397,14.865743073047858,1.4280682949473975,12.64,13.2,14.2,15.0,15.7,16.5,17.0,exploratory_unweighted_not_clinical_reference
2021-2023,CBC_L,LBXHGB,male,60-69,627,14.657097288676235,1.2892873412654255,12.4,13.2,14.0,14.7,15.5,16.2,16.5,exploratory_unweighted_not_clinical_reference
2021-2023,CBC_L,LBXHGB,male,70-79,439,14.279726651480638,1.4283572701953948,11.69,12.5,13.4,14.4,15.2,16.0,16.4,exploratory_unweighted_not_clinical_reference
2021-2023,CBC_L,LBXHGB,male,80+,150,13.694666666666665,1.5240262230065575,10.945,11.59,12.9,13.8,14.6,15.41,15.964999999999996,exploratory_unweighted_not_clinical_reference
2021-2023,CBC_L,LBXHCT,female,0-11,434,37.329953917050695,2.577380107702483,33.3,34.1,35.7,37.3,39.1,40.57,41.5,exploratory_unweighted_not_clinical_reference
2021-2023,CBC_L,LBXHCT,female,12-17,366,38.28169398907104,2.977820914110134,33.4,34.6,36.6,38.5,40.2,41.7,42.75,exploratory_unweighted_not_clinical_reference
2021-2023,CBC_L,LBXHCT,female,18-29,452,38.596460176991144,3.0845061402485503,32.8,34.6,37.1,38.7,40.7,42.3,43.2,exploratory_unweighted_not_clinical_reference
2021-2023,CBC_L,LBXHCT,female,30-39,485,38.919999999999995,3.291648585925165,33.24,34.64,37.2,39.3,41.1,42.6,43.5,exploratory_unweighted_not_clinical_reference
2021-2023,CBC_L,LBXHCT,female,40-49,433,38.86997690531178,3.6865903459829967,32.32,34.72,36.8,39.0,41.2,42.9,44.239999999999995,exploratory_unweighted_not_clinical_reference
2021-2023,CBC_L,LBXHCT,female,50-59,501,39.83972055888223,3.2431464847824074,34.3,35.9,38.0,40.0,41.9,43.7,44.8,exploratory_unweighted_not_clinical_reference
2021-2023,CBC_L,LBXHCT,female,60-69,781,39.91229193341869,3.298795817093071,34.4,35.7,37.9,40.1,42.0,43.8,45.0,exploratory_unweighted_not_clinical_reference
2021-2023,CBC_L,LBXHCT,female,70-79,479,39.53173277661796,3.4063433509669254,33.89,35.6,37.5,39.6,41.6,43.6,44.8,exploratory_unweighted_not_clinical_reference
2021-2023,CBC_L,LBXHCT,female,80+,170,39.09823529411764,3.7226235186315644,32.535000000000004,33.99,36.9,39.4,41.775,43.9,44.51,exploratory_unweighted_not_clinical_reference
2021-2023,CBC_L,LBXHCT,male,0-11,438,37.533561643835625,2.4082793138729595,33.6,34.37,35.925,37.5,39.0,40.8,41.6,exploratory_unweighted_not_clinical_reference
2021-2023,CBC_L,LBXHCT,male,12-17,351,42.82193732193732,2.8917918728809364,38.0,39.2,40.9,42.8,44.75,46.7,47.55,exploratory_unweighted_not_clinical_reference
2021-2023,CBC_L,LBXHCT,male,18-29,387,44.30826873385013,2.7068774144614403,39.83,40.8,42.8,44.3,46.2,47.5,48.6,exploratory_unweighted_not_clinical_reference
2021-2023,CBC_L,LBXHCT,male,30-39,362,43.87513812154696,3.2699658367737383,39.505,40.4,42.1,43.8,45.8,47.59,48.894999999999996,exploratory_unweighted_not_clinical_reference
2021-2023,CBC_L,LBXHCT,male,40-49,341,43.88885630498534,3.177567351976955,38.5,40.2,41.9,44.0,46.0,47.6,48.8,exploratory_unweighted_not_clinical_reference
2021-2023,CBC_L,LBXHCT,male,50-59,397,43.78664987405542,3.912934793452266,37.699999999999996,39.5,41.6,43.9,46.2,48.4,49.72,exploratory_unweighted_not_clinical_reference
2021-2023,CBC_L,LBXHCT,male,60-69,627,43.1822966507177,3.6672833597816323,36.93,39.02,41.2,43.2,45.6,47.6,48.46999999999999,exploratory_unweighted_not_clinical_reference
2021-2023,CBC_L,LBXHCT,male,70-79,439,42.28724373576309,4.18257653788329,35.1,36.48,40.05,42.5,45.2,47.4,48.3,exploratory_unweighted_not_clinical_reference
2021-2023,CBC_L,LBXHCT,male,80+,150,40.81466666666667,4.316713058926853,32.745,34.68,38.824999999999996,41.150000000000006,43.5,45.61,46.955,exploratory_unweighted_not_clinical_reference
2021-2023,CBC_L,LBXMCVSI,female,0-11,434,81.263133640553,4.985148877035651,72.165,75.43,78.92500000000001,81.9,84.3,86.71,88.5,exploratory_unweighted_not_clinical_reference
2021-2023,CBC_L,LBXMCVSI,female,12-17,366,84.02732240437159,6.162419640412178,72.15,75.9,81.525,85.25,87.875,90.5,91.6,exploratory_unweighted_not_clinical_reference
2021-2023,CBC_L,LBXMCVSI,female,18-29,452,85.92654867256638,6.1920164277143765,73.365,78.3,83.5,87.2,89.725,92.19000000000001,93.745,exploratory_unweighted_not_clinical_reference
2021-2023,CBC_L,LBXMCVSI,female,30-39,485,86.74948453608248,6.121357471650503,75.32,79.98,84.4,87.5,90.3,93.3,95.67999999999999,exploratory_unweighted_not_clinical_reference
2021-2023,CBC_L,LBXMCVSI,female,40-49,433,87.12309468822171,6.519097488717459,74.16,80.02,84.3,87.9,91.4,94.18,95.6,exploratory_unweighted_not_clinical_reference
2021-2023,CBC_L,LBXMCVSI,female,50-59,501,88.22774451097806,6.045541224952057,77.9,82.0,85.5,88.8,91.9,94.6,97.0,exploratory_unweighted_not_clinical_reference
2021-2023,CBC_L,LBXMCVSI,female,60-69,781,89.15108834827144,5.280827874940507,80.7,82.9,86.3,89.4,92.4,95.1,96.3,exploratory_unweighted_not_clinical_reference
2021-2023,CBC_L,LBXMCVSI,female,70-79,479,89.90334029227557,5.0125438166330305,81.57,83.7,87.0,90.1,93.15,95.92,97.8,exploratory_unweighted_not_clinical_reference
2021-2023,CBC_L,LBXMCVSI,female,80+,170,90.4435294117647,5.113526488639459,81.35000000000001,84.78999999999999,87.325,90.5,93.6,95.82,97.9,exploratory_unweighted_not_clinical_reference
2021-2023,CBC_L,LBXMCVSI,male,0-11,438,80.75182648401827,4.2956296077828195,73.1,75.17,77.9,81.4,83.475,85.7,87.215,exploratory_unweighted_not_clinical_reference
2021-2023,CBC_L,LBXMCVSI,male,12-17,351,84.27464387464389,4.543146905107054,76.35,78.3,81.7,85.1,87.1,89.3,90.6,exploratory_unweighted_not_clinical_reference
2021-2023,CBC_L,LBXMCVSI,male,18-29,387,87.15658914728684,4.275757272465608,80.23,81.8,84.8,87.3,90.0,91.8,93.5,exploratory_unweighted_not_clinical_reference
2021-2023,CBC_L,LBXMCVSI,male,30-39,362,87.36243093922653,5.006220247409967,80.405,82.41000000000001,85.1,87.7,90.1,92.49000000000001,94.3,exploratory_unweighted_not_clinical_reference
2021-2023,CBC_L,LBXMCVSI,male,40-49,341,88.41407624633432,4.937805071444312,81.2,83.0,85.8,88.8,91.3,93.9,95.6,exploratory_unweighted_not_clinical_reference
2021-2023,CBC_L,LBXMCVSI,male,50-59,397,89.16700251889169,5.680681806825451,80.48,83.2,86.3,89.9,92.3,95.2,97.5,exploratory_unweighted_not_clinical_reference
2021-2023,CBC_L,LBXMCVSI,male,60-69,627,90.22488038277513,5.160124801291349,81.46000000000001,84.4,87.5,90.3,93.0,95.88,98.47,exploratory_unweighted_not_clinical_reference
2021-2023,CBC_L,LBXMCVSI,male,70-79,439,90.9519362186788,5.32463385544516,82.6,85.18,88.2,91.2,94.1,96.8,99.1,exploratory_unweighted_not_clinical_reference
2021-2023,CBC_L,LBXMCVSI,male,80+,150,92.44399999999999,6.161054124049154,85.0,85.58999999999999,88.95,92.6,95.375,98.85,101.82,exploratory_unweighted_not_clinical_reference
2021-2023,CBC_L,LBXMC,female,0-11,434,33.824884792626726,0.893692607278363,32.2,32.7,33.3,33.9,34.4,34.9,35.4,exploratory_unweighted_not_clinical_reference
2021-2023,CBC_L,LBXMC,female,12-17,366,33.39562841530055,1.0173198813542266,31.7,32.1,32.8,33.5,34.075,34.650000000000006,34.9,exploratory_unweighted_not_clinical_reference
2021-2023,CBC_L,LBXMC,female,18-29,452,33.53451327433628,0.9344853960750287,31.7,32.4,33.0,33.6,34.2,34.59,34.845,exploratory_unweighted_not_clinical_reference
2021-2023,CBC_L,LBXMC,female,30-39,485,33.531958762886596,0.9292477175705284,32.1,32.5,33.1,33.6,34.1,34.5,34.879999999999995,exploratory_unweighted_not_clinical_reference
2021-2023,CBC_L,LBXMC,female,40-49,433,33.52586605080831,0.9709558819064197,31.9,32.4,33.0,33.6,34.2,34.6,34.8,exploratory_unweighted_not_clinical_reference
2021-2023,CBC_L,LBXMC,female,50-59,501,33.574051896207585,0.9153607754876747,32.0,32.5,33.0,33.6,34.2,34.6,34.9,exploratory_unweighted_not_clinical_reference
2021-2023,CBC_L,LBXMC,female,60-69,781,33.571318822023045,0.8060170686088893,32.2,32.6,33.1,33.6,34.0,34.5,34.8,exploratory_unweighted_not_clinical_reference
2021-2023,CBC_L,LBXMC,female,70-79,479,33.469102296450934,0.7845296994672539,32.3,32.48,33.0,33.5,34.0,34.4,34.7,exploratory_unweighted_not_clinical_reference
2021-2023,CBC_L,LBXMC,female,80+,170,33.489999999999995,0.9868154506937,32.19,32.5,33.0,33.5,33.975,34.5,34.855,exploratory_unweighted_not_clinical_reference
2021-2023,CBC_L,LBXMC,male,0-11,438,33.9162100456621,0.8254461503236952,32.6,32.9,33.3,33.9,34.5,34.9,35.3,exploratory_unweighted_not_clinical_reference
2021-2023,CBC_L,LBXMC,male,12-17,351,33.98717948717949,0.8541199442238072,32.5,32.9,33.4,34.0,34.6,35.1,35.3,exploratory_unweighted_not_clinical_reference
2021-2023,CBC_L,LBXMC,male,18-29,387,34.12428940568475,0.8303374674249918,32.730000000000004,33.1,33.6,34.1,34.6,35.2,35.5,exploratory_unweighted_not_clinical_reference
2021-2023,CBC_L,LBXMC,male,30-39,362,34.072651933701664,0.8716514941579109,32.7,33.0,33.5,34.1,34.6,35.1,35.4,exploratory_unweighted_not_clinical_reference
2021-2023,CBC_L,LBXMC,male,40-49,341,34.079765395894434,0.8476097555716372,32.8,33.1,33.5,34.1,34.6,35.1,35.4,exploratory_unweighted_not_clinical_reference
2021-2023,CBC_L,LBXMC,male,50-59,397,33.92921914357683,0.9342271936363059,32.6,32.9,33.3,33.9,34.5,35.040000000000006,35.4,exploratory_unweighted_not_clinical_reference
2021-2023,CBC_L,LBXMC,male,60-69,627,33.940988835725676,0.8692626478765614,32.5,32.8,33.4,33.9,34.4,35.1,35.3,exploratory_unweighted_not_clinical_reference
2021-2023,CBC_L,LBXMC,male,70-79,439,33.759453302961276,0.8826049406511934,32.3,32.7,33.3,33.7,34.3,34.8,35.1,exploratory_unweighted_not_clinical_reference
2021-2023,CBC_L,LBXMC,male,80+,150,33.526,0.7249559116425655,32.19,32.6,33.1,33.6,34.0,34.309999999999995,34.555,exploratory_unweighted_not_clinical_reference
2021-2023,CBC_L,LBXMCHSI,female,0-11,434,27.500921658986176,2.0267948914369076,23.665,25.0,26.625,27.8,28.7,29.7,30.2,exploratory_unweighted_not_clinical_reference
2021-2023,CBC_L,LBXMCHSI,female,12-17,366,28.095355191256836,2.619788814988216,22.725,24.5,26.825,28.6,29.8,30.75,31.2,exploratory_unweighted_not_clinical_reference
2021-2023,CBC_L,LBXMCHSI,female,18-29,452,28.847566371681417,2.579222507426107,23.31,25.51,27.8,29.5,30.5,31.3,32.0,exploratory_unweighted_not_clinical_reference
2021-2023,CBC_L,LBXMCHSI,female,30-39,485,29.117525773195876,2.513657336312242,24.32,26.3,28.2,29.4,30.6,31.8,32.4,exploratory_unweighted_not_clinical_reference
2021-2023,CBC_L,LBXMCHSI,female,40-49,433,29.233487297921478,2.6803401327571916,23.82,25.919999999999998,28.0,29.8,30.9,32.0,32.6,exploratory_unweighted_not_clinical_reference
2021-2023,CBC_L,LBXMCHSI,female,50-59,501,29.641916167664675,2.4661061455172772,25.1,26.9,28.7,29.9,31.1,32.3,33.1,exploratory_unweighted_not_clinical_reference
2021-2023,CBC_L,LBXMCHSI,female,60-69,781,29.941357234314978,2.1235112919020276,26.5,27.5,28.9,30.1,31.3,32.3,33.0,exploratory_unweighted_not_clinical_reference
2021-2023,CBC_L,LBXMCHSI,female,70-79,479,30.096242171189974,2.0041135708409215,26.79,27.4,29.0,30.1,31.4,32.6,33.3,exploratory_unweighted_not_clinical_reference
2021-2023,CBC_L,LBXMCHSI,female,80+,170,30.295882352941184,2.1649536634245767,27.28,27.99,29.3,30.3,31.575000000000003,32.5,33.155,exploratory_unweighted_not_clinical_reference
2021-2023,CBC_L,LBXMCHSI,male,0-11,438,27.39543378995434,1.7374004540437593,24.185,25.27,26.3,27.6,28.6,29.3,29.9,exploratory_unweighted_not_clinical_reference
2021-2023,CBC_L,LBXMCHSI,male,12-17,351,28.65099715099715,1.8810613652913772,25.15,26.2,27.7,28.9,29.85,30.6,31.2,exploratory_unweighted_not_clinical_reference
2021-2023,CBC_L,LBXMCHSI,male,18-29,387,29.742118863049097,1.7580926594768764,26.43,27.5,28.9,29.8,30.8,31.740000000000002,32.37,exploratory_unweighted_not_clinical_reference
2021-2023,CBC_L,LBXMCHSI,male,30-39,362,29.77458563535911,2.025082459827393,26.705,27.610000000000003,28.9,30.0,30.9,31.8,32.394999999999996,exploratory_unweighted_not_clinical_reference
2021-2023,CBC_L,LBXMCHSI,male,40-49,341,30.13988269794721,1.9989979808334546,27.3,28.1,29.1,30.2,31.3,32.3,33.0,exploratory_unweighted_not_clinical_reference
2021-2023,CBC_L,LBXMCHSI,male,50-59,397,30.26876574307305,2.330275428736482,26.5,27.86,29.1,30.5,31.7,32.8,33.4,exploratory_unweighted_not_clinical_reference
2021-2023,CBC_L,LBXMCHSI,male,60-69,627,30.628229665071768,2.1084154881076875,27.130000000000003,28.3,29.6,30.7,31.9,33.0,33.6,exploratory_unweighted_not_clinical_reference
2021-2023,CBC_L,LBXMCHSI,male,70-79,439,30.71503416856492,2.149142748545188,27.2,28.28,29.7,30.8,32.0,33.1,33.61,exploratory_unweighted_not_clinical_reference
2021-2023,CBC_L,LBXMCHSI,male,80+,150,30.995333333333328,2.3536445155530266,27.9,28.59,29.7,31.05,32.1,33.61,34.364999999999995,exploratory_unweighted_not_clinical_reference
2021-2023,CBC_L,LBXRDW,female,0-11,434,13.540322580645162,1.0457704927062315,12.3,12.5,12.8,13.3,13.9,14.7,15.4,exploratory_unweighted_not_clinical_reference
2021-2023,CBC_L,LBXRDW,female,12-17,366,13.943169398907104,1.5695195351525228,12.4,12.6,12.9,13.5,14.3,16.0,17.1,exploratory_unweighted_not_clinical_reference
2021-2023,CBC_L,LBXRDW,female,18-29,452,13.802212389380532,1.5682250814249346,12.3,12.5,12.9,13.4,14.125,15.7,17.044999999999998,exploratory_unweighted_not_clinical_reference
2021-2023,CBC_L,LBXRDW,female,30-39,485,13.762268041237116,1.4235907234314797,12.4,12.6,12.9,13.4,14.1,15.1,16.3,exploratory_unweighted_not_clinical_reference
2021-2023,CBC_L,LBXRDW,female,40-49,433,14.140877598152425,1.9037405106112455,12.4,12.7,13.0,13.6,14.6,16.3,17.479999999999997,exploratory_unweighted_not_clinical_reference
2021-2023,CBC_L,LBXRDW,female,50-59,501,14.008982035928144,1.6278265146128585,12.6,12.8,13.1,13.7,14.5,15.6,16.5,exploratory_unweighted_not_clinical_reference
2021-2023,CBC_L,LBXRDW,female,60-69,781,13.906530089628681,1.1637123931751139,12.6,12.8,13.2,13.7,14.3,15.3,16.0,exploratory_unweighted_not_clinical_reference
2021-2023,CBC_L,LBXRDW,female,70-79,479,14.086012526096034,1.3013480972190552,12.7,12.9,13.3,13.8,14.5,15.5,16.1,exploratory_unweighted_not_clinical_reference
2021-2023,CBC_L,LBXRDW,female,80+,170,14.20058823529412,1.264560033358354,12.845,13.1,13.5,14.0,14.7,15.5,15.954999999999998,exploratory_unweighted_not_clinical_reference
2021-2023,CBC_L,LBXRDW,male,0-11,438,13.629908675799086,0.9123086569041838,12.4,12.7,13.0,13.5,14.1,14.63,15.1,exploratory_unweighted_not_clinical_reference
2021-2023,CBC_L,LBXRDW,male,12-17,351,13.555270655270657,0.8267453387276247,12.6,12.8,13.0,13.4,13.9,14.4,15.1,exploratory_unweighted_not_clinical_reference
2021-2023,CBC_L,LBXRDW,male,18-29,387,13.236175710594315,0.6557310915173915,12.3,12.5,12.8,13.2,13.5,14.1,14.5,exploratory_unweighted_not_clinical_reference
2021-2023,CBC_L,LBXRDW,male,30-39,362,13.426519337016574,1.0862849525976148,12.5,12.7,12.9,13.2,13.7,14.2,14.9,exploratory_unweighted_not_clinical_reference
2021-2023,CBC_L,LBXRDW,male,40-49,341,13.591202346041054,1.348216258440719,12.5,12.7,12.9,13.3,13.9,14.5,15.0,exploratory_unweighted_not_clinical_reference
2021-2023,CBC_L,LBXRDW,male,50-59,397,13.84382871536524,1.2154491421084364,12.5,12.8,13.1,13.6,14.1,15.0,16.32,exploratory_unweighted_not_clinical_reference
2021-2023,CBC_L,LBXRDW,male,60-69,627,13.864593301435404,1.091759703993952,12.7,12.9,13.2,13.7,14.2,15.0,15.8,exploratory_unweighted_not_clinical_reference
2021-2023,CBC_L,LBXRDW,male,70-79,439,14.091343963553532,1.4197941093432553,12.790000000000001,13.0,13.3,13.8,14.5,15.2,16.1,exploratory_unweighted_not_clinical_reference
2021-2023,CBC_L,LBXRDW,male,80+,150,14.324,1.2375923801191,12.8,13.09,13.5,14.2,14.8,15.7,16.055,exploratory_unweighted_not_clinical_reference
2021-2023,CBC_L,LBXPLTSI,female,0-11,434,329.98617511520735,74.67388556165118,223.0,243.0,278.0,322.0,372.75,424.7,464.0,exploratory_unweighted_not_clinical_reference
2021-2023,CBC_L,LBXPLTSI,female,12-17,366,298.0655737704918,67.74259149160632,197.25,217.5,252.0,289.5,335.75,395.0,416.75,exploratory_unweighted_not_clinical_reference
2021-2023,CBC_L,LBXPLTSI,female,18-29,452,280.3141592920354,65.84553902667157,186.65,203.0,236.0,272.0,320.0,365.0,394.9,exploratory_unweighted_not_clinical_reference
2021-2023,CBC_L,LBXPLTSI,female,30-39,485,290.02268041237113,71.54789112339722,186.2,207.0,241.0,285.0,333.0,382.0,409.79999999999995,exploratory_unweighted_not_clinical_reference
2021-2023,CBC_L,LBXPLTSI,female,40-49,433,284.84295612009237,72.53104892325626,184.0,200.0,234.0,280.0,327.0,369.8,401.0,exploratory_unweighted_not_clinical_reference
2021-2023,CBC_L,LBXPLTSI,female,50-59,501,269.83433133732535,67.87976501875943,173.0,192.0,224.0,266.0,308.0,351.0,385.0,exploratory_unweighted_not_clinical_reference
2021-2023,CBC_L,LBXPLTSI,female,60-69,781,263.61971830985914,70.09376555489182,168.0,185.0,221.0,258.0,297.0,341.0,385.0,exploratory_unweighted_not_clinical_reference
2021-2023,CBC_L,LBXPLTSI,female,70-79,479,255.22338204592901,66.6320863646615,166.0,183.0,209.5,249.0,291.0,335.2,365.49999999999983,exploratory_unweighted_not_clinical_reference
2021-2023,CBC_L,LBXPLTSI,female,80+,170,237.34117647058824,68.77259550212462,152.9,166.70000000000002,191.5,229.0,270.5,320.0,364.65,exploratory_unweighted_not_clinical_reference
2021-2023,CBC_L,LBXPLTSI,male,0-11,438,321.24429223744295,67.83033181929244,226.0,242.0,276.0,314.0,358.75,399.6,437.29999999999995,exploratory_unweighted_not_clinical_reference
2021-2023,CBC_L,LBXPLTSI,male,12-17,351,264.6837606837607,56.913365174896626,185.5,199.0,226.5,262.0,296.0,329.0,368.5,exploratory_unweighted_not_clinical_reference
2021-2023,CBC_L,LBXPLTSI,male,18-29,387,248.63565891472868,54.30215856326039,173.0,185.6,212.0,244.0,279.5,315.80000000000007,340.79999999999995,exploratory_unweighted_not_clinical_reference
2021-2023,CBC_L,LBXPLTSI,male,30-39,362,250.38121546961327,55.640301867174855,174.0,187.1,210.25,247.5,287.0,321.7000000000001,346.95,exploratory_unweighted_not_clinical_reference
2021-2023,CBC_L,LBXPLTSI,male,40-49,341,247.17302052785925,62.46845772983111,163.0,177.0,207.0,244.0,273.0,316.0,362.0,exploratory_unweighted_not_clinical_reference
2021-2023,CBC_L,LBXPLTSI,male,50-59,397,239.60705289672543,53.25635306750008,163.8,179.0,208.0,237.0,268.0,300.40000000000003,334.0,exploratory_unweighted_not_clinical_reference
2021-2023,CBC_L,LBXPLTSI,male,60-69,627,234.2200956937799,60.03640571231299,154.0,163.6,193.0,228.0,266.0,312.79999999999995,344.49999999999966,exploratory_unweighted_not_clinical_reference
2021-2023,CBC_L,LBXPLTSI,male,70-79,439,223.6605922551253,64.99456296624777,147.9,159.0,184.0,214.0,256.0,295.4,319.0,exploratory_unweighted_not_clinical_reference
2021-2023,CBC_L,LBXPLTSI,male,80+,150,207.73333333333332,61.55138265656689,125.15,143.9,169.25,196.5,245.75,276.59999999999997,306.09999999999997,exploratory_unweighted_not_clinical_reference
2021-2023,CBC_L,LBXMPSI,female,0-11,434,7.558064516129032,0.7972770840271859,6.4,6.6,7.0,7.5,8.1,8.6,8.9,exploratory_unweighted_not_clinical_reference
2021-2023,CBC_L,LBXMPSI,female,12-17,366,8.113387978142077,0.8945258159281533,6.9,7.1,7.6,8.0,8.6,9.3,9.8,exploratory_unweighted_not_clinical_reference
2021-2023,CBC_L,LBXMPSI,female,18-29,452,8.24137168141593,0.9263287927503493,6.9,7.1,7.6,8.2,8.7,9.4,9.944999999999999,exploratory_unweighted_not_clinical_reference
2021-2023,CBC_L,LBXMPSI,female,30-39,485,8.186185567010309,0.9249273405670569,6.8,7.1,7.6,8.1,8.7,9.460000000000003,9.8,exploratory_unweighted_not_clinical_reference
2021-2023,CBC_L,LBXMPSI,female,40-49,433,8.089376443418013,0.8684158785138109,6.8,7.1,7.5,8.0,8.6,9.1,9.5,exploratory_unweighted_not_clinical_reference
2021-2023,CBC_L,LBXMPSI,female,50-59,501,8.203592814371257,0.9595139737743601,6.8,7.0,7.5,8.1,8.8,9.5,9.9,exploratory_unweighted_not_clinical_reference
2021-2023,CBC_L,LBXMPSI,female,60-69,781,8.153521126760563,0.8877101173455799,6.8,7.1,7.5,8.1,8.7,9.3,9.8,exploratory_unweighted_not_clinical_reference
2021-2023,CBC_L,LBXMPSI,female,70-79,479,8.099582463465552,0.9284439635752704,6.69,6.98,7.5,8.0,8.6,9.4,9.8,exploratory_unweighted_not_clinical_reference
2021-2023,CBC_L,LBXMPSI,female,80+,170,8.242352941176472,0.9137835345792905,6.845,7.1,7.625,8.2,8.8,9.5,9.809999999999997,exploratory_unweighted_not_clinical_reference
2021-2023,CBC_L,LBXMPSI,male,0-11,438,7.570091324200913,0.7477474890832326,6.5,6.67,7.1,7.5,8.1,8.530000000000001,8.8,exploratory_unweighted_not_clinical_reference
2021-2023,CBC_L,LBXMPSI,male,12-17,351,8.10968660968661,0.8795892962498634,6.9,7.1,7.5,8.0,8.6,9.3,9.7,exploratory_unweighted_not_clinical_reference
2021-2023,CBC_L,LBXMPSI,male,18-29,387,8.290956072351422,0.8903896018839633,6.9,7.2,7.6,8.3,8.9,9.5,9.8,exploratory_unweighted_not_clinical_reference
2021-2023,CBC_L,LBXMPSI,male,30-39,362,8.2146408839779,0.8846997445413106,7.0,7.2,7.6,8.1,8.7,9.3,9.8,exploratory_unweighted_not_clinical_reference
2021-2023,CBC_L,LBXMPSI,male,40-49,341,8.14692082111437,0.915695278852231,6.8,7.1,7.5,8.0,8.7,9.4,9.9,exploratory_unweighted_not_clinical_reference
2021-2023,CBC_L,LBXMPSI,male,50-59,397,8.1272040302267,0.8782245008670109,6.9,7.1,7.5,8.0,8.6,9.3,9.9,exploratory_unweighted_not_clinical_reference
2021-2023,CBC_L,LBXMPSI,male,60-69,627,8.130462519936204,0.8953270288609494,6.8,7.0,7.5,8.1,8.7,9.3,9.6,exploratory_unweighted_not_clinical_reference
2021-2023,CBC_L,LBXMPSI,male,70-79,439,8.048974943052391,0.8927882529847262,6.8,7.0,7.4,7.9,8.6,9.2,9.7,exploratory_unweighted_not_clinical_reference
2021-2023,CBC_L,LBXMPSI,male,80+,150,8.223333333333333,0.8925806538983726,6.945,7.2,7.525,8.149999999999999,8.8,9.41,9.754999999999999,exploratory_unweighted_not_clinical_reference
2021-2023,CBC_L,LBXNRBC,female,0-11,434,0.07188940092165899,0.07502194738527262,5.397605346934028e-79,5.397605346934028e-79,5.397605346934028e-79,0.1,0.1,0.2,0.2,exploratory_unweighted_not_clinical_reference
2021-2023,CBC_L,LBXNRBC,female,12-17,365,0.060821917808219175,0.07205296862392763,5.397605346934028e-79,5.397605346934028e-79,5.397605346934028e-79,0.1,0.1,0.1,0.1,exploratory_unweighted_not_clinical_reference
2021-2023,CBC_L,LBXNRBC,female,18-29,451,0.06075388026607539,0.06558020840855935,5.397605346934028e-79,5.397605346934028e-79,5.397605346934028e-79,0.1,0.1,0.1,0.15000000000000002,exploratory_unweighted_not_clinical_reference
2021-2023,CBC_L,LBXNRBC,female,30-39,485,0.05835051546391752,0.06521864707571479,5.397605346934028e-79,5.397605346934028e-79,5.397605346934028e-79,0.1,0.1,0.1,0.1,exploratory_unweighted_not_clinical_reference
2021-2023,CBC_L,LBXNRBC,female,40-49,432,0.06550925925925925,0.06805361546339977,5.397605346934028e-79,5.397605346934028e-79,5.397605346934028e-79,0.1,0.1,0.1,0.2,exploratory_unweighted_not_clinical_reference
2021-2023,CBC_L,LBXNRBC,female,50-59,499,0.06753507014028057,0.08728465337851046,5.397605346934028e-79,5.397605346934028e-79,5.397605346934028e-79,0.1,0.1,0.1,0.2,exploratory_unweighted_not_clinical_reference
2021-2023,CBC_L,LBXNRBC,female,60-69,781,0.06670934699103713,0.11102346149470091,5.397605346934028e-79,5.397605346934028e-79,5.397605346934028e-79,0.1,0.1,0.1,0.2,exploratory_unweighted_not_clinical_reference
2021-2023,CBC_L,LBXNRBC,female,70-79,478,0.06694560669456066,0.06725745437747142,5.397605346934028e-79,5.397605346934028e-79,5.397605346934028e-79,0.1,0.1,0.1,0.2,exploratory_unweighted_not_clinical_reference
2021-2023,CBC_L,LBXNRBC,female,80+,170,0.0688235294117647,0.06900667602907685,5.397605346934028e-79,5.397605346934028e-79,5.397605346934028e-79,0.1,0.1,0.1,0.2,exploratory_unweighted_not_clinical_reference
2021-2023,CBC_L,LBXNRBC,male,0-11,438,0.07488584474885844,0.07478029287129294,5.397605346934028e-79,5.397605346934028e-79,5.397605346934028e-79,0.1,0.1,0.2,0.2,exploratory_unweighted_not_clinical_reference
2021-2023,CBC_L,LBXNRBC,male,12-17,351,0.07863247863247863,0.08366162441207677,5.397605346934028e-79,5.397605346934028e-79,5.397605346934028e-79,0.1,0.1,0.2,0.2,exploratory_unweighted_not_clinical_reference
2021-2023,CBC_L,LBXNRBC,male,18-29,387,0.08914728682170543,0.07974081402504034,5.397605346934028e-79,5.397605346934028e-79,5.397605346934028e-79,0.1,0.1,0.2,0.2,exploratory_unweighted_not_clinical_reference
2021-2023,CBC_L,LBXNRBC,male,30-39,362,0.11132596685082873,0.2736010173957267,5.397605346934028e-79,5.397605346934028e-79,5.397605346934028e-79,0.1,0.1,0.2,0.2949999999999989,exploratory_unweighted_not_clinical_reference
2021-2023,CBC_L,LBXNRBC,male,40-49,340,0.09088235294117647,0.09155708592265226,5.397605346934028e-79,5.397605346934028e-79,5.397605346934028e-79,0.1,0.1,0.2,0.2,exploratory_unweighted_not_clinical_reference
2021-2023,CBC_L,LBXNRBC,male,50-59,395,0.08531645569620253,0.08601197300432298,5.397605346934028e-79,5.397605346934028e-79,5.397605346934028e-79,0.1,0.1,0.2,0.2,exploratory_unweighted_not_clinical_reference
2021-2023,CBC_L,LBXNRBC,male,60-69,626,0.08242811501597444,0.0826240571763524,5.397605346934028e-79,5.397605346934028e-79,5.397605346934028e-79,0.1,0.1,0.2,0.2,exploratory_unweighted_not_clinical_reference
2021-2023,CBC_L,LBXNRBC,male,70-79,438,0.08059360730593607,0.08402143213155866,5.397605346934028e-79,5.397605346934028e-79,5.397605346934028e-79,0.1,0.1,0.2,0.2,exploratory_unweighted_not_clinical_reference
2021-2023,CBC_L,LBXNRBC,male,80+,150,0.06799999999999999,0.0735668440053857,5.397605346934028e-79,5.397605346934028e-79,5.397605346934028e-79,0.1,0.1,0.1,0.1549999999999983,exploratory_unweighted_not_clinical_reference
2021-2023,FERTIN_L,WTPH2YR,female,0-11,320,29012.20625,42661.09619990245,5.397605346934028e-79,5.397605346934028e-79,5.397605346934028e-79,5.397605346934028e-79,45232.19370524374,79555.55009529111,117825.84083978964,exploratory_unweighted_not_clinical_reference
2021-2023,FERTIN_L,WTPH2YR,female,12-17,438,29284.021556688043,23657.814798121042,5.397605346934028e-79,5.397605346934028e-79,14287.255256113724,23794.10060461281,40593.22672389641,62827.09369084728,71568.23538755375,exploratory_unweighted_not_clinical_reference
2021-2023,FERTIN_L,WTPH2YR,female,18-29,499,51021.73859352831,39058.20700469931,5.397605346934028e-79,11768.44109860592,23844.418207840765,43647.056003047626,67217.28355403393,100289.98759207192,128336.63549154904,exploratory_unweighted_not_clinical_reference
2021-2023,FERTIN_L,WTPH2YR,female,30-39,516,43393.53682170544,31693.975812695295,5.397605346934028e-79,13927.212168779075,21624.167446518906,36448.811019791756,55777.374627015466,85044.8908088633,109309.55627492844,exploratory_unweighted_not_clinical_reference
2021-2023,FERTIN_L,WTPH2YR,female,40-49,452,43941.750257295564,28891.769817345452,10792.575207112412,15717.438674472618,23793.68219926675,36216.990236686484,57579.15505490968,81630.31837289427,97702.80887895146,exploratory_unweighted_not_clinical_reference
2021-2023,FERTIN_L,WTPH2YR,male,0-11,339,28896.6784660767,40737.54676562266,5.397605346934028e-79,5.397605346934028e-79,5.397605346934028e-79,5.397605346934028e-79,48659.016944383024,75667.3506305159,105069.11400475542,exploratory_unweighted_not_clinical_reference
2021-2023,FERTIN_L,LBXFER,female,0-11,128,40.696484375,23.512975830909852,13.815000000000001,16.880000000000003,24.675,35.05,51.3,63.99999999999999,89.46499999999992,exploratory_unweighted_not_clinical_reference
2021-2023,FERTIN_L,LBXFER,female,12-17,351,35.661965811965814,26.722306142118676,6.195,9.2,16.05,29.4,46.25,66.7,90.65,exploratory_unweighted_not_clinical_reference
2021-2023,FERTIN_L,LBXFER,female,18-29,439,49.30309794988611,46.866385028418144,7.088000000000001,10.2,18.5,35.8,65.0,104.79999999999995,133.09999999999997,exploratory_unweighted_not_clinical_reference
2021-2023,FERTIN_L,LBXFER,female,30-39,472,68.33341101694916,69.11699348913552,10.31,14.91,25.9,44.2,91.025,140.90000000000003,197.34999999999997,exploratory_unweighted_not_clinical_reference
2021-2023,FERTIN_L,LBXFER,female,40-49,426,75.41711267605633,89.8160852402232,8.57,11.350000000000001,24.3,50.3,89.75,164.0,224.25,exploratory_unweighted_not_clinical_reference
2021-2023,FERTIN_L,LBXFER,male,0-11,134,36.495895522388054,17.849677287480517,15.295,17.53,24.7,31.1,45.35,63.27,73.28,exploratory_unweighted_not_clinical_reference
2021-2023,FERTIN_L,LBDFERSI,female,0-11,128,40.696484375,23.512975830909852,13.815000000000001,16.880000000000003,24.675,35.05,51.3,63.99999999999999,89.46499999999992,exploratory_unweighted_not_clinical_reference
2021-2023,FERTIN_L,LBDFERSI,female,12-17,351,35.661965811965814,26.722306142118676,6.195,9.2,16.05,29.4,46.25,66.7,90.65,exploratory_unweighted_not_clinical_reference
2021-2023,FERTIN_L,LBDFERSI,female,18-29,439,49.30309794988611,46.866385028418144,7.088000000000001,10.2,18.5,35.8,65.0,104.79999999999995,133.09999999999997,exploratory_unweighted_not_clinical_reference
2021-2023,FERTIN_L,LBDFERSI,female,30-39,472,68.33341101694916,69.11699348913552,10.31,14.91,25.9,44.2,91.025,140.90000000000003,197.34999999999997,exploratory_unweighted_not_clinical_reference
2021-2023,FERTIN_L,LBDFERSI,female,40-49,426,75.41711267605633,89.8160852402232,8.57,11.350000000000001,24.3,50.3,89.75,164.0,224.25,exploratory_unweighted_not_clinical_reference
2021-2023,FERTIN_L,LBDFERSI,male,0-11,134,36.495895522388054,17.849677287480517,15.295,17.53,24.7,31.1,45.35,63.27,73.28,exploratory_unweighted_not_clinical_reference
2021-2023,FOLATE_L,WTPH2YR,female,0-11,756,28076.849206349198,34927.59389503683,5.397605346934028e-79,5.397605346934028e-79,5.397605346934028e-79,21749.305485552773,42890.29797270256,70318.79000884068,94621.87881886952,exploratory_unweighted_not_clinical_reference
2021-2023,FOLATE_L,WTPH2YR,female,12-17,438,29284.021556688043,23657.814798121042,5.397605346934028e-79,5.397605346934028e-79,14287.255256113724,23794.10060461281,40593.22672389641,62827.09369084728,71568.23538755375,exploratory_unweighted_not_clinical_reference
2021-2023,FOLATE_L,WTPH2YR,female,18-29,499,51021.73859352831,39058.20700469931,5.397605346934028e-79,11768.44109860592,23844.418207840765,43647.056003047626,67217.28355403393,100289.98759207192,128336.63549154904,exploratory_unweighted_not_clinical_reference
2021-2023,FOLATE_L,WTPH2YR,female,30-39,516,43393.53682170544,31693.975812695295,5.397605346934028e-79,13927.212168779075,21624.167446518906,36448.811019791756,55777.374627015466,85044.8908088633,109309.55627492844,exploratory_unweighted_not_clinical_reference
2021-2023,FOLATE_L,WTPH2YR,female,40-49,452,43941.750257295564,28891.769817345452,10792.575207112412,15717.438674472618,23793.68219926675,36216.990236686484,57579.15505490968,81630.31837289427,97702.80887895146,exploratory_unweighted_not_clinical_reference
2021-2023,FOLATE_L,WTPH2YR,female,50-59,512,42506.68922598123,30200.22160841782,10863.132011964406,14636.012479722349,20773.94432627286,34494.97445036457,54440.104631345035,85949.60514306882,104362.19763901073,exploratory_unweighted_not_clinical_reference
2021-2023,FOLATE_L,WTPH2YR,female,60-69,820,25231.174390243916,14793.423867728186,7723.012115210388,11186.932061608875,15249.661412625515,22012.241623617818,32394.311162393395,44272.42544599302,54685.887955632534,exploratory_unweighted_not_clinical_reference
2021-2023,FOLATE_L,WTPH2YR,female,70-79,500,27510.163254846153,15442.873390482779,10359.760370526588,12405.976073044654,16685.05336940466,24411.363925408757,35670.923164091364,45759.78479775405,58429.897096126995,exploratory_unweighted_not_clinical_reference
2021-2023,FOLATE_L,WTPH2YR,female,80+,180,36969.035403205104,21912.185344482277,11650.975943965916,17157.04716048997,22121.012247629566,32395.513124362456,50511.49807377878,64095.32367035081,79122.19786764371,exploratory_unweighted_not_clinical_reference
2021-2023,FOLATE_L,WTPH2YR,male,0-11,772,28993.48575129534,35513.67999957242,5.397605346934028e-79,5.397605346934028e-79,5.397605346934028e-79,22760.352176369557,44259.07533750527,73008.34251405005,95113.29418607093,exploratory_unweighted_not_clinical_reference
2021-2023,FOLATE_L,WTPH2YR,male,12-17,424,31907.01362946765,25663.326935757766,5.397605346934028e-79,5.397605346934028e-79,15606.758895500498,27455.668363404224,43446.26659082035,65543.37916573846,83622.4142451678,exploratory_unweighted_not_clinical_reference
2021-2023,FOLATE_L,WTPH2YR,male,18-29,428,59457.393039966606,47780.1087821328,5.397605346934028e-79,12323.111508249036,28266.396071652776,47209.22099565486,79920.62908524166,122657.4883622632,160003.2773983641,exploratory_unweighted_not_clinical_reference
2021-2023,FOLATE_L,WTPH2YR,male,30-39,389,56496.0,38955.57535357022,5.397605346934028e-79,18892.845013632705,31167.768767369336,46148.24998181362,72879.8043621448,107187.83764823833,135487.92551271713,exploratory_unweighted_not_clinical_reference
2021-2023,FOLATE_L,WTPH2YR,male,40-49,348,56550.92605868841,34629.56006311906,14402.940535895636,20212.937643749137,30945.60524990008,47434.95118485781,75419.42084134214,101262.06486917121,128919.88039132435,exploratory_unweighted_not_clinical_reference
2021-2023,FOLATE_L,WTPH2YR,male,50-59,421,49486.26064507467,36670.05160994841,5.397605346934028e-79,14224.15203414109,23184.75901259775,40676.0870667034,66457.47855278173,101028.44323036204,125006.24804956155,exploratory_unweighted_not_clinical_reference
2021-2023,FOLATE_L,WTPH2YR,male,60-69,659,28792.992412746593,16589.510760815323,6699.168388826386,10839.427708548596,17564.075680116046,26085.020506913108,38554.83483684766,50984.78429809858,58568.724268321814,exploratory_unweighted_not_clinical_reference
2021-2023,FOLATE_L,WTPH2YR,male,70-79,451,25619.44002498151,13283.242207042294,10605.598683175747,12442.503095383372,16357.733787364872,22133.471893698206,32866.59715723893,45290.53858442732,50946.68816256723,exploratory_unweighted_not_clinical_reference
2021-2023,FOLATE_L,WTPH2YR,male,80+,162,28366.947831687277,16817.954960853716,5.397605346934028e-79,9854.420056374076,17654.5622176608,25575.8086983697,38591.170371510816,48058.975958098235,59548.38083054306,exploratory_unweighted_not_clinical_reference
2021-2023,FOLATE_L,LBDRFO,female,0-11,422,463.18483412322274,123.41632978777955,278.15,315.2,382.0,450.0,533.0,626.6000000000001,692.3499999999999,exploratory_unweighted_not_clinical_reference
2021-2023,FOLATE_L,LBDRFO,female,12-17,361,411.53739612188366,129.5172204890183,236.0,274.0,334.0,403.0,477.0,565.0,605.0,exploratory_unweighted_not_clinical_reference
2021-2023,FOLATE_L,LBDRFO,female,18-29,451,446.4547671840355,193.57844311372733,226.5,264.0,334.0,419.0,508.0,653.0,781.5,exploratory_unweighted_not_clinical_reference
2021-2023,FOLATE_L,LBDRFO,female,30-39,482,483.30497925311204,187.67384549491118,241.05,286.1,344.25,450.0,586.0,736.6000000000001,842.55,exploratory_unweighted_not_clinical_reference
2021-2023,FOLATE_L,LBDRFO,female,40-49,432,511.94074074074075,224.72896303819036,247.2,290.0,361.5,468.0,606.0,785.1000000000004,920.25,exploratory_unweighted_not_clinical_reference
2021-2023,FOLATE_L,LBDRFO,female,50-59,494,538.836032388664,219.9247876164968,267.0,309.0,389.5,499.0,645.0,805.3,980.0,exploratory_unweighted_not_clinical_reference
2021-2023,FOLATE_L,LBDRFO,female,60-69,771,583.2321660181582,284.6500641418365,274.5,314.0,387.0,512.0,713.0,940.0,1080.0,exploratory_unweighted_not_clinical_reference
2021-2023,FOLATE_L,LBDRFO,female,70-79,471,632.1486199575371,294.2890010907391,279.5,320.0,401.0,574.0,795.0,1050.0,1190.0,exploratory_unweighted_not_clinical_reference
2021-2023,FOLATE_L,LBDRFO,female,80+,168,655.0297619047619,360.11050242838576,291.95,334.3,418.75,549.5,761.5,1096.0000000000002,1276.5,exploratory_unweighted_not_clinical_reference
2021-2023,FOLATE_L,LBDRFO,male,0-11,420,485.5547619047619,117.96548725165653,306.85,341.6,405.75,477.0,556.0,640.0,689.1999999999998,exploratory_unweighted_not_clinical_reference
2021-2023,FOLATE_L,LBDRFO,male,12-17,348,407.5028735632184,121.14909714115304,240.05,267.0,323.0,395.5,473.25,570.0,631.4499999999997,exploratory_unweighted_not_clinical_reference
2021-2023,FOLATE_L,LBDRFO,male,18-29,384,424.0828125,149.4654793624632,224.3,266.0,324.75,403.5,494.0,623.0999999999999,684.0,exploratory_unweighted_not_clinical_reference
2021-2023,FOLATE_L,LBDRFO,male,30-39,363,460.8815426997245,155.49493166791348,241.2,278.4,359.0,439.0,543.0,640.0,710.4999999999999,exploratory_unweighted_not_clinical_reference
2021-2023,FOLATE_L,LBDRFO,male,40-49,339,493.09616519174045,188.4838544481134,258.3,289.0,369.5,468.0,583.0,698.8,818.2999999999995,exploratory_unweighted_not_clinical_reference
2021-2023,FOLATE_L,LBDRFO,male,50-59,393,511.49872773536896,235.61572749775343,265.8,298.2,375.0,481.0,600.0,753.2,865.0,exploratory_unweighted_not_clinical_reference
2021-2023,FOLATE_L,LBDRFO,male,60-69,622,542.6913183279743,251.87360635823222,257.25,297.5,385.0,499.0,636.0,820.5999999999999,971.0,exploratory_unweighted_not_clinical_reference
2021-2023,FOLATE_L,LBDRFO,male,70-79,435,617.0,291.9905780943155,282.7,313.0,411.5,556.0,755.0,1010.0,1160.0,exploratory_unweighted_not_clinical_reference
2021-2023,FOLATE_L,LBDRFO,male,80+,150,646.7266666666667,303.53969691996457,286.5,338.7,437.0,572.0,792.75,1053.9999999999998,1216.4999999999995,exploratory_unweighted_not_clinical_reference
2021-2023,FOLATE_L,LBDRFOSI,female,0-11,422,1049.1090047393366,279.527268845073,630.3,714.5,865.25,1020.0,1207.5,1419.0000000000005,1568.4999999999995,exploratory_unweighted_not_clinical_reference
2021-2023,FOLATE_L,LBDRFOSI,female,12-17,361,932.1163434903048,293.49086259472,535.0,621.0,756.0,912.0,1080.0,1280.0,1370.0,exploratory_unweighted_not_clinical_reference
2021-2023,FOLATE_L,LBDRFOSI,female,18-29,451,1011.2527716186253,438.6670445389342,513.0,597.0,757.0,949.0,1150.0,1480.0,1770.0,exploratory_unweighted_not_clinical_reference
2021-2023,FOLATE_L,LBDRFOSI,female,30-39,482,1094.6991701244813,425.2487284387937,545.1,648.1,780.5,1020.0,1327.5,1669.0000000000005,1908.9999999999998,exploratory_unweighted_not_clinical_reference
2021-2023,FOLATE_L,LBDRFOSI,female,40-49,432,1159.5092592592594,508.9054629454191,558.95,656.0,818.75,1060.0,1372.5,1778.0000000000007,2084.5,exploratory_unweighted_not_clinical_reference
2021-2023,FOLATE_L,LBDRFOSI,female,50-59,494,1220.4615384615386,498.2294183249758,605.0,699.3,883.0,1130.0,1460.0,1823.9999999999998,2220.0,exploratory_unweighted_not_clinical_reference
2021-2023,FOLATE_L,LBDRFOSI,female,60-69,771,1321.1712062256809,645.0967383417718,622.5,712.0,876.5,1160.0,1615.0,2130.0,2440.0,exploratory_unweighted_not_clinical_reference
2021-2023,FOLATE_L,LBDRFOSI,female,70-79,471,1431.67940552017,666.3958484172384,632.5,725.0,908.5,1300.0,1800.0,2380.0,2690.0,exploratory_unweighted_not_clinical_reference
2021-2023,FOLATE_L,LBDRFOSI,female,80+,168,1483.8214285714287,815.9935373219818,661.65,757.3,947.5,1245.0,1725.0,2492.0000000000005,2889.5,exploratory_unweighted_not_clinical_reference
2021-2023,FOLATE_L,LBDRFOSI,male,0-11,420,1099.8380952380953,267.33428605835394,694.65,773.2,919.5,1080.0,1260.0,1450.0,1560.4999999999995,exploratory_unweighted_not_clinical_reference
2021-2023,FOLATE_L,LBDRFOSI,male,12-17,348,922.9540229885057,274.3665340346343,544.45,605.0,731.75,896.0,1072.5,1290.0,1429.4999999999993,exploratory_unweighted_not_clinical_reference
2021-2023,FOLATE_L,LBDRFOSI,male,18-29,384,960.4401041666666,338.42539941959564,507.6,602.3,734.75,913.5,1120.0,1410.9999999999995,1550.0,exploratory_unweighted_not_clinical_reference
2021-2023,FOLATE_L,LBDRFOSI,male,30-39,363,1043.8898071625345,352.19359000494376,546.5,630.8,813.5,995.0,1230.0,1450.0,1608.9999999999998,exploratory_unweighted_not_clinical_reference
2021-2023,FOLATE_L,LBDRFOSI,male,40-49,339,1116.8997050147493,426.9102097505538,584.4000000000001,654.8,837.0,1060.0,1320.0,1582.0,1852.999999999999,exploratory_unweighted_not_clinical_reference
2021-2023,FOLATE_L,LBDRFOSI,male,50-59,393,1158.473282442748,533.441296928767,601.6,674.8,849.0,1090.0,1360.0,1706.0000000000002,1960.0,exploratory_unweighted_not_clinical_reference
2021-2023,FOLATE_L,LBDRFOSI,male,60-69,622,1229.1800643086817,570.4050455552115,583.5,674.0,873.0,1130.0,1440.0,1858.9999999999998,2200.0,exploratory_unweighted_not_clinical_reference
2021-2023,FOLATE_L,LBDRFOSI,male,70-79,435,1397.4390804597701,661.3295871902011,640.8,708.4,932.5,1260.0,1710.0,2280.0,2622.9999999999995,exploratory_unweighted_not_clinical_reference
2021-2023,FOLATE_L,LBDRFOSI,male,80+,150,1464.9666666666667,687.5994953426926,648.9,767.3,990.0,1295.0,1795.0,2389.9999999999995,2752.999999999999,exploratory_unweighted_not_clinical_reference
2021-2023,GHB_L,WTPH2YR,female,12-17,438,29284.021556688043,23657.814798121042,5.397605346934028e-79,5.397605346934028e-79,14287.255256113724,23794.10060461281,40593.22672389641,62827.09369084728,71568.23538755375,exploratory_unweighted_not_clinical_reference
2021-2023,GHB_L,WTPH2YR,female,18-29,499,51021.73859352831,39058.20700469931,5.397605346934028e-79,11768.44109860592,23844.418207840765,43647.056003047626,67217.28355403393,100289.98759207192,128336.63549154904,exploratory_unweighted_not_clinical_reference
2021-2023,GHB_L,WTPH2YR,female,30-39,516,43393.53682170544,31693.975812695295,5.397605346934028e-79,13927.212168779075,21624.167446518906,36448.811019791756,55777.374627015466,85044.8908088633,109309.55627492844,exploratory_unweighted_not_clinical_reference
2021-2023,GHB_L,WTPH2YR,female,40-49,452,43941.750257295564,28891.769817345452,10792.575207112412,15717.438674472618,23793.68219926675,36216.990236686484,57579.15505490968,81630.31837289427,97702.80887895146,exploratory_unweighted_not_clinical_reference
2021-2023,GHB_L,WTPH2YR,female,50-59,512,42506.68922598123,30200.22160841782,10863.132011964406,14636.012479722349,20773.94432627286,34494.97445036457,54440.104631345035,85949.60514306882,104362.19763901073,exploratory_unweighted_not_clinical_reference
2021-2023,GHB_L,WTPH2YR,female,60-69,820,25231.174390243916,14793.423867728186,7723.012115210388,11186.932061608875,15249.661412625515,22012.241623617818,32394.311162393395,44272.42544599302,54685.887955632534,exploratory_unweighted_not_clinical_reference
2021-2023,GHB_L,WTPH2YR,female,70-79,500,27510.163254846153,15442.873390482779,10359.760370526588,12405.976073044654,16685.05336940466,24411.363925408757,35670.923164091364,45759.78479775405,58429.897096126995,exploratory_unweighted_not_clinical_reference
2021-2023,GHB_L,WTPH2YR,female,80+,180,36969.035403205104,21912.185344482277,11650.975943965916,17157.04716048997,22121.012247629566,32395.513124362456,50511.49807377878,64095.32367035081,79122.19786764371,exploratory_unweighted_not_clinical_reference
2021-2023,GHB_L,WTPH2YR,male,12-17,424,31907.01362946765,25663.326935757766,5.397605346934028e-79,5.397605346934028e-79,15606.758895500498,27455.668363404224,43446.26659082035,65543.37916573846,83622.4142451678,exploratory_unweighted_not_clinical_reference
2021-2023,GHB_L,WTPH2YR,male,18-29,428,59457.393039966606,47780.1087821328,5.397605346934028e-79,12323.111508249036,28266.396071652776,47209.22099565486,79920.62908524166,122657.4883622632,160003.2773983641,exploratory_unweighted_not_clinical_reference
2021-2023,GHB_L,WTPH2YR,male,30-39,389,56496.0,38955.57535357022,5.397605346934028e-79,18892.845013632705,31167.768767369336,46148.24998181362,72879.8043621448,107187.83764823833,135487.92551271713,exploratory_unweighted_not_clinical_reference
2021-2023,GHB_L,WTPH2YR,male,40-49,348,56550.92605868841,34629.56006311906,14402.940535895636,20212.937643749137,30945.60524990008,47434.95118485781,75419.42084134214,101262.06486917121,128919.88039132435,exploratory_unweighted_not_clinical_reference
2021-2023,GHB_L,WTPH2YR,male,50-59,421,49486.26064507467,36670.05160994841,5.397605346934028e-79,14224.15203414109,23184.75901259775,40676.0870667034,66457.47855278173,101028.44323036204,125006.24804956155,exploratory_unweighted_not_clinical_reference
2021-2023,GHB_L,WTPH2YR,male,60-69,659,28792.992412746593,16589.510760815323,6699.168388826386,10839.427708548596,17564.075680116046,26085.020506913108,38554.83483684766,50984.78429809858,58568.724268321814,exploratory_unweighted_not_clinical_reference
2021-2023,GHB_L,WTPH2YR,male,70-79,451,25619.44002498151,13283.242207042294,10605.598683175747,12442.503095383372,16357.733787364872,22133.471893698206,32866.59715723893,45290.53858442732,50946.68816256723,exploratory_unweighted_not_clinical_reference
2021-2023,GHB_L,WTPH2YR,male,80+,162,28366.947831687277,16817.954960853716,5.397605346934028e-79,9854.420056374076,17654.5622176608,25575.8086983697,38591.170371510816,48058.975958098235,59548.38083054306,exploratory_unweighted_not_clinical_reference
2021-2023,GHB_L,LBXGH,female,12-17,363,5.242148760330579,0.30112644857306525,4.8,4.9,5.1,5.2,5.4,5.6,5.7,exploratory_unweighted_not_clinical_reference
2021-2023,GHB_L,LBXGH,female,18-29,449,5.207795100222717,0.6548628488313488,4.7,4.8,5.0,5.2,5.4,5.6,5.759999999999996,exploratory_unweighted_not_clinical_reference
2021-2023,GHB_L,LBXGH,female,30-39,485,5.3826804123711325,0.6404971523731987,4.8,4.9,5.1,5.3,5.5,5.9,6.2,exploratory_unweighted_not_clinical_reference
2021-2023,GHB_L,LBXGH,female,40-49,434,5.649769585253456,1.1899356406980686,4.8,4.930000000000001,5.1,5.4,5.7,6.269999999999999,7.634999999999996,exploratory_unweighted_not_clinical_reference
2021-2023,GHB_L,LBXGH,female,50-59,499,5.90941883767535,1.2152690972954168,5.0,5.1,5.4,5.6,6.0,7.0,8.109999999999996,exploratory_unweighted_not_clinical_reference
2021-2023,GHB_L,LBXGH,female,60-69,782,6.003196930946292,1.1913269630959973,5.1,5.2,5.4,5.7,6.1,6.9,8.394999999999994,exploratory_unweighted_not_clinical_reference
2021-2023,GHB_L,LBXGH,female,70-79,476,5.926050420168067,0.9708780342826048,5.1,5.25,5.4,5.7,6.0,6.8,7.625,exploratory_unweighted_not_clinical_reference
2021-2023,GHB_L,LBXGH,female,80+,171,5.984795321637427,0.7620424097981197,5.2,5.2,5.5,5.8,6.3,7.2,7.6,exploratory_unweighted_not_clinical_reference
2021-2023,GHB_L,LBXGH,male,12-17,350,5.25,0.288832250221315,4.7,4.9,5.1,5.3,5.4,5.6,5.7,exploratory_unweighted_not_clinical_reference
2021-2023,GHB_L,LBXGH,male,18-29,387,5.2516795865633075,0.7874771289856465,4.6,4.8,5.0,5.2,5.4,5.6,5.8,exploratory_unweighted_not_clinical_reference
2021-2023,GHB_L,LBXGH,male,30-39,365,5.434246575342466,0.8493726156007564,4.72,4.9,5.1,5.3,5.6,5.8,6.280000000000001,exploratory_unweighted_not_clinical_reference
2021-2023,GHB_L,LBXGH,male,40-49,341,5.633137829912024,1.0229362905266648,4.9,5.0,5.2,5.4,5.7,6.2,6.8,exploratory_unweighted_not_clinical_reference
2021-2023,GHB_L,LBXGH,male,50-59,397,6.1221662468513856,1.4334962354818641,5.0,5.2,5.4,5.7,6.1,7.7,9.219999999999999,exploratory_unweighted_not_clinical_reference
2021-2023,GHB_L,LBXGH,male,60-69,626,6.0583067092651754,1.2874171383739281,5.0,5.2,5.4,5.7,6.2,7.2,8.575,exploratory_unweighted_not_clinical_reference
2021-2023,GHB_L,LBXGH,male,70-79,440,6.0415909090909095,1.0320478419050874,5.0,5.2,5.475,5.8,6.3,7.310000000000002,8.2,exploratory_unweighted_not_clinical_reference
2021-2023,GHB_L,LBXGH,male,80+,150,5.9479999999999995,0.7619931476378118,5.1,5.2,5.5,5.7,6.3,7.0,7.4,exploratory_unweighted_not_clinical_reference
2021-2023,GLU_L,WTSAF2YR,female,12-17,237,54816.04776282122,48898.85078180947,5.397605346934028e-79,5.397605346934028e-79,5.397605346934028e-79,51147.82052881003,89122.03917402915,120185.16038415009,134701.65628032916,exploratory_unweighted_not_clinical_reference
2021-2023,GLU_L,WTSAF2YR,female,18-29,267,93840.09830946715,83319.32022044707,5.397605346934028e-79,5.397605346934028e-79,37840.328216609334,80503.77931592752,129132.11768470673,198618.7145382803,254580.5960977381,exploratory_unweighted_not_clinical_reference
2021-2023,GLU_L,WTSAF2YR,female,30-39,293,75790.85604060456,63997.018216530676,5.397605346934028e-79,5.397605346934028e-79,34336.849244225545,65663.46996346474,99171.3544589616,152014.59505008694,199877.14228673704,exploratory_unweighted_not_clinical_reference
2021-2023,GLU_L,WTSAF2YR,female,40-49,260,76087.43102900087,55801.36659544026,5.397605346934028e-79,5.397605346934028e-79,39244.35902829127,64272.480354520696,103406.24085476692,147523.87256607876,172318.58919455472,exploratory_unweighted_not_clinical_reference
2021-2023,GLU_L,WTSAF2YR,female,50-59,283,76945.01124709679,59608.0456341406,5.397605346934028e-79,14248.341204616621,33345.11058158245,62617.465575214,105145.12669814302,163956.78355488039,195589.7031747513,exploratory_unweighted_not_clinical_reference
2021-2023,GLU_L,WTSAF2YR,female,60-69,481,44256.18487494166,28698.132882933463,5.397605346934028e-79,5.397605346934028e-79,26035.754489345978,39531.18168658533,58962.41088149408,82413.47099338168,102923.56855256739,exploratory_unweighted_not_clinical_reference
2021-2023,GLU_L,WTSAF2YR,female,70-79,273,45547.27146572793,30985.2991886508,5.397605346934028e-79,5.397605346934028e-79,27042.05557151168,40221.98572088652,62616.5772161941,84701.71094328338,100360.65923384673,exploratory_unweighted_not_clinical_reference
2021-2023,GLU_L,WTSAF2YR,female,80+,102,63688.202518336104,46965.20144500895,5.397605346934028e-79,5.397605346934028e-79,39171.3339271304,55606.08214894084,87276.60589742,114681.41662217336,156410.9554758658,exploratory_unweighted_not_clinical_reference
2021-2023,GLU_L,WTSAF2YR,male,12-17,197,63665.07459208012,63204.05492914904,5.397605346934028e-79,5.397605346934028e-79,5.397605346934028e-79,57468.796391927375,98466.72058350866,139255.83957699817,158379.7188048825,exploratory_unweighted_not_clinical_reference
2021-2023,GLU_L,WTSAF2YR,male,18-29,223,119883.95562802072,105322.56017875703,5.397605346934028e-79,5.397605346934028e-79,48482.616224312726,101061.97373155788,166247.82947247272,253998.59963829812,354324.7070310725,exploratory_unweighted_not_clinical_reference
2021-2023,GLU_L,WTSAF2YR,male,30-39,204,107633.75262042326,84755.74310413678,5.397605346934028e-79,5.397605346934028e-79,57762.50045651468,93214.200205211,143160.08574184857,216911.43502400638,255286.6502159559,exploratory_unweighted_not_clinical_reference
2021-2023,GLU_L,WTSAF2YR,male,40-49,197,99618.21648660264,74869.16171471978,5.397605346934028e-79,5.397605346934028e-79,44659.78025387097,86224.0716828898,141572.99189345632,203436.65422705386,250925.28211548965,exploratory_unweighted_not_clinical_reference
2021-2023,GLU_L,WTSAF2YR,male,50-59,236,88639.92529163153,76299.48373323341,5.397605346934028e-79,5.397605346934028e-79,32654.495480979644,68907.27160557231,124514.16415454933,188828.70440837226,247440.9721548036,exploratory_unweighted_not_clinical_reference
2021-2023,GLU_L,WTSAF2YR,male,60-69,380,51511.93034304665,34980.90028497412,5.397605346934028e-79,5.397605346934028e-79,29281.70093426,46928.01641292641,71604.3539317568,95678.83999332934,113986.52381910394,exploratory_unweighted_not_clinical_reference
2021-2023,GLU_L,WTSAF2YR,male,70-79,261,45992.32983793814,31521.03386186596,5.397605346934028e-79,5.397605346934028e-79,27447.27842933644,39787.194597480026,62415.64731654683,94590.54546082304,105280.67676740649,exploratory_unweighted_not_clinical_reference
2021-2023,GLU_L,WTSAF2YR,male,80+,102,45170.57490048224,37382.18494115759,5.397605346934028e-79,5.397605346934028e-79,4015.4364748533135,40384.236978902736,70228.68195999748,92951.66443160274,112189.21237278241,exploratory_unweighted_not_clinical_reference
2021-2023,GLU_L,LBXGLU,female,12-17,190,93.29473684210527,7.155674381657359,83.0,84.9,89.0,93.0,97.0,101.1,104.54999999999998,exploratory_unweighted_not_clinical_reference
2021-2023,GLU_L,LBXGLU,female,18-29,235,93.70212765957447,12.999531374881917,79.7,83.0,87.0,92.0,98.0,104.0,110.0,exploratory_unweighted_not_clinical_reference
2021-2023,GLU_L,LBXGLU,female,30-39,271,97.85608856088561,18.38411023379767,83.0,86.0,90.0,95.0,101.0,110.0,119.0,exploratory_unweighted_not_clinical_reference
2021-2023,GLU_L,LBXGLU,female,40-49,250,104.56,31.109058069570406,84.0,87.0,92.0,97.5,103.0,119.1,164.24999999999974,exploratory_unweighted_not_clinical_reference
2021-2023,GLU_L,LBXGLU,female,50-59,269,109.53159851301115,33.32567594082427,85.4,88.8,93.0,101.0,111.0,135.00000000000009,169.99999999999997,exploratory_unweighted_not_clinical_reference
2021-2023,GLU_L,LBXGLU,female,60-69,454,110.6101321585903,33.46745621629405,86.0,89.0,96.0,102.0,112.0,136.7,164.44999999999976,exploratory_unweighted_not_clinical_reference
2021-2023,GLU_L,LBXGLU,female,70-79,256,110.95703125,32.30349506639958,87.0,91.0,96.0,103.0,114.0,132.5,158.0,exploratory_unweighted_not_clinical_reference
2021-2023,GLU_L,LBXGLU,female,80+,96,109.38541666666667,21.098450824479563,88.75,90.5,96.75,103.5,116.0,136.0,158.75,exploratory_unweighted_not_clinical_reference
2021-2023,GLU_L,LBXGLU,male,12-17,153,96.5359477124183,6.872931405340168,87.0,89.2,93.0,96.0,101.0,104.0,107.0,exploratory_unweighted_not_clinical_reference
2021-2023,GLU_L,LBXGLU,male,18-29,203,102.14778325123153,35.18674132203319,86.0,89.0,93.0,97.0,103.0,107.0,110.0,exploratory_unweighted_not_clinical_reference
2021-2023,GLU_L,LBXGLU,male,30-39,186,100.8010752688172,17.57757167143898,85.25,89.0,94.0,98.0,104.0,110.0,119.0,exploratory_unweighted_not_clinical_reference
2021-2023,GLU_L,LBXGLU,male,40-49,186,110.34408602150538,38.43267039934894,88.0,91.5,96.0,101.0,108.0,122.0,156.75,exploratory_unweighted_not_clinical_reference
2021-2023,GLU_L,LBXGLU,male,50-59,221,125.5475113122172,57.39206276810655,87.0,91.0,98.0,107.0,129.0,179.0,235.0,exploratory_unweighted_not_clinical_reference
2021-2023,GLU_L,LBXGLU,male,60-69,361,117.55401662049861,34.59918097440636,91.0,94.0,99.0,108.0,120.0,149.0,186.0,exploratory_unweighted_not_clinical_reference
2021-2023,GLU_L,LBXGLU,male,70-79,249,119.77510040160642,33.79536411365553,88.4,92.8,102.0,110.0,123.0,157.20000000000002,192.1999999999999,exploratory_unweighted_not_clinical_reference
2021-2023,GLU_L,LBXGLU,male,80+,92,112.76086956521739,23.20873725453052,89.0,92.1,98.0,107.0,119.5,141.60000000000002,160.70000000000002,exploratory_unweighted_not_clinical_reference
2021-2023,GLU_L,LBDGLUSI,female,12-17,190,5.178736842105262,0.39741690317822903,4.61,4.7139999999999995,4.94,5.16,5.38,5.615,5.802999999999999,exploratory_unweighted_not_clinical_reference
2021-2023,GLU_L,LBDGLUSI,female,18-29,235,5.201276595744679,0.7215072572837696,4.425,4.61,4.83,5.11,5.44,5.77,6.11,exploratory_unweighted_not_clinical_reference
2021-2023,GLU_L,LBDGLUSI,female,30-39,271,5.43151291512915,1.0184335824537694,4.61,4.77,5.0,5.27,5.61,6.11,6.605,exploratory_unweighted_not_clinical_reference
2021-2023,GLU_L,LBDGLUSI,female,40-49,250,5.804159999999999,1.7275086799658723,4.66,4.83,5.11,5.41,5.72,6.615,9.116499999999986,exploratory_unweighted_not_clinical_reference
2021-2023,GLU_L,LBDGLUSI,female,50-59,269,6.07988847583643,1.850758715591216,4.739999999999999,4.928,5.16,5.61,6.16,7.496000000000005,9.437999999999999,exploratory_unweighted_not_clinical_reference
2021-2023,GLU_L,LBDGLUSI,female,60-69,454,6.140242290748898,1.8587729303246712,4.77,4.94,5.33,5.66,6.22,7.584999999999999,9.126499999999988,exploratory_unweighted_not_clinical_reference
2021-2023,GLU_L,LBDGLUSI,female,70-79,256,6.159414062499999,1.7938024156275616,4.83,5.05,5.33,5.72,6.33,7.355,8.77,exploratory_unweighted_not_clinical_reference
2021-2023,GLU_L,LBDGLUSI,female,80+,96,6.072604166666667,1.1720905702310558,4.925000000000001,5.025,5.3675,5.744999999999999,6.4375,7.55,8.8125,exploratory_unweighted_not_clinical_reference
2021-2023,GLU_L,LBDGLUSI,male,12-17,153,5.358235294117646,0.38115323214910424,4.83,4.952,5.16,5.33,5.61,5.77,5.94,exploratory_unweighted_not_clinical_reference
2021-2023,GLU_L,LBDGLUSI,male,18-29,203,5.670246305418719,1.9534160072675646,4.77,4.94,5.16,5.38,5.72,5.94,6.11,exploratory_unweighted_not_clinical_reference
2021-2023,GLU_L,LBDGLUSI,male,30-39,186,5.5952688172043,0.9739355563317535,4.7325,4.94,5.22,5.44,5.77,6.11,6.61,exploratory_unweighted_not_clinical_reference
2021-2023,GLU_L,LBDGLUSI,male,40-49,186,6.125806451612903,2.1348028949236437,4.88,5.08,5.33,5.61,6.0,6.77,8.705,exploratory_unweighted_not_clinical_reference
2021-2023,GLU_L,LBDGLUSI,male,50-59,221,6.969276018099547,3.184936622862302,4.83,5.05,5.44,5.94,7.16,9.94,13.0,exploratory_unweighted_not_clinical_reference
2021-2023,GLU_L,LBDGLUSI,male,60-69,361,6.52612188365651,1.923304571302215,5.05,5.22,5.5,6.0,6.66,8.27,10.3,exploratory_unweighted_not_clinical_reference
2021-2023,GLU_L,LBDGLUSI,male,70-79,249,6.648112449799196,1.873880539849495,4.904,5.15,5.66,6.11,6.83,8.73,10.639999999999995,exploratory_unweighted_not_clinical_reference
2021-2023,GLU_L,LBDGLUSI,male,80+,92,6.259239130434781,1.2877864420043508,4.94,5.115,5.44,5.94,6.6375,7.858000000000001,8.9185,exploratory_unweighted_not_clinical_reference
2021-2023,HDL_L,WTPH2YR,female,0-11,436,27390.3486238532,27957.138717808903,5.397605346934028e-79,5.397605346934028e-79,5.397605346934028e-79,24159.484400859765,41888.873830091456,63857.01862541375,81690.86169790228,exploratory_unweighted_not_clinical_reference
2021-2023,HDL_L,WTPH2YR,female,12-17,438,29284.021556688043,23657.814798121042,5.397605346934028e-79,5.397605346934028e-79,14287.255256113724,23794.10060461281,40593.22672389641,62827.09369084728,71568.23538755375,exploratory_unweighted_not_clinical_reference
2021-2023,HDL_L,WTPH2YR,female,18-29,499,51021.73859352831,39058.20700469931,5.397605346934028e-79,11768.44109860592,23844.418207840765,43647.056003047626,67217.28355403393,100289.98759207192,128336.63549154904,exploratory_unweighted_not_clinical_reference
2021-2023,HDL_L,WTPH2YR,female,30-39,516,43393.53682170544,31693.975812695295,5.397605346934028e-79,13927.212168779075,21624.167446518906,36448.811019791756,55777.374627015466,85044.8908088633,109309.55627492844,exploratory_unweighted_not_clinical_reference
2021-2023,HDL_L,WTPH2YR,female,40-49,452,43941.750257295564,28891.769817345452,10792.575207112412,15717.438674472618,23793.68219926675,36216.990236686484,57579.15505490968,81630.31837289427,97702.80887895146,exploratory_unweighted_not_clinical_reference
2021-2023,HDL_L,WTPH2YR,female,50-59,512,42506.68922598123,30200.22160841782,10863.132011964406,14636.012479722349,20773.94432627286,34494.97445036457,54440.104631345035,85949.60514306882,104362.19763901073,exploratory_unweighted_not_clinical_reference
2021-2023,HDL_L,WTPH2YR,female,60-69,820,25231.174390243916,14793.423867728186,7723.012115210388,11186.932061608875,15249.661412625515,22012.241623617818,32394.311162393395,44272.42544599302,54685.887955632534,exploratory_unweighted_not_clinical_reference
2021-2023,HDL_L,WTPH2YR,female,70-79,500,27510.163254846153,15442.873390482779,10359.760370526588,12405.976073044654,16685.05336940466,24411.363925408757,35670.923164091364,45759.78479775405,58429.897096126995,exploratory_unweighted_not_clinical_reference
2021-2023,HDL_L,WTPH2YR,female,80+,180,36969.035403205104,21912.185344482277,11650.975943965916,17157.04716048997,22121.012247629566,32395.513124362456,50511.49807377878,64095.32367035081,79122.19786764371,exploratory_unweighted_not_clinical_reference
2021-2023,HDL_L,WTPH2YR,male,0-11,433,29069.277136258657,30862.184650540446,5.397605346934028e-79,5.397605346934028e-79,5.397605346934028e-79,26060.28315392075,41594.03035289246,70124.30032678825,87477.21951507531,exploratory_unweighted_not_clinical_reference
2021-2023,HDL_L,WTPH2YR,male,12-17,424,31907.01362946765,25663.326935757766,5.397605346934028e-79,5.397605346934028e-79,15606.758895500498,27455.668363404224,43446.26659082035,65543.37916573846,83622.4142451678,exploratory_unweighted_not_clinical_reference
2021-2023,HDL_L,WTPH2YR,male,18-29,428,59457.393039966606,47780.1087821328,5.397605346934028e-79,12323.111508249036,28266.396071652776,47209.22099565486,79920.62908524166,122657.4883622632,160003.2773983641,exploratory_unweighted_not_clinical_reference
2021-2023,HDL_L,WTPH2YR,male,30-39,389,56496.0,38955.57535357022,5.397605346934028e-79,18892.845013632705,31167.768767369336,46148.24998181362,72879.8043621448,107187.83764823833,135487.92551271713,exploratory_unweighted_not_clinical_reference
2021-2023,HDL_L,WTPH2YR,male,40-49,348,56550.92605868841,34629.56006311906,14402.940535895636,20212.937643749137,30945.60524990008,47434.95118485781,75419.42084134214,101262.06486917121,128919.88039132435,exploratory_unweighted_not_clinical_reference
2021-2023,HDL_L,WTPH2YR,male,50-59,421,49486.26064507467,36670.05160994841,5.397605346934028e-79,14224.15203414109,23184.75901259775,40676.0870667034,66457.47855278173,101028.44323036204,125006.24804956155,exploratory_unweighted_not_clinical_reference
2021-2023,HDL_L,WTPH2YR,male,60-69,659,28792.992412746593,16589.510760815323,6699.168388826386,10839.427708548596,17564.075680116046,26085.020506913108,38554.83483684766,50984.78429809858,58568.724268321814,exploratory_unweighted_not_clinical_reference
2021-2023,HDL_L,WTPH2YR,male,70-79,451,25619.44002498151,13283.242207042294,10605.598683175747,12442.503095383372,16357.733787364872,22133.471893698206,32866.59715723893,45290.53858442732,50946.68816256723,exploratory_unweighted_not_clinical_reference
2021-2023,HDL_L,WTPH2YR,male,80+,162,28366.947831687277,16817.954960853716,5.397605346934028e-79,9854.420056374076,17654.5622176608,25575.8086983697,38591.170371510816,48058.975958098235,59548.38083054306,exploratory_unweighted_not_clinical_reference
2021-2023,HDL_L,LBDHDD,female,0-11,252,53.6468253968254,11.165107761056579,35.55,40.0,46.0,53.0,60.25,69.0,74.0,exploratory_unweighted_not_clinical_reference
2021-2023,HDL_L,LBDHDD,female,12-17,342,53.54385964912281,10.236906679910966,39.0,41.0,46.0,53.0,60.0,66.0,72.0,exploratory_unweighted_not_clinical_reference
2021-2023,HDL_L,LBDHDD,female,18-29,428,56.467289719626166,12.742499475039011,37.0,41.0,48.0,55.0,65.0,72.30000000000001,79.64999999999998,exploratory_unweighted_not_clinical_reference
2021-2023,HDL_L,LBDHDD,female,30-39,464,55.241379310344826,13.04990963592932,37.0,41.0,46.0,54.0,64.0,72.69999999999999,78.0,exploratory_unweighted_not_clinical_reference
2021-2023,HDL_L,LBDHDD,female,40-49,418,57.5933014354067,15.562272312551979,37.0,40.0,46.25,55.0,66.0,78.0,85.14999999999998,exploratory_unweighted_not_clinical_reference
2021-2023,HDL_L,LBDHDD,female,50-59,474,58.41561181434599,14.976876078366686,38.0,41.0,48.0,55.0,66.0,79.0,88.0,exploratory_unweighted_not_clinical_reference
2021-2023,HDL_L,LBDHDD,female,60-69,742,60.028301886792455,15.743319199162451,39.0,43.0,48.0,58.0,68.0,79.89999999999998,89.89999999999986,exploratory_unweighted_not_clinical_reference
2021-2023,HDL_L,LBDHDD,female,70-79,441,61.333333333333336,15.422238960198177,40.0,44.0,51.0,60.0,70.0,80.0,90.0,exploratory_unweighted_not_clinical_reference
2021-2023,HDL_L,LBDHDD,female,80+,157,60.394904458598724,15.842072336670492,40.0,41.0,48.0,58.0,69.0,83.0,91.19999999999999,exploratory_unweighted_not_clinical_reference
2021-2023,HDL_L,LBDHDD,male,0-11,247,54.445344129554655,11.374449356054612,37.0,41.0,48.0,53.0,60.0,70.0,76.0,exploratory_unweighted_not_clinical_reference
2021-2023,HDL_L,LBDHDD,male,12-17,332,49.704819277108435,9.596240497679023,35.0,38.0,43.0,49.0,55.0,63.0,68.0,exploratory_unweighted_not_clinical_reference
2021-2023,HDL_L,LBDHDD,male,18-29,364,48.27197802197802,10.424604580014217,35.0,37.0,41.0,47.0,54.0,61.0,67.0,exploratory_unweighted_not_clinical_reference
2021-2023,HDL_L,LBDHDD,male,30-39,346,47.274566473988436,11.534311282778532,33.0,35.0,39.0,45.0,54.0,62.0,67.0,exploratory_unweighted_not_clinical_reference
2021-2023,HDL_L,LBDHDD,male,40-49,324,48.348765432098766,12.253462201860486,33.150000000000006,35.0,40.0,46.0,54.0,66.0,71.0,exploratory_unweighted_not_clinical_reference
2021-2023,HDL_L,LBDHDD,male,50-59,382,48.68586387434555,12.905298476955945,33.0,36.0,40.0,47.0,54.0,63.900000000000034,70.94999999999999,exploratory_unweighted_not_clinical_reference
2021-2023,HDL_L,LBDHDD,male,60-69,605,51.01652892561984,13.726987649096579,34.0,36.0,41.0,49.0,58.0,67.0,77.79999999999995,exploratory_unweighted_not_clinical_reference
2021-2023,HDL_L,LBDHDD,male,70-79,429,51.20979020979021,14.296192460970818,34.0,36.0,41.0,48.0,58.0,68.0,74.59999999999997,exploratory_unweighted_not_clinical_reference
2021-2023,HDL_L,LBDHDD,male,80+,143,51.72727272727273,11.715032967908392,37.0,39.0,43.0,49.0,60.0,67.0,73.80000000000001,exploratory_unweighted_not_clinical_reference
2021-2023,HDL_L,LBDHDDSI,female,0-11,252,1.3875396825396824,0.28884489422701304,0.921,1.03,1.19,1.37,1.5575,1.78,1.91,exploratory_unweighted_not_clinical_reference
2021-2023,HDL_L,LBDHDDSI,female,12-17,342,1.3849415204678361,0.26470671442930394,1.01,1.06,1.19,1.37,1.55,1.71,1.86,exploratory_unweighted_not_clinical_reference
2021-2023,HDL_L,LBDHDDSI,female,18-29,428,1.4606308411214952,0.3296408153576285,0.96,1.06,1.24,1.42,1.68,1.8690000000000004,2.0594999999999994,exploratory_unweighted_not_clinical_reference
2021-2023,HDL_L,LBDHDDSI,female,30-39,464,1.4288793103448276,0.3374930356577005,0.96,1.06,1.19,1.4,1.66,1.8809999999999996,2.02,exploratory_unweighted_not_clinical_reference
2021-2023,HDL_L,LBDHDDSI,female,40-49,418,1.4895215311004781,0.40248956763285876,0.96,1.03,1.1975,1.42,1.71,2.02,2.203,exploratory_unweighted_not_clinical_reference
2021-2023,HDL_L,LBDHDDSI,female,50-59,474,1.5110337552742616,0.38723007637651485,0.98,1.06,1.24,1.42,1.71,2.04,2.28,exploratory_unweighted_not_clinical_reference
2021-2023,HDL_L,LBDHDDSI,female,60-69,742,1.552493261455526,0.40705235045864796,1.01,1.11,1.24,1.5,1.76,2.0669999999999993,2.3274999999999966,exploratory_unweighted_not_clinical_reference
2021-2023,HDL_L,LBDHDDSI,female,70-79,441,1.586417233560091,0.3987928923326702,1.03,1.14,1.32,1.55,1.81,2.07,2.33,exploratory_unweighted_not_clinical_reference
2021-2023,HDL_L,LBDHDDSI,female,80+,157,1.5614012738853504,0.4095141877864146,1.03,1.06,1.24,1.5,1.78,2.15,2.356,exploratory_unweighted_not_clinical_reference
2021-2023,HDL_L,LBDHDDSI,male,0-11,247,1.4082995951417006,0.2937083188208173,0.96,1.06,1.24,1.37,1.55,1.81,1.97,exploratory_unweighted_not_clinical_reference
2021-2023,HDL_L,LBDHDDSI,male,12-17,332,1.2856325301204818,0.24824682659487324,0.91,0.98,1.11,1.27,1.42,1.63,1.76,exploratory_unweighted_not_clinical_reference
2021-2023,HDL_L,LBDHDDSI,male,18-29,364,1.2484065934065933,0.2694074501035249,0.91,0.96,1.06,1.22,1.4,1.58,1.73,exploratory_unweighted_not_clinical_reference
2021-2023,HDL_L,LBDHDDSI,male,30-39,346,1.2230057803468208,0.2980043477381472,0.85,0.91,1.01,1.16,1.4,1.6,1.73,exploratory_unweighted_not_clinical_reference
2021-2023,HDL_L,LBDHDDSI,male,40-49,324,1.250493827160494,0.3166422177780865,0.8545,0.91,1.03,1.19,1.4,1.71,1.84,exploratory_unweighted_not_clinical_reference
2021-2023,HDL_L,LBDHDDSI,male,50-59,382,1.2592146596858638,0.3339006893309905,0.85,0.93,1.03,1.22,1.4,1.657000000000001,1.8384999999999998,exploratory_unweighted_not_clinical_reference
2021-2023,HDL_L,LBDHDDSI,male,60-69,605,1.3195041322314052,0.3550124781867911,0.88,0.93,1.06,1.27,1.5,1.73,2.0139999999999985,exploratory_unweighted_not_clinical_reference
2021-2023,HDL_L,LBDHDDSI,male,70-79,429,1.3245221445221447,0.36949266505823747,0.88,0.93,1.06,1.24,1.5,1.76,1.9279999999999988,exploratory_unweighted_not_clinical_reference
2021-2023,HDL_L,LBDHDDSI,male,80+,143,1.3377622377622376,0.3026652024286147,0.96,1.01,1.11,1.27,1.55,1.73,1.9050000000000002,exploratory_unweighted_not_clinical_reference
2021-2023,HSCRP_L,WTPH2YR,female,0-11,756,28076.849206349198,34927.59389503683,5.397605346934028e-79,5.397605346934028e-79,5.397605346934028e-79,21749.305485552773,42890.29797270256,70318.79000884068,94621.87881886952,exploratory_unweighted_not_clinical_reference
2021-2023,HSCRP_L,WTPH2YR,female,12-17,438,29284.021556688043,23657.814798121042,5.397605346934028e-79,5.397605346934028e-79,14287.255256113724,23794.10060461281,40593.22672389641,62827.09369084728,71568.23538755375,exploratory_unweighted_not_clinical_reference
2021-2023,HSCRP_L,WTPH2YR,female,18-29,499,51021.73859352831,39058.20700469931,5.397605346934028e-79,11768.44109860592,23844.418207840765,43647.056003047626,67217.28355403393,100289.98759207192,128336.63549154904,exploratory_unweighted_not_clinical_reference
2021-2023,HSCRP_L,WTPH2YR,female,30-39,516,43393.53682170544,31693.975812695295,5.397605346934028e-79,13927.212168779075,21624.167446518906,36448.811019791756,55777.374627015466,85044.8908088633,109309.55627492844,exploratory_unweighted_not_clinical_reference
2021-2023,HSCRP_L,WTPH2YR,female,40-49,452,43941.750257295564,28891.769817345452,10792.575207112412,15717.438674472618,23793.68219926675,36216.990236686484,57579.15505490968,81630.31837289427,97702.80887895146,exploratory_unweighted_not_clinical_reference
2021-2023,HSCRP_L,WTPH2YR,female,50-59,512,42506.68922598123,30200.22160841782,10863.132011964406,14636.012479722349,20773.94432627286,34494.97445036457,54440.104631345035,85949.60514306882,104362.19763901073,exploratory_unweighted_not_clinical_reference
2021-2023,HSCRP_L,WTPH2YR,female,60-69,820,25231.174390243916,14793.423867728186,7723.012115210388,11186.932061608875,15249.661412625515,22012.241623617818,32394.311162393395,44272.42544599302,54685.887955632534,exploratory_unweighted_not_clinical_reference
2021-2023,HSCRP_L,WTPH2YR,female,70-79,500,27510.163254846153,15442.873390482779,10359.760370526588,12405.976073044654,16685.05336940466,24411.363925408757,35670.923164091364,45759.78479775405,58429.897096126995,exploratory_unweighted_not_clinical_reference
2021-2023,HSCRP_L,WTPH2YR,female,80+,180,36969.035403205104,21912.185344482277,11650.975943965916,17157.04716048997,22121.012247629566,32395.513124362456,50511.49807377878,64095.32367035081,79122.19786764371,exploratory_unweighted_not_clinical_reference
2021-2023,HSCRP_L,WTPH2YR,male,0-11,772,28993.48575129534,35513.67999957242,5.397605346934028e-79,5.397605346934028e-79,5.397605346934028e-79,22760.352176369557,44259.07533750527,73008.34251405005,95113.29418607093,exploratory_unweighted_not_clinical_reference
2021-2023,HSCRP_L,WTPH2YR,male,12-17,424,31907.01362946765,25663.326935757766,5.397605346934028e-79,5.397605346934028e-79,15606.758895500498,27455.668363404224,43446.26659082035,65543.37916573846,83622.4142451678,exploratory_unweighted_not_clinical_reference
2021-2023,HSCRP_L,WTPH2YR,male,18-29,428,59457.393039966606,47780.1087821328,5.397605346934028e-79,12323.111508249036,28266.396071652776,47209.22099565486,79920.62908524166,122657.4883622632,160003.2773983641,exploratory_unweighted_not_clinical_reference
2021-2023,HSCRP_L,WTPH2YR,male,30-39,389,56496.0,38955.57535357022,5.397605346934028e-79,18892.845013632705,31167.768767369336,46148.24998181362,72879.8043621448,107187.83764823833,135487.92551271713,exploratory_unweighted_not_clinical_reference
2021-2023,HSCRP_L,WTPH2YR,male,40-49,348,56550.92605868841,34629.56006311906,14402.940535895636,20212.937643749137,30945.60524990008,47434.95118485781,75419.42084134214,101262.06486917121,128919.88039132435,exploratory_unweighted_not_clinical_reference
2021-2023,HSCRP_L,WTPH2YR,male,50-59,421,49486.26064507467,36670.05160994841,5.397605346934028e-79,14224.15203414109,23184.75901259775,40676.0870667034,66457.47855278173,101028.44323036204,125006.24804956155,exploratory_unweighted_not_clinical_reference
2021-2023,HSCRP_L,WTPH2YR,male,60-69,659,28792.992412746593,16589.510760815323,6699.168388826386,10839.427708548596,17564.075680116046,26085.020506913108,38554.83483684766,50984.78429809858,58568.724268321814,exploratory_unweighted_not_clinical_reference
2021-2023,HSCRP_L,WTPH2YR,male,70-79,451,25619.44002498151,13283.242207042294,10605.598683175747,12442.503095383372,16357.733787364872,22133.471893698206,32866.59715723893,45290.53858442732,50946.68816256723,exploratory_unweighted_not_clinical_reference
2021-2023,HSCRP_L,WTPH2YR,male,80+,162,28366.947831687277,16817.954960853716,5.397605346934028e-79,9854.420056374076,17654.5622176608,25575.8086983697,38591.170371510816,48058.975958098235,59548.38083054306,exploratory_unweighted_not_clinical_reference
2021-2023,HSCRP_L,LBXHSCRP,female,0-11,384,1.8064583333333335,5.229455633505503,0.11,0.11,0.2275,0.46499999999999997,1.335,3.3,6.949499999999998,exploratory_unweighted_not_clinical_reference
2021-2023,HSCRP_L,LBXHSCRP,female,12-17,350,1.8523142857142856,4.236730988762686,0.11,0.16,0.29,0.615,1.8075,4.403000000000001,6.531,exploratory_unweighted_not_clinical_reference
2021-2023,HSCRP_L,LBXHSCRP,female,18-29,436,4.071077981651376,7.411095098527754,0.22,0.31,0.5874999999999999,1.685,4.6225000000000005,8.774999999999999,15.25,exploratory_unweighted_not_clinical_reference
2021-2023,HSCRP_L,LBXHSCRP,female,30-39,469,5.327462686567164,10.657174350149331,0.28,0.39,0.76,2.41,6.12,11.407999999999994,17.415999999999997,exploratory_unweighted_not_clinical_reference
2021-2023,HSCRP_L,LBXHSCRP,female,40-49,425,4.55875294117647,6.823442326748244,0.31,0.43,0.86,2.11,5.61,10.584000000000001,14.61599999999999,exploratory_unweighted_not_clinical_reference
2021-2023,HSCRP_L,LBXHSCRP,female,50-59,483,4.4477018633540375,5.958683218921883,0.35,0.502,1.025,2.71,5.16,11.126000000000003,14.085999999999999,exploratory_unweighted_not_clinical_reference
2021-2023,HSCRP_L,LBXHSCRP,female,60-69,755,4.191192052980132,6.8055290292214625,0.39,0.6,1.04,2.27,4.68,8.848,12.663,exploratory_unweighted_not_clinical_reference
2021-2023,HSCRP_L,LBXHSCRP,female,70-79,450,3.3423777777777777,4.588209144446219,0.37,0.53,0.905,2.065,3.865,7.541000000000003,11.007499999999997,exploratory_unweighted_not_clinical_reference
2021-2023,HSCRP_L,LBXHSCRP,female,80+,161,3.036086956521739,4.032813250993816,0.37,0.51,0.79,1.64,3.34,8.27,11.44,exploratory_unweighted_not_clinical_reference
2021-2023,HSCRP_L,LBXHSCRP,male,0-11,388,1.6556443298969072,5.136512993620967,0.11,0.11,0.1875,0.41,1.0350000000000001,3.0380000000000007,6.101499999999988,exploratory_unweighted_not_clinical_reference
2021-2023,HSCRP_L,LBXHSCRP,male,12-17,339,2.0747197640117996,9.758775060204703,0.11,0.15,0.255,0.59,1.335,3.746,6.285999999999998,exploratory_unweighted_not_clinical_reference
2021-2023,HSCRP_L,LBXHSCRP,male,18-29,377,2.381644562334217,6.060020315509833,0.19,0.276,0.46,1.03,2.56,5.144000000000006,7.725999999999995,exploratory_unweighted_not_clinical_reference
2021-2023,HSCRP_L,LBXHSCRP,male,30-39,355,2.5651549295774645,3.878537301641278,0.27,0.35,0.65,1.24,3.0549999999999997,5.982,7.947000000000001,exploratory_unweighted_not_clinical_reference
2021-2023,HSCRP_L,LBXHSCRP,male,40-49,329,3.564589665653495,7.486411138629791,0.37200000000000005,0.528,0.82,1.57,3.17,6.452,9.187999999999992,exploratory_unweighted_not_clinical_reference
2021-2023,HSCRP_L,LBXHSCRP,male,50-59,388,3.5835051546391754,5.376889736427506,0.36,0.51,0.88,1.84,4.1075,8.375000000000002,11.588499999999998,exploratory_unweighted_not_clinical_reference
2021-2023,HSCRP_L,LBXHSCRP,male,60-69,613,3.6519575856443716,7.811838704131989,0.33,0.48,0.77,1.61,3.88,7.3180000000000005,11.953999999999999,exploratory_unweighted_not_clinical_reference
2021-2023,HSCRP_L,LBXHSCRP,male,70-79,433,3.7814087759815243,11.197187461078514,0.36,0.49,0.85,1.62,3.37,6.314000000000001,9.823999999999998,exploratory_unweighted_not_clinical_reference
2021-2023,HSCRP_L,LBXHSCRP,male,80+,147,3.4853741496598643,6.892433241547589,0.336,0.466,0.835,1.45,2.715,7.270000000000002,11.829999999999993,exploratory_unweighted_not_clinical_reference
2021-2023,INS_L,WTSAF2YR,female,12-17,237,54816.04776282122,48898.85078180947,5.397605346934028e-79,5.397605346934028e-79,5.397605346934028e-79,51147.82052881003,89122.03917402915,120185.16038415009,134701.65628032916,exploratory_unweighted_not_clinical_reference
2021-2023,INS_L,WTSAF2YR,female,18-29,267,93840.09830946715,83319.32022044707,5.397605346934028e-79,5.397605346934028e-79,37840.328216609334,80503.77931592752,129132.11768470673,198618.7145382803,254580.5960977381,exploratory_unweighted_not_clinical_reference
2021-2023,INS_L,WTSAF2YR,female,30-39,293,75790.85604060456,63997.018216530676,5.397605346934028e-79,5.397605346934028e-79,34336.849244225545,65663.46996346474,99171.3544589616,152014.59505008694,199877.14228673704,exploratory_unweighted_not_clinical_reference
2021-2023,INS_L,WTSAF2YR,female,40-49,260,76087.43102900087,55801.36659544026,5.397605346934028e-79,5.397605346934028e-79,39244.35902829127,64272.480354520696,103406.24085476692,147523.87256607876,172318.58919455472,exploratory_unweighted_not_clinical_reference
2021-2023,INS_L,WTSAF2YR,female,50-59,283,76945.01124709679,59608.0456341406,5.397605346934028e-79,14248.341204616621,33345.11058158245,62617.465575214,105145.12669814302,163956.78355488039,195589.7031747513,exploratory_unweighted_not_clinical_reference
2021-2023,INS_L,WTSAF2YR,female,60-69,481,44256.18487494166,28698.132882933463,5.397605346934028e-79,5.397605346934028e-79,26035.754489345978,39531.18168658533,58962.41088149408,82413.47099338168,102923.56855256739,exploratory_unweighted_not_clinical_reference
2021-2023,INS_L,WTSAF2YR,female,70-79,273,45547.27146572793,30985.2991886508,5.397605346934028e-79,5.397605346934028e-79,27042.05557151168,40221.98572088652,62616.5772161941,84701.71094328338,100360.65923384673,exploratory_unweighted_not_clinical_reference
2021-2023,INS_L,WTSAF2YR,female,80+,102,63688.202518336104,46965.20144500895,5.397605346934028e-79,5.397605346934028e-79,39171.3339271304,55606.08214894084,87276.60589742,114681.41662217336,156410.9554758658,exploratory_unweighted_not_clinical_reference
2021-2023,INS_L,WTSAF2YR,male,12-17,197,63665.07459208012,63204.05492914904,5.397605346934028e-79,5.397605346934028e-79,5.397605346934028e-79,57468.796391927375,98466.72058350866,139255.83957699817,158379.7188048825,exploratory_unweighted_not_clinical_reference
2021-2023,INS_L,WTSAF2YR,male,18-29,223,119883.95562802072,105322.56017875703,5.397605346934028e-79,5.397605346934028e-79,48482.616224312726,101061.97373155788,166247.82947247272,253998.59963829812,354324.7070310725,exploratory_unweighted_not_clinical_reference
2021-2023,INS_L,WTSAF2YR,male,30-39,204,107633.75262042326,84755.74310413678,5.397605346934028e-79,5.397605346934028e-79,57762.50045651468,93214.200205211,143160.08574184857,216911.43502400638,255286.6502159559,exploratory_unweighted_not_clinical_reference
2021-2023,INS_L,WTSAF2YR,male,40-49,197,99618.21648660264,74869.16171471978,5.397605346934028e-79,5.397605346934028e-79,44659.78025387097,86224.0716828898,141572.99189345632,203436.65422705386,250925.28211548965,exploratory_unweighted_not_clinical_reference
2021-2023,INS_L,WTSAF2YR,male,50-59,236,88639.92529163153,76299.48373323341,5.397605346934028e-79,5.397605346934028e-79,32654.495480979644,68907.27160557231,124514.16415454933,188828.70440837226,247440.9721548036,exploratory_unweighted_not_clinical_reference
2021-2023,INS_L,WTSAF2YR,male,60-69,380,51511.93034304665,34980.90028497412,5.397605346934028e-79,5.397605346934028e-79,29281.70093426,46928.01641292641,71604.3539317568,95678.83999332934,113986.52381910394,exploratory_unweighted_not_clinical_reference
2021-2023,INS_L,WTSAF2YR,male,70-79,261,45992.32983793814,31521.03386186596,5.397605346934028e-79,5.397605346934028e-79,27447.27842933644,39787.194597480026,62415.64731654683,94590.54546082304,105280.67676740649,exploratory_unweighted_not_clinical_reference
2021-2023,INS_L,WTSAF2YR,male,80+,102,45170.57490048224,37382.18494115759,5.397605346934028e-79,5.397605346934028e-79,4015.4364748533135,40384.236978902736,70228.68195999748,92951.66443160274,112189.21237278241,exploratory_unweighted_not_clinical_reference
2021-2023,INS_L,LBXIN,female,12-17,186,20.253655913978495,52.26692063866525,4.3825,6.1850000000000005,8.705,12.434999999999999,20.4375,28.7,38.4175,exploratory_unweighted_not_clinical_reference
2021-2023,INS_L,LBXIN,female,18-29,228,13.58671052631579,11.71714509305466,3.4935,4.227,6.465,9.82,15.9225,28.655000000000005,34.8085,exploratory_unweighted_not_clinical_reference
2021-2023,INS_L,LBXIN,female,30-39,263,15.064600760456273,17.839771967901296,3.547,4.426,6.675,9.25,16.15,29.40200000000001,44.05199999999998,exploratory_unweighted_not_clinical_reference
2021-2023,INS_L,LBXIN,female,40-49,240,11.362416666666668,10.646278348364312,3.2025,3.583,5.025,8.004999999999999,13.620000000000001,21.954,31.125999999999976,exploratory_unweighted_not_clinical_reference
2021-2023,INS_L,LBXIN,female,50-59,263,15.424410646387832,28.39638177707151,3.0149999999999997,3.9240000000000004,5.705,9.99,16.175,27.395999999999997,38.30199999999998,exploratory_unweighted_not_clinical_reference
2021-2023,INS_L,LBXIN,female,60-69,431,12.460092807424592,12.87631199874565,3.315,4.16,5.945,8.95,14.545,23.86,30.745,exploratory_unweighted_not_clinical_reference
2021-2023,INS_L,LBXIN,female,70-79,236,14.194533898305083,36.753493419064654,3.475,4.035,5.69,8.965,14.345,22.34,30.06,exploratory_unweighted_not_clinical_reference
2021-2023,INS_L,LBXIN,female,80+,89,11.707977528089888,16.423509353956277,2.882,3.728,5.29,8.11,11.96,18.618000000000002,31.64199999999993,exploratory_unweighted_not_clinical_reference
2021-2023,INS_L,LBXIN,male,12-17,146,15.572465753424657,15.475919829457135,4.1049999999999995,5.369999999999999,7.0249999999999995,10.280000000000001,16.9125,29.884999999999998,39.9525,exploratory_unweighted_not_clinical_reference
2021-2023,INS_L,LBXIN,male,18-29,191,14.34083769633508,18.28898996750268,3.0149999999999997,4.02,5.8,9.46,16.58,25.14,35.185,exploratory_unweighted_not_clinical_reference
2021-2023,INS_L,LBXIN,male,30-39,175,12.478571428571428,11.93192875479584,2.511,3.472,5.0649999999999995,8.71,16.045,23.56199999999999,33.254999999999995,exploratory_unweighted_not_clinical_reference
2021-2023,INS_L,LBXIN,male,40-49,179,11.241229050279332,8.166393290787893,2.904,3.75,5.88,9.58,14.68,19.39200000000001,24.691999999999986,exploratory_unweighted_not_clinical_reference
2021-2023,INS_L,LBXIN,male,50-59,209,19.734258373205737,40.05279625730363,3.5140000000000002,4.1339999999999995,7.01,12.23,20.14,39.54000000000002,46.30799999999999,exploratory_unweighted_not_clinical_reference
2021-2023,INS_L,LBXIN,male,60-69,345,18.47826086956522,40.62756190693107,3.592,4.263999999999999,6.07,10.12,15.81,23.678000000000004,41.166000000000075,exploratory_unweighted_not_clinical_reference
2021-2023,INS_L,LBXIN,male,70-79,242,14.428636363636366,14.257984652416615,3.253,4.12,6.555,11.02,16.9375,25.678000000000004,34.70099999999997,exploratory_unweighted_not_clinical_reference
2021-2023,INS_L,LBXIN,male,80+,87,12.40505747126437,11.43079651679123,2.994,3.354,5.565,8.7,13.735,23.676000000000005,33.22800000000001,exploratory_unweighted_not_clinical_reference
2021-2023,INS_L,LBDINSI,female,12-17,186,121.52193548387098,313.6015238319915,26.295,37.11,52.23,74.61,122.625,172.2,230.505,exploratory_unweighted_not_clinical_reference
2021-2023,INS_L,LBDINSI,female,18-29,228,81.52026315789473,70.30287055832795,20.961000000000002,25.362000000000002,38.790000000000006,58.92,95.535,171.93000000000004,208.85099999999997,exploratory_unweighted_not_clinical_reference
2021-2023,INS_L,LBDINSI,female,30-39,263,90.38760456273765,107.03863180740778,21.282,26.556,40.05,55.5,96.9,176.41200000000006,264.31199999999984,exploratory_unweighted_not_clinical_reference
2021-2023,INS_L,LBDINSI,female,40-49,240,68.1745,63.87767009018588,19.215000000000003,21.498,30.15,48.03,81.72,131.724,186.7559999999999,exploratory_unweighted_not_clinical_reference
2021-2023,INS_L,LBDINSI,female,50-59,263,92.546463878327,170.3782906624291,18.09,23.544,34.230000000000004,59.94,97.05000000000001,164.376,229.81199999999987,exploratory_unweighted_not_clinical_reference
2021-2023,INS_L,LBDINSI,female,60-69,431,74.76055684454757,77.2578719924739,19.89,24.96,35.67,53.7,87.27,143.16,184.47,exploratory_unweighted_not_clinical_reference
2021-2023,INS_L,LBDINSI,female,70-79,236,85.1672033898305,220.52096051438792,20.85,24.21,34.14,53.79,86.07,134.04,180.36,exploratory_unweighted_not_clinical_reference
2021-2023,INS_L,LBDINSI,female,80+,89,70.24786516853933,98.54105612373765,17.292,22.368,31.74,48.66,71.76,111.70800000000001,189.85199999999958,exploratory_unweighted_not_clinical_reference
2021-2023,INS_L,LBDINSI,male,12-17,146,93.43479452054794,92.85551897674283,24.630000000000003,32.22,42.15,61.68,101.47500000000001,179.31,239.715,exploratory_unweighted_not_clinical_reference
2021-2023,INS_L,LBDINSI,male,18-29,191,86.04502617801046,109.73393980501608,18.09,24.12,34.8,56.76,99.47999999999999,150.84,211.11,exploratory_unweighted_not_clinical_reference
2021-2023,INS_L,LBDINSI,male,30-39,175,74.87142857142857,71.59157252877503,15.065999999999999,20.832,30.39,52.26,96.27000000000001,141.37199999999996,199.52999999999997,exploratory_unweighted_not_clinical_reference
2021-2023,INS_L,LBDINSI,male,40-49,179,67.44737430167598,48.998359744727345,17.424,22.5,35.28,57.48,88.08000000000001,116.35200000000007,148.1519999999999,exploratory_unweighted_not_clinical_reference
2021-2023,INS_L,LBDINSI,male,50-59,209,118.40555023923446,240.31677754382184,21.084,24.804,42.06,73.38,120.84,237.24000000000012,277.84799999999996,exploratory_unweighted_not_clinical_reference
2021-2023,INS_L,LBDINSI,male,60-69,345,110.8695652173913,243.76537144158644,21.552,25.584,36.42,60.72,94.86,142.068,246.99600000000046,exploratory_unweighted_not_clinical_reference
2021-2023,INS_L,LBDINSI,male,70-79,242,86.57181818181817,85.54790791449967,19.518,24.72,39.33,66.12,101.625,154.068,208.2059999999998,exploratory_unweighted_not_clinical_reference
2021-2023,INS_L,LBDINSI,male,80+,87,74.43034482758621,68.5847791007474,17.964,20.124000000000002,33.39,52.2,82.41,142.05600000000004,199.36800000000005,exploratory_unweighted_not_clinical_reference
2021-2023,TCHOL_L,WTPH2YR,female,0-11,436,27390.3486238532,27957.138717808903,5.397605346934028e-79,5.397605346934028e-79,5.397605346934028e-79,24159.484400859765,41888.873830091456,63857.01862541375,81690.86169790228,exploratory_unweighted_not_clinical_reference
2021-2023,TCHOL_L,WTPH2YR,female,12-17,438,29284.021556688043,23657.814798121042,5.397605346934028e-79,5.397605346934028e-79,14287.255256113724,23794.10060461281,40593.22672389641,62827.09369084728,71568.23538755375,exploratory_unweighted_not_clinical_reference
2021-2023,TCHOL_L,WTPH2YR,female,18-29,499,51021.73859352831,39058.20700469931,5.397605346934028e-79,11768.44109860592,23844.418207840765,43647.056003047626,67217.28355403393,100289.98759207192,128336.63549154904,exploratory_unweighted_not_clinical_reference
2021-2023,TCHOL_L,WTPH2YR,female,30-39,516,43393.53682170544,31693.975812695295,5.397605346934028e-79,13927.212168779075,21624.167446518906,36448.811019791756,55777.374627015466,85044.8908088633,109309.55627492844,exploratory_unweighted_not_clinical_reference
2021-2023,TCHOL_L,WTPH2YR,female,40-49,452,43941.750257295564,28891.769817345452,10792.575207112412,15717.438674472618,23793.68219926675,36216.990236686484,57579.15505490968,81630.31837289427,97702.80887895146,exploratory_unweighted_not_clinical_reference
2021-2023,TCHOL_L,WTPH2YR,female,50-59,512,42506.68922598123,30200.22160841782,10863.132011964406,14636.012479722349,20773.94432627286,34494.97445036457,54440.104631345035,85949.60514306882,104362.19763901073,exploratory_unweighted_not_clinical_reference
2021-2023,TCHOL_L,WTPH2YR,female,60-69,820,25231.174390243916,14793.423867728186,7723.012115210388,11186.932061608875,15249.661412625515,22012.241623617818,32394.311162393395,44272.42544599302,54685.887955632534,exploratory_unweighted_not_clinical_reference
2021-2023,TCHOL_L,WTPH2YR,female,70-79,500,27510.163254846153,15442.873390482779,10359.760370526588,12405.976073044654,16685.05336940466,24411.363925408757,35670.923164091364,45759.78479775405,58429.897096126995,exploratory_unweighted_not_clinical_reference
2021-2023,TCHOL_L,WTPH2YR,female,80+,180,36969.035403205104,21912.185344482277,11650.975943965916,17157.04716048997,22121.012247629566,32395.513124362456,50511.49807377878,64095.32367035081,79122.19786764371,exploratory_unweighted_not_clinical_reference
2021-2023,TCHOL_L,WTPH2YR,male,0-11,433,29069.277136258657,30862.184650540446,5.397605346934028e-79,5.397605346934028e-79,5.397605346934028e-79,26060.28315392075,41594.03035289246,70124.30032678825,87477.21951507531,exploratory_unweighted_not_clinical_reference
2021-2023,TCHOL_L,WTPH2YR,male,12-17,424,31907.01362946765,25663.326935757766,5.397605346934028e-79,5.397605346934028e-79,15606.758895500498,27455.668363404224,43446.26659082035,65543.37916573846,83622.4142451678,exploratory_unweighted_not_clinical_reference
2021-2023,TCHOL_L,WTPH2YR,male,18-29,428,59457.393039966606,47780.1087821328,5.397605346934028e-79,12323.111508249036,28266.396071652776,47209.22099565486,79920.62908524166,122657.4883622632,160003.2773983641,exploratory_unweighted_not_clinical_reference
2021-2023,TCHOL_L,WTPH2YR,male,30-39,389,56496.0,38955.57535357022,5.397605346934028e-79,18892.845013632705,31167.768767369336,46148.24998181362,72879.8043621448,107187.83764823833,135487.92551271713,exploratory_unweighted_not_clinical_reference
2021-2023,TCHOL_L,WTPH2YR,male,40-49,348,56550.92605868841,34629.56006311906,14402.940535895636,20212.937643749137,30945.60524990008,47434.95118485781,75419.42084134214,101262.06486917121,128919.88039132435,exploratory_unweighted_not_clinical_reference
2021-2023,TCHOL_L,WTPH2YR,male,50-59,421,49486.26064507467,36670.05160994841,5.397605346934028e-79,14224.15203414109,23184.75901259775,40676.0870667034,66457.47855278173,101028.44323036204,125006.24804956155,exploratory_unweighted_not_clinical_reference
2021-2023,TCHOL_L,WTPH2YR,male,60-69,659,28792.992412746593,16589.510760815323,6699.168388826386,10839.427708548596,17564.075680116046,26085.020506913108,38554.83483684766,50984.78429809858,58568.724268321814,exploratory_unweighted_not_clinical_reference
2021-2023,TCHOL_L,WTPH2YR,male,70-79,451,25619.44002498151,13283.242207042294,10605.598683175747,12442.503095383372,16357.733787364872,22133.471893698206,32866.59715723893,45290.53858442732,50946.68816256723,exploratory_unweighted_not_clinical_reference
2021-2023,TCHOL_L,WTPH2YR,male,80+,162,28366.947831687277,16817.954960853716,5.397605346934028e-79,9854.420056374076,17654.5622176608,25575.8086983697,38591.170371510816,48058.975958098235,59548.38083054306,exploratory_unweighted_not_clinical_reference
2021-2023,TCHOL_L,LBXTC,female,0-11,252,157.1031746031746,27.27821230168441,117.55,125.2,137.0,155.0,172.25,191.0,200.34999999999997,exploratory_unweighted_not_clinical_reference
2021-2023,TCHOL_L,LBXTC,female,12-17,342,154.92397660818713,27.30226287936152,116.05,124.0,136.25,152.0,171.75,188.90000000000003,198.95,exploratory_unweighted_not_clinical_reference
2021-2023,TCHOL_L,LBXTC,female,18-29,428,171.42990654205607,36.31648863896184,124.0,132.0,146.0,169.0,188.25,218.60000000000002,233.64999999999998,exploratory_unweighted_not_clinical_reference
2021-2023,TCHOL_L,LBXTC,female,30-39,464,183.80603448275863,33.04687890568511,133.0,143.3,163.0,182.0,202.0,222.0,240.0,exploratory_unweighted_not_clinical_reference
2021-2023,TCHOL_L,LBXTC,female,40-49,418,194.4688995215311,38.30378683102487,135.0,149.0,169.0,192.5,216.75,243.3,252.29999999999995,exploratory_unweighted_not_clinical_reference
2021-2023,TCHOL_L,LBXTC,female,50-59,474,203.29957805907173,45.80479446999981,135.0,150.0,176.0,197.0,229.0,257.7,277.34999999999997,exploratory_unweighted_not_clinical_reference
2021-2023,TCHOL_L,LBXTC,female,60-69,742,201.88948787061994,43.15963742087591,132.0,147.0,171.25,201.0,233.0,256.0,270.0,exploratory_unweighted_not_clinical_reference
2021-2023,TCHOL_L,LBXTC,female,70-79,441,192.8639455782313,42.912856643506295,131.0,143.0,162.0,190.0,217.0,253.0,270.0,exploratory_unweighted_not_clinical_reference
2021-2023,TCHOL_L,LBXTC,female,80+,157,181.21656050955414,41.70521065510135,127.4,135.0,148.0,173.0,205.0,235.4,264.2,exploratory_unweighted_not_clinical_reference
2021-2023,TCHOL_L,LBXTC,male,0-11,247,159.8097165991903,29.233017909518328,120.3,126.0,139.0,154.0,179.0,199.4,211.39999999999998,exploratory_unweighted_not_clinical_reference
2021-2023,TCHOL_L,LBXTC,male,12-17,332,150.11144578313252,28.7210185730448,106.0,117.0,129.75,147.5,167.5,188.80000000000007,201.45,exploratory_unweighted_not_clinical_reference
2021-2023,TCHOL_L,LBXTC,male,18-29,364,168.62637362637363,34.22495612962703,119.0,129.3,143.75,166.0,190.0,216.09999999999997,230.0,exploratory_unweighted_not_clinical_reference
2021-2023,TCHOL_L,LBXTC,male,30-39,346,190.14161849710982,40.70580419011739,128.25,141.0,161.25,188.0,214.75,243.5,261.0,exploratory_unweighted_not_clinical_reference
2021-2023,TCHOL_L,LBXTC,male,40-49,324,199.24382716049382,42.59375881454299,127.30000000000001,147.0,170.0,197.0,231.0,257.0,264.0,exploratory_unweighted_not_clinical_reference
2021-2023,TCHOL_L,LBXTC,male,50-59,382,192.73560209424085,48.28780449034128,124.05,137.0,162.0,189.5,216.0,252.90000000000003,266.84999999999997,exploratory_unweighted_not_clinical_reference
2021-2023,TCHOL_L,LBXTC,male,60-69,605,181.30743801652892,42.276032704986115,118.2,127.0,150.0,180.0,210.0,234.60000000000002,253.0,exploratory_unweighted_not_clinical_reference
2021-2023,TCHOL_L,LBXTC,male,70-79,429,167.15850815850817,38.05269407993568,109.0,121.80000000000001,137.0,165.0,192.0,220.0,232.19999999999993,exploratory_unweighted_not_clinical_reference
2021-2023,TCHOL_L,LBXTC,male,80+,143,157.8111888111888,33.526308998391826,108.3,120.2,135.0,155.0,176.0,202.0,216.70000000000002,exploratory_unweighted_not_clinical_reference
2021-2023,TCHOL_L,LBDTCSI,female,0-11,252,4.062857142857143,0.7052826927705548,3.041,3.235,3.54,4.01,4.455,4.94,5.181499999999999,exploratory_unweighted_not_clinical_reference
2021-2023,TCHOL_L,LBDTCSI,female,12-17,342,4.006228070175438,0.7057223877658401,3.0015,3.21,3.525,3.93,4.4425,4.8870000000000005,5.1485,exploratory_unweighted_not_clinical_reference
2021-2023,TCHOL_L,LBDTCSI,female,18-29,428,4.433107476635514,0.93919912947956,3.21,3.41,3.78,4.37,4.8675,5.655,6.042999999999999,exploratory_unweighted_not_clinical_reference
2021-2023,TCHOL_L,LBDTCSI,female,30-39,464,4.753297413793104,0.854818201475782,3.44,3.7060000000000004,4.22,4.71,5.22,5.74,6.21,exploratory_unweighted_not_clinical_reference
2021-2023,TCHOL_L,LBDTCSI,female,40-49,418,5.028995215311005,0.9908213994159599,3.49,3.85,4.37,4.98,5.605,6.289000000000001,6.527499999999999,exploratory_unweighted_not_clinical_reference
2021-2023,TCHOL_L,LBDTCSI,female,50-59,474,5.257257383966244,1.184632782772517,3.49,3.88,4.55,5.09,5.92,6.664,7.170499999999999,exploratory_unweighted_not_clinical_reference
2021-2023,TCHOL_L,LBDTCSI,female,60-69,742,5.220876010781671,1.1163122066745348,3.41,3.8,4.4275,5.2,6.03,6.62,6.98,exploratory_unweighted_not_clinical_reference
2021-2023,TCHOL_L,LBDTCSI,female,70-79,441,4.987505668934241,1.1095790113165236,3.39,3.7,4.19,4.91,5.61,6.54,6.98,exploratory_unweighted_not_clinical_reference
2021-2023,TCHOL_L,LBDTCSI,female,80+,157,4.686624203821656,1.078486923318681,3.294,3.49,3.83,4.47,5.3,6.088,6.834,exploratory_unweighted_not_clinical_reference
2021-2023,TCHOL_L,LBDTCSI,male,0-11,247,4.132388663967611,0.7559904145310588,3.109,3.26,3.59,3.98,4.63,5.158,5.465,exploratory_unweighted_not_clinical_reference
2021-2023,TCHOL_L,LBDTCSI,male,12-17,332,3.8820783132530123,0.7427145970697422,2.74,3.03,3.355,3.815,4.3325000000000005,4.885000000000002,5.209,exploratory_unweighted_not_clinical_reference
2021-2023,TCHOL_L,LBDTCSI,male,18-29,364,4.36043956043956,0.8853268678875972,3.08,3.346,3.7150000000000003,4.29,4.91,5.585999999999999,5.95,exploratory_unweighted_not_clinical_reference
2021-2023,TCHOL_L,LBDTCSI,male,30-39,346,4.916907514450867,1.052828338458939,3.3175,3.65,4.1675,4.86,5.5525,6.295,6.75,exploratory_unweighted_not_clinical_reference
2021-2023,TCHOL_L,LBDTCSI,male,40-49,324,5.152623456790123,1.101487693762393,3.289,3.8,4.4,5.09,5.97,6.65,6.83,exploratory_unweighted_not_clinical_reference
2021-2023,TCHOL_L,LBDTCSI,male,50-59,382,4.9842670157068065,1.2485661537645907,3.211,3.54,4.19,4.9,5.59,6.538,6.8965,exploratory_unweighted_not_clinical_reference
2021-2023,TCHOL_L,LBDTCSI,male,60-69,605,4.688528925619836,1.0932605031379876,3.056,3.28,3.88,4.65,5.43,6.0680000000000005,6.54,exploratory_unweighted_not_clinical_reference
2021-2023,TCHOL_L,LBDTCSI,male,70-79,429,4.3227039627039625,0.9839625964075668,2.82,3.146,3.54,4.27,4.97,5.69,6.005999999999998,exploratory_unweighted_not_clinical_reference
2021-2023,TCHOL_L,LBDTCSI,male,80+,143,4.0806993006993,0.8673560686293951,2.798,3.106,3.49,4.01,4.555,5.22,5.602000000000001,exploratory_unweighted_not_clinical_reference
2021-2023,TFR_L,WTPH2YR,female,0-11,320,29012.20625,42661.09619990245,5.397605346934028e-79,5.397605346934028e-79,5.397605346934028e-79,5.397605346934028e-79,45232.19370524374,79555.55009529111,117825.84083978964,exploratory_unweighted_not_clinical_reference
2021-2023,TFR_L,WTPH2YR,female,12-17,438,29284.021556688043,23657.814798121042,5.397605346934028e-79,5.397605346934028e-79,14287.255256113724,23794.10060461281,40593.22672389641,62827.09369084728,71568.23538755375,exploratory_unweighted_not_clinical_reference
2021-2023,TFR_L,WTPH2YR,female,18-29,499,51021.73859352831,39058.20700469931,5.397605346934028e-79,11768.44109860592,23844.418207840765,43647.056003047626,67217.28355403393,100289.98759207192,128336.63549154904,exploratory_unweighted_not_clinical_reference
2021-2023,TFR_L,WTPH2YR,female,30-39,516,43393.53682170544,31693.975812695295,5.397605346934028e-79,13927.212168779075,21624.167446518906,36448.811019791756,55777.374627015466,85044.8908088633,109309.55627492844,exploratory_unweighted_not_clinical_reference
2021-2023,TFR_L,WTPH2YR,female,40-49,452,43941.750257295564,28891.769817345452,10792.575207112412,15717.438674472618,23793.68219926675,36216.990236686484,57579.15505490968,81630.31837289427,97702.80887895146,exploratory_unweighted_not_clinical_reference
2021-2023,TFR_L,WTPH2YR,male,0-11,339,28896.6784660767,40737.54676562266,5.397605346934028e-79,5.397605346934028e-79,5.397605346934028e-79,5.397605346934028e-79,48659.016944383024,75667.3506305159,105069.11400475542,exploratory_unweighted_not_clinical_reference
2021-2023,TFR_L,LBXTFR,female,0-11,128,3.9489843749999998,0.9875379708388053,2.7805,2.974,3.2775,3.7699999999999996,4.3825,4.984999999999999,5.512,exploratory_unweighted_not_clinical_reference
2021-2023,TFR_L,LBXTFR,female,12-17,351,3.8609686609686613,2.1395532715668013,2.1950000000000003,2.44,2.72,3.27,4.1850000000000005,5.46,7.675,exploratory_unweighted_not_clinical_reference
2021-2023,TFR_L,LBXTFR,female,18-29,439,3.5913439635535305,2.349638516383885,2.059,2.23,2.53,2.97,3.885,5.085999999999999,7.04,exploratory_unweighted_not_clinical_reference
2021-2023,TFR_L,LBXTFR,female,30-39,472,3.413283898305085,1.830262827272404,2.04,2.181,2.54,3.01,3.585,4.734000000000003,5.868499999999998,exploratory_unweighted_not_clinical_reference
2021-2023,TFR_L,LBXTFR,female,40-49,426,3.646408450704225,2.1661713608438697,2.0725,2.18,2.5324999999999998,3.01,3.97,5.779999999999999,6.915,exploratory_unweighted_not_clinical_reference
2021-2023,TFR_L,LBXTFR,male,0-11,133,3.807443609022556,0.9591755093729278,2.846,2.962,3.2,3.61,4.16,4.77,5.184,exploratory_unweighted_not_clinical_reference
2021-2023,TFR_L,LBDTFRSI,female,0-11,128,46.596875,11.655500796572305,32.805,35.11,38.675000000000004,44.5,51.725,58.78,65.05,exploratory_unweighted_not_clinical_reference
2021-2023,TFR_L,LBDTFRSI,female,12-17,351,45.56267806267807,25.259476359385324,25.9,28.8,32.1,38.6,49.349999999999994,64.4,90.55,exploratory_unweighted_not_clinical_reference
2021-2023,TFR_L,LBDTFRSI,female,18-29,439,42.376309794988614,27.712902457285203,24.29,26.3,29.9,35.0,45.849999999999994,59.98,83.1,exploratory_unweighted_not_clinical_reference
2021-2023,TFR_L,LBDTFRSI,female,30-39,472,40.277542372881356,21.5966234459398,24.1,25.71,30.0,35.5,42.275000000000006,55.83000000000002,69.27499999999998,exploratory_unweighted_not_clinical_reference
2021-2023,TFR_L,LBDTFRSI,female,40-49,426,43.02441314553991,25.540890679724054,24.424999999999997,25.7,29.924999999999997,35.5,46.8,68.2,81.625,exploratory_unweighted_not_clinical_reference
2021-2023,TFR_L,LBDTFRSI,male,0-11,133,44.9218045112782,11.299271485941462,33.56,34.92,37.8,42.6,49.1,56.3,61.14,exploratory_unweighted_not_clinical_reference
2021-2023,TRIGLY_L,WTSAF2YR,female,12-17,237,54816.04776282122,48898.85078180947,5.397605346934028e-79,5.397605346934028e-79,5.397605346934028e-79,51147.82052881003,89122.03917402915,120185.16038415009,134701.65628032916,exploratory_unweighted_not_clinical_reference
2021-2023,TRIGLY_L,WTSAF2YR,female,18-29,267,93840.09830946715,83319.32022044707,5.397605346934028e-79,5.397605346934028e-79,37840.328216609334,80503.77931592752,129132.11768470673,198618.7145382803,254580.5960977381,exploratory_unweighted_not_clinical_reference
2021-2023,TRIGLY_L,WTSAF2YR,female,30-39,293,75790.85604060456,63997.018216530676,5.397605346934028e-79,5.397605346934028e-79,34336.849244225545,65663.46996346474,99171.3544589616,152014.59505008694,199877.14228673704,exploratory_unweighted_not_clinical_reference
2021-2023,TRIGLY_L,WTSAF2YR,female,40-49,260,76087.43102900087,55801.36659544026,5.397605346934028e-79,5.397605346934028e-79,39244.35902829127,64272.480354520696,103406.24085476692,147523.87256607876,172318.58919455472,exploratory_unweighted_not_clinical_reference
2021-2023,TRIGLY_L,WTSAF2YR,female,50-59,283,76945.01124709679,59608.0456341406,5.397605346934028e-79,14248.341204616621,33345.11058158245,62617.465575214,105145.12669814302,163956.78355488039,195589.7031747513,exploratory_unweighted_not_clinical_reference
2021-2023,TRIGLY_L,WTSAF2YR,female,60-69,481,44256.18487494166,28698.132882933463,5.397605346934028e-79,5.397605346934028e-79,26035.754489345978,39531.18168658533,58962.41088149408,82413.47099338168,102923.56855256739,exploratory_unweighted_not_clinical_reference
2021-2023,TRIGLY_L,WTSAF2YR,female,70-79,273,45547.27146572793,30985.2991886508,5.397605346934028e-79,5.397605346934028e-79,27042.05557151168,40221.98572088652,62616.5772161941,84701.71094328338,100360.65923384673,exploratory_unweighted_not_clinical_reference
2021-2023,TRIGLY_L,WTSAF2YR,female,80+,102,63688.202518336104,46965.20144500895,5.397605346934028e-79,5.397605346934028e-79,39171.3339271304,55606.08214894084,87276.60589742,114681.41662217336,156410.9554758658,exploratory_unweighted_not_clinical_reference
2021-2023,TRIGLY_L,WTSAF2YR,male,12-17,197,63665.07459208012,63204.05492914904,5.397605346934028e-79,5.397605346934028e-79,5.397605346934028e-79,57468.796391927375,98466.72058350866,139255.83957699817,158379.7188048825,exploratory_unweighted_not_clinical_reference
2021-2023,TRIGLY_L,WTSAF2YR,male,18-29,223,119883.95562802072,105322.56017875703,5.397605346934028e-79,5.397605346934028e-79,48482.616224312726,101061.97373155788,166247.82947247272,253998.59963829812,354324.7070310725,exploratory_unweighted_not_clinical_reference
2021-2023,TRIGLY_L,WTSAF2YR,male,30-39,204,107633.75262042326,84755.74310413678,5.397605346934028e-79,5.397605346934028e-79,57762.50045651468,93214.200205211,143160.08574184857,216911.43502400638,255286.6502159559,exploratory_unweighted_not_clinical_reference
2021-2023,TRIGLY_L,WTSAF2YR,male,40-49,197,99618.21648660264,74869.16171471978,5.397605346934028e-79,5.397605346934028e-79,44659.78025387097,86224.0716828898,141572.99189345632,203436.65422705386,250925.28211548965,exploratory_unweighted_not_clinical_reference
2021-2023,TRIGLY_L,WTSAF2YR,male,50-59,236,88639.92529163153,76299.48373323341,5.397605346934028e-79,5.397605346934028e-79,32654.495480979644,68907.27160557231,124514.16415454933,188828.70440837226,247440.9721548036,exploratory_unweighted_not_clinical_reference
2021-2023,TRIGLY_L,WTSAF2YR,male,60-69,380,51511.93034304665,34980.90028497412,5.397605346934028e-79,5.397605346934028e-79,29281.70093426,46928.01641292641,71604.3539317568,95678.83999332934,113986.52381910394,exploratory_unweighted_not_clinical_reference
2021-2023,TRIGLY_L,WTSAF2YR,male,70-79,261,45992.32983793814,31521.03386186596,5.397605346934028e-79,5.397605346934028e-79,27447.27842933644,39787.194597480026,62415.64731654683,94590.54546082304,105280.67676740649,exploratory_unweighted_not_clinical_reference
2021-2023,TRIGLY_L,WTSAF2YR,male,80+,102,45170.57490048224,37382.18494115759,5.397605346934028e-79,5.397605346934028e-79,4015.4364748533135,40384.236978902736,70228.68195999748,92951.66443160274,112189.21237278241,exploratory_unweighted_not_clinical_reference
2021-2023,TRIGLY_L,LBXTLG,female,12-17,183,80.11475409836065,38.259854017915,39.0,45.0,53.5,73.0,94.5,123.60000000000002,144.9,exploratory_unweighted_not_clinical_reference
2021-2023,TRIGLY_L,LBXTLG,female,18-29,229,85.62445414847161,52.18202381949274,38.4,43.8,54.0,72.0,104.0,139.0,168.0,exploratory_unweighted_not_clinical_reference
2021-2023,TRIGLY_L,LBXTLG,female,30-39,258,103.92635658914729,57.5200726519024,45.0,50.7,66.25,89.0,125.75,169.60000000000002,207.29999999999995,exploratory_unweighted_not_clinical_reference
2021-2023,TRIGLY_L,LBXTLG,female,40-49,240,108.0125,64.37198910373633,48.0,53.0,65.0,95.5,125.5,185.59999999999997,219.24999999999991,exploratory_unweighted_not_clinical_reference
2021-2023,TRIGLY_L,LBXTLG,female,50-59,261,133.183908045977,95.2765039324571,52.0,61.0,79.0,108.0,155.0,226.0,287.0,exploratory_unweighted_not_clinical_reference
2021-2023,TRIGLY_L,LBXTLG,female,60-69,434,123.89400921658986,66.72187498445336,55.0,62.0,80.0,106.5,147.0,203.0,237.0499999999999,exploratory_unweighted_not_clinical_reference
2021-2023,TRIGLY_L,LBXTLG,female,70-79,237,119.9789029535865,54.99787725159236,52.0,64.0,83.0,107.0,148.0,200.60000000000002,220.19999999999993,exploratory_unweighted_not_clinical_reference
2021-2023,TRIGLY_L,LBXTLG,female,80+,91,116.25274725274726,74.31368849629455,57.5,62.0,74.5,97.0,139.0,182.0,213.5,exploratory_unweighted_not_clinical_reference
2021-2023,TRIGLY_L,LBXTLG,male,12-17,145,84.57241379310345,46.3818308577451,37.4,42.0,53.0,76.0,103.0,134.6,168.19999999999976,exploratory_unweighted_not_clinical_reference
2021-2023,TRIGLY_L,LBXTLG,male,18-29,192,99.46875,66.6755766842553,39.55,45.1,56.75,81.0,124.25,178.70000000000002,216.94999999999987,exploratory_unweighted_not_clinical_reference
2021-2023,TRIGLY_L,LBXTLG,male,30-39,173,123.0635838150289,88.34736872991863,44.0,49.2,68.0,104.0,152.0,206.8,242.00000000000009,exploratory_unweighted_not_clinical_reference
2021-2023,TRIGLY_L,LBXTLG,male,40-49,181,144.2707182320442,145.7338467284078,49.0,55.0,80.0,110.0,165.0,240.0,364.0,exploratory_unweighted_not_clinical_reference
2021-2023,TRIGLY_L,LBXTLG,male,50-59,213,155.46478873239437,164.77141092462594,57.0,68.0,83.0,111.0,166.0,300.40000000000003,343.99999999999955,exploratory_unweighted_not_clinical_reference
2021-2023,TRIGLY_L,LBXTLG,male,60-69,349,121.74498567335243,70.76978834035255,55.0,59.800000000000004,76.0,104.0,145.0,212.2,259.19999999999993,exploratory_unweighted_not_clinical_reference
2021-2023,TRIGLY_L,LBXTLG,male,70-79,244,119.93032786885246,75.66766779056464,53.0,58.3,75.0,100.0,144.25,198.40000000000003,249.85,exploratory_unweighted_not_clinical_reference
2021-2023,TRIGLY_L,LBXTLG,male,80+,87,111.22988505747126,57.083313480329885,53.3,56.2,75.5,95.0,129.0,176.60000000000002,198.10000000000002,exploratory_unweighted_not_clinical_reference
2021-2023,TRIGLY_L,LBDTRSI,female,12-17,183,0.9045081967213113,0.4319553658877938,0.44,0.508,0.604,0.824,1.067,1.3954000000000002,1.6359000000000001,exploratory_unweighted_not_clinical_reference
2021-2023,TRIGLY_L,LBDTRSI,female,18-29,229,0.9667030567685589,0.58914262640298,0.4334,0.4946,0.61,0.813,1.174,1.569,1.897,exploratory_unweighted_not_clinical_reference
2021-2023,TRIGLY_L,LBDTRSI,female,30-39,258,1.1732945736434108,0.6493948563283305,0.508,0.5727,0.74775,1.005,1.42,1.9149000000000003,2.3404499999999997,exploratory_unweighted_not_clinical_reference
2021-2023,TRIGLY_L,LBDTRSI,female,40-49,240,1.2194708333333333,0.7267543823054248,0.542,0.598,0.734,1.0785,1.41675,2.0956999999999995,2.475799999999999,exploratory_unweighted_not_clinical_reference
2021-2023,TRIGLY_L,LBDTRSI,female,50-59,261,1.5036436781609195,1.0756559105638914,0.587,0.689,0.892,1.219,1.75,2.552,3.24,exploratory_unweighted_not_clinical_reference
2021-2023,TRIGLY_L,LBDTRSI,female,60-69,434,1.3987672811059908,0.7532967136450507,0.621,0.7,0.903,1.2025000000000001,1.66,2.292,2.675899999999999,exploratory_unweighted_not_clinical_reference
2021-2023,TRIGLY_L,LBDTRSI,female,70-79,237,1.3545822784810126,0.6209358902931191,0.587,0.723,0.937,1.208,1.671,2.265,2.4863999999999993,exploratory_unweighted_not_clinical_reference
2021-2023,TRIGLY_L,LBDTRSI,female,80+,91,1.3124945054945056,0.8390611999083839,0.6495,0.7,0.841,1.095,1.569,2.055,2.4105,exploratory_unweighted_not_clinical_reference
2021-2023,TRIGLY_L,LBDTRSI,male,12-17,145,0.9548068965517241,0.5236472558538031,0.4224,0.474,0.598,0.858,1.163,1.5195999999999998,1.8993999999999973,exploratory_unweighted_not_clinical_reference
2021-2023,TRIGLY_L,LBDTRSI,male,18-29,192,1.1230208333333334,0.7527672853884754,0.4466,0.5091,0.641,0.914,1.40275,2.0176000000000003,2.4492499999999984,exploratory_unweighted_not_clinical_reference
2021-2023,TRIGLY_L,LBDTRSI,male,30-39,173,1.3893872832369945,0.9974330922714937,0.497,0.5554,0.768,1.174,1.716,2.3348000000000004,2.732000000000001,exploratory_unweighted_not_clinical_reference
2021-2023,TRIGLY_L,LBDTRSI,male,40-49,181,1.6287900552486188,1.6453477376836037,0.553,0.621,0.903,1.242,1.863,2.71,4.11,exploratory_unweighted_not_clinical_reference
2021-2023,TRIGLY_L,LBDTRSI,male,50-59,213,1.7552065727699533,1.860231385119338,0.644,0.768,0.937,1.253,1.874,3.3912000000000004,3.883399999999995,exploratory_unweighted_not_clinical_reference
2021-2023,TRIGLY_L,LBDTRSI,male,60-69,349,1.3745300859598855,0.7989983868722251,0.621,0.6748000000000001,0.858,1.174,1.637,2.3953999999999995,2.9261999999999992,exploratory_unweighted_not_clinical_reference
2021-2023,TRIGLY_L,LBDTRSI,male,70-79,244,1.354016393442623,0.8543071361388251,0.598,0.6583,0.847,1.129,1.62875,2.2401000000000004,2.8211999999999997,exploratory_unweighted_not_clinical_reference
2021-2023,TRIGLY_L,LBDTRSI,male,80+,87,1.2557931034482757,0.644523767543625,0.6016,0.6348,0.8525,1.073,1.456,1.9940000000000002,2.2368,exploratory_unweighted_not_clinical_reference
2021-2023,TRIGLY_L,LBDLDL,female,12-17,183,85.18579234972678,21.607345497565174,53.1,59.2,69.0,84.0,98.5,113.0,117.80000000000001,exploratory_unweighted_not_clinical_reference
2021-2023,TRIGLY_L,LBDLDL,female,18-29,228,98.42105263157895,32.58520372762438,56.050000000000004,63.400000000000006,76.75,95.5,115.0,139.3,149.0,exploratory_unweighted_not_clinical_reference
2021-2023,TRIGLY_L,LBDLDL,female,30-39,257,107.32684824902724,26.95935487763548,66.0,75.6,90.0,107.0,124.0,140.0,154.0,exploratory_unweighted_not_clinical_reference
2021-2023,TRIGLY_L,LBDLDL,female,40-49,238,113.32773109243698,35.256650147744665,60.85,71.7,90.25,112.0,133.0,156.60000000000002,170.14999999999998,exploratory_unweighted_not_clinical_reference
2021-2023,TRIGLY_L,LBDLDL,female,50-59,256,121.8046875,38.87810182442796,56.75,77.0,96.75,121.0,145.5,168.0,189.0,exploratory_unweighted_not_clinical_reference
2021-2023,TRIGLY_L,LBDLDL,female,60-69,432,115.93055555555556,37.08777813417273,57.0,70.0,91.75,116.0,142.0,163.90000000000003,179.0,exploratory_unweighted_not_clinical_reference
2021-2023,TRIGLY_L,LBDLDL,female,70-79,237,105.25316455696202,37.04125106145016,53.6,61.0,78.0,102.0,127.0,157.8,176.0,exploratory_unweighted_not_clinical_reference
2021-2023,TRIGLY_L,LBDLDL,female,80+,90,96.11111111111111,34.72118300567189,51.45,56.9,71.0,91.0,118.5,144.40000000000003,162.24999999999994,exploratory_unweighted_not_clinical_reference
2021-2023,TRIGLY_L,LBDLDL,male,12-17,145,82.71034482758621,26.865642360896594,44.6,52.0,63.0,79.0,99.0,117.6,132.79999999999998,exploratory_unweighted_not_clinical_reference
2021-2023,TRIGLY_L,LBDLDL,male,18-29,191,99.13089005235602,28.8998021982569,58.5,66.0,80.0,97.0,118.5,138.0,147.0,exploratory_unweighted_not_clinical_reference
2021-2023,TRIGLY_L,LBDLDL,male,30-39,170,115.13529411764706,33.3727281420143,64.45,73.9,90.0,114.0,138.0,159.0,176.09999999999997,exploratory_unweighted_not_clinical_reference
2021-2023,TRIGLY_L,LBDLDL,male,40-49,175,123.66857142857143,38.47963912587798,58.0,75.4,97.0,124.0,150.5,173.39999999999998,184.59999999999997,exploratory_unweighted_not_clinical_reference
2021-2023,TRIGLY_L,LBDLDL,male,50-59,205,111.94634146341464,40.437340159765164,53.0,62.0,83.0,109.0,139.0,162.39999999999998,174.79999999999998,exploratory_unweighted_not_clinical_reference
2021-2023,TRIGLY_L,LBDLDL,male,60-69,346,104.70520231213872,37.01186377114808,49.0,57.0,76.25,104.0,130.0,152.5,166.0,exploratory_unweighted_not_clinical_reference
2021-2023,TRIGLY_L,LBDLDL,male,70-79,240,89.87916666666666,34.4935562373147,40.900000000000006,49.900000000000006,63.75,87.0,114.0,136.2,154.0,exploratory_unweighted_not_clinical_reference
2021-2023,TRIGLY_L,LBDLDL,male,80+,87,86.1264367816092,31.6153497447272,48.3,51.6,65.0,80.0,103.0,130.40000000000003,141.7,exploratory_unweighted_not_clinical_reference
2021-2023,TRIGLY_L,LBDLDLSI,female,12-17,183,2.202901639344262,0.5587633826089095,1.3735,1.5312000000000001,1.784,2.172,2.5469999999999997,2.922,3.0459000000000005,exploratory_unweighted_not_clinical_reference
2021-2023,TRIGLY_L,LBDLDLSI,female,18-29,228,2.5451885964912284,0.842664336814482,1.4493,1.6394000000000002,1.9845000000000002,2.4699999999999998,2.974,3.6025000000000005,3.853,exploratory_unweighted_not_clinical_reference
2021-2023,TRIGLY_L,LBDLDLSI,female,30-39,257,2.77547859922179,0.6971317972265217,1.707,1.955,2.327,2.767,3.207,3.62,3.982,exploratory_unweighted_not_clinical_reference
2021-2023,TRIGLY_L,LBDLDLSI,female,40-49,238,2.9306512605042014,0.9117323059422795,1.57325,1.8542,2.3335,2.896,3.439,4.049600000000001,4.3999,exploratory_unweighted_not_clinical_reference
2021-2023,TRIGLY_L,LBDLDLSI,female,50-59,256,3.1498828125000005,1.0053830964000543,1.4675,1.991,2.50175,3.129,3.76275,4.344,4.888,exploratory_unweighted_not_clinical_reference
2021-2023,TRIGLY_L,LBDLDLSI,female,60-69,432,2.9979791666666666,0.9591007689225338,1.474,1.81,2.3725,3.0,3.672,4.2384,4.629,exploratory_unweighted_not_clinical_reference
2021-2023,TRIGLY_L,LBDLDLSI,female,70-79,237,2.72184388185654,0.9578935426670191,1.3858,1.577,2.017,2.638,3.284,4.0808,4.551,exploratory_unweighted_not_clinical_reference
2021-2023,TRIGLY_L,LBDLDLSI,female,80+,90,2.4854333333333334,0.8978593650042541,1.3307,1.4714,1.836,2.3529999999999998,3.06425,3.734300000000001,4.195399999999999,exploratory_unweighted_not_clinical_reference
2021-2023,TRIGLY_L,LBDLDLSI,male,12-17,145,2.138903448275862,0.6947820134175772,1.1534,1.345,1.629,2.043,2.56,3.041,3.4339999999999997,exploratory_unweighted_not_clinical_reference
2021-2023,TRIGLY_L,LBDLDLSI,male,18-29,191,2.563554973821989,0.7473470242086685,1.513,1.707,2.069,2.508,3.064,3.569,3.801,exploratory_unweighted_not_clinical_reference
2021-2023,TRIGLY_L,LBDLDLSI,male,30-39,170,2.9774000000000007,0.8630106062551466,1.6667,1.9114,2.327,2.948,3.569,4.112,4.554049999999999,exploratory_unweighted_not_clinical_reference
2021-2023,TRIGLY_L,LBDLDLSI,male,40-49,175,3.198102857142857,0.9950597918515278,1.5,1.95,2.508,3.207,3.892,4.484399999999999,4.773599999999999,exploratory_unweighted_not_clinical_reference
2021-2023,TRIGLY_L,LBDLDLSI,male,50-59,205,2.894995121951219,1.0457426224119533,1.371,1.603,2.146,2.819,3.595,4.199799999999999,4.5207999999999995,exploratory_unweighted_not_clinical_reference
2021-2023,TRIGLY_L,LBDLDLSI,male,60-69,346,2.7076849710982662,0.9571293291102528,1.267,1.474,1.9715,2.689,3.362,3.944,4.293,exploratory_unweighted_not_clinical_reference
2021-2023,TRIGLY_L,LBDLDLSI,male,70-79,240,2.3242749999999996,0.8919782955358908,1.05745,1.2904,1.6485,2.25,2.948,3.5221999999999998,3.982,exploratory_unweighted_not_clinical_reference
2021-2023,TRIGLY_L,LBDLDLSI,male,80+,87,2.22719540229885,0.81759445566375,1.2488000000000001,1.3346,1.681,2.069,2.6635,3.3720000000000008,3.6642,exploratory_unweighted_not_clinical_reference
2021-2023,TRIGLY_L,LBDLDLM,female,12-17,183,84.5846994535519,21.479665461623036,54.0,58.0,71.0,84.0,97.5,111.80000000000001,116.9,exploratory_unweighted_not_clinical_reference
2021-2023,TRIGLY_L,LBDLDLM,female,18-29,228,97.58771929824562,32.917280226451915,54.35,64.0,76.0,94.0,113.25,141.3,152.0,exploratory_unweighted_not_clinical_reference
2021-2023,TRIGLY_L,LBDLDLM,female,30-39,257,107.74708171206225,26.684540256784516,66.4,76.6,90.0,107.0,124.0,139.0,154.79999999999995,exploratory_unweighted_not_clinical_reference
2021-2023,TRIGLY_L,LBDLDLM,female,40-49,238,113.70588235294117,34.92471781731403,63.0,71.0,90.0,113.5,134.0,158.60000000000002,169.0,exploratory_unweighted_not_clinical_reference
2021-2023,TRIGLY_L,LBDLDLM,female,50-59,256,123.36328125,37.86059127821797,61.5,81.5,99.0,122.0,147.0,166.5,188.25,exploratory_unweighted_not_clinical_reference
2021-2023,TRIGLY_L,LBDLDLM,female,60-69,432,117.53935185185185,35.87789717700064,59.0,73.0,94.0,116.0,142.0,164.0,180.0,exploratory_unweighted_not_clinical_reference
2021-2023,TRIGLY_L,LBDLDLM,female,70-79,237,107.21940928270043,35.428406604938196,57.8,64.2,80.0,102.0,127.0,158.0,175.2,exploratory_unweighted_not_clinical_reference
2021-2023,TRIGLY_L,LBDLDLM,female,80+,90,97.43333333333334,34.114825931178466,51.0,58.0,72.0,92.0,116.0,146.0,161.49999999999997,exploratory_unweighted_not_clinical_reference
2021-2023,TRIGLY_L,LBDLDLM,male,12-17,145,82.27586206896552,27.306257615807457,44.2,50.4,62.0,79.0,98.0,116.6,133.39999999999995,exploratory_unweighted_not_clinical_reference
2021-2023,TRIGLY_L,LBDLDLM,male,18-29,191,99.31413612565446,29.671282574983678,59.5,65.0,78.0,96.0,119.0,142.0,149.0,exploratory_unweighted_not_clinical_reference
2021-2023,TRIGLY_L,LBDLDLM,male,30-39,170,116.12941176470588,33.092943610559864,64.0,76.0,88.25,117.0,139.75,159.1,176.74999999999991,exploratory_unweighted_not_clinical_reference
2021-2023,TRIGLY_L,LBDLDLM,male,40-49,175,125.17714285714285,37.718673427404,58.50000000000001,80.4,98.0,128.0,150.5,173.2,184.59999999999997,exploratory_unweighted_not_clinical_reference
2021-2023,TRIGLY_L,LBDLDLM,male,50-59,205,114.40487804878049,39.02659947118215,55.2,65.0,88.0,111.0,140.0,167.6,176.79999999999998,exploratory_unweighted_not_clinical_reference
2021-2023,TRIGLY_L,LBDLDLM,male,60-69,346,106.4971098265896,36.03599235827805,53.25,60.0,79.0,104.0,130.75,153.5,167.75,exploratory_unweighted_not_clinical_reference
2021-2023,TRIGLY_L,LBDLDLM,male,70-79,240,91.85833333333333,33.733088639748466,43.95,52.0,64.0,89.0,114.0,137.1,152.0,exploratory_unweighted_not_clinical_reference
2021-2023,TRIGLY_L,LBDLDLM,male,80+,87,88.02298850574712,30.3548689675108,47.3,55.4,67.0,83.0,105.0,133.00000000000003,143.5,exploratory_unweighted_not_clinical_reference
2021-2023,TRIGLY_L,LBDLDMSI,female,12-17,183,2.187360655737705,0.5554567677696494,1.396,1.5,1.836,2.172,2.521,2.8908,3.0234,exploratory_unweighted_not_clinical_reference
2021-2023,TRIGLY_L,LBDLDMSI,female,18-29,228,2.523622807017544,0.8512409535868511,1.4051,1.655,1.965,2.431,2.9285,3.6538000000000004,3.931,exploratory_unweighted_not_clinical_reference
2021-2023,TRIGLY_L,LBDLDMSI,female,30-39,257,2.7863501945525293,0.6900617739628299,1.7174,1.9806000000000001,2.327,2.767,3.207,3.595,4.002799999999999,exploratory_unweighted_not_clinical_reference
2021-2023,TRIGLY_L,LBDLDMSI,female,40-49,238,2.9404705882352946,0.9031632859412668,1.629,1.836,2.327,2.935,3.465,4.1016,4.37,exploratory_unweighted_not_clinical_reference
2021-2023,TRIGLY_L,LBDLDMSI,female,50-59,256,3.19020703125,0.9790735237014189,1.59025,2.108,2.56,3.155,3.801,4.306,4.8685,exploratory_unweighted_not_clinical_reference
2021-2023,TRIGLY_L,LBDLDMSI,female,60-69,432,3.0395601851851857,0.9277851909997705,1.526,1.888,2.431,3.0,3.672,4.241,4.655,exploratory_unweighted_not_clinical_reference
2021-2023,TRIGLY_L,LBDLDMSI,female,70-79,237,2.772696202531646,0.9161790359750077,1.4948,1.6602000000000001,2.069,2.638,3.284,4.086,4.531,exploratory_unweighted_not_clinical_reference
2021-2023,TRIGLY_L,LBDLDMSI,female,80+,90,2.519611111111111,0.8822133260635688,1.319,1.5,1.862,2.379,3.0,3.776,4.176449999999999,exploratory_unweighted_not_clinical_reference
2021-2023,TRIGLY_L,LBDLDMSI,male,12-17,145,2.12763448275862,0.7061560145309517,1.1432,1.3034,1.603,2.043,2.534,3.0155999999999996,3.4495999999999984,exploratory_unweighted_not_clinical_reference
2021-2023,TRIGLY_L,LBDLDMSI,male,18-29,191,2.5682460732984294,0.7673058932825153,1.5390000000000001,1.681,2.017,2.483,3.077,3.672,3.8529999999999998,exploratory_unweighted_not_clinical_reference
2021-2023,TRIGLY_L,LBDLDMSI,male,30-39,170,3.0031000000000003,0.8557835583934574,1.655,1.965,2.2824999999999998,3.026,3.61375,4.1146,4.570949999999997,exploratory_unweighted_not_clinical_reference
2021-2023,TRIGLY_L,LBDLDMSI,male,40-49,175,3.237062857142857,0.9753768629416553,1.5130000000000001,2.0794,2.534,3.31,3.892,4.4792,4.773599999999999,exploratory_unweighted_not_clinical_reference
2021-2023,TRIGLY_L,LBDLDMSI,male,50-59,205,2.9584829268292685,1.009218818434133,1.4272,1.681,2.276,2.87,3.62,4.334,4.5718,exploratory_unweighted_not_clinical_reference
2021-2023,TRIGLY_L,LBDLDMSI,male,60-69,346,2.754026011560694,0.9318890877058308,1.37725,1.552,2.043,2.689,3.3815,3.9695,4.33775,exploratory_unweighted_not_clinical_reference
2021-2023,TRIGLY_L,LBDLDMSI,male,70-79,240,2.3754583333333334,0.8723463660479381,1.1367,1.345,1.655,2.302,2.948,3.5456,3.931,exploratory_unweighted_not_clinical_reference
2021-2023,TRIGLY_L,LBDLDMSI,male,80+,87,2.2762988505747126,0.7849369270312541,1.2228,1.4327999999999999,1.733,2.146,2.715,3.4396000000000004,3.7110000000000003,exploratory_unweighted_not_clinical_reference
2021-2023,TRIGLY_L,LBDLDLN,female,12-17,183,85.87978142076503,22.25567654360341,54.0,59.2,71.0,85.0,99.0,114.80000000000001,118.9,exploratory_unweighted_not_clinical_reference
2021-2023,TRIGLY_L,LBDLDLN,female,18-29,229,99.48471615720524,33.588270489895926,55.0,65.0,76.0,96.0,116.0,142.0,151.2,exploratory_unweighted_not_clinical_reference
2021-2023,TRIGLY_L,LBDLDLN,female,30-39,258,108.97286821705427,27.252873341356093,66.7,76.0,91.25,109.0,126.0,142.0,156.14999999999998,exploratory_unweighted_not_clinical_reference
2021-2023,TRIGLY_L,LBDLDLN,female,40-49,240,115.62083333333334,36.097641633771914,60.0,72.0,92.0,114.0,136.25,161.1,173.04999999999998,exploratory_unweighted_not_clinical_reference
2021-2023,TRIGLY_L,LBDLDLN,female,50-59,261,124.76628352490421,39.46793943750271,61.0,80.0,100.0,123.0,149.0,173.0,193.0,exploratory_unweighted_not_clinical_reference
2021-2023,TRIGLY_L,LBDLDLN,female,60-69,434,118.49078341013825,37.00073225458671,58.0,72.0,94.0,118.0,144.75,166.7,181.34999999999997,exploratory_unweighted_not_clinical_reference
2021-2023,TRIGLY_L,LBDLDLN,female,70-79,237,108.0506329113924,36.87848762048136,54.8,64.2,80.0,104.0,130.0,161.8,178.2,exploratory_unweighted_not_clinical_reference
2021-2023,TRIGLY_L,LBDLDLN,female,80+,91,98.23076923076923,34.83806249335055,52.0,58.0,73.0,94.0,119.5,147.0,163.5,exploratory_unweighted_not_clinical_reference
2021-2023,TRIGLY_L,LBDLDLN,male,12-17,145,83.27586206896552,27.860635999814793,43.6,51.0,62.0,81.0,100.0,119.6,135.59999999999997,exploratory_unweighted_not_clinical_reference
2021-2023,TRIGLY_L,LBDLDLN,male,18-29,192,100.33854166666667,29.755460125600695,60.55,65.0,80.0,97.0,120.0,141.0,150.0,exploratory_unweighted_not_clinical_reference
2021-2023,TRIGLY_L,LBDLDLN,male,30-39,173,116.69942196531792,34.12838022633415,63.6,75.2,90.0,116.0,141.0,161.60000000000002,178.4,exploratory_unweighted_not_clinical_reference
2021-2023,TRIGLY_L,LBDLDLN,male,40-49,180,126.08888888888889,38.19477996579676,59.800000000000004,79.9,99.0,127.5,152.25,173.39999999999998,186.09999999999997,exploratory_unweighted_not_clinical_reference
2021-2023,TRIGLY_L,LBDLDLN,male,50-59,210,114.91904761904762,41.54939550741038,52.45,63.900000000000006,85.25,111.0,141.75,168.2,182.94999999999985,exploratory_unweighted_not_clinical_reference
2021-2023,TRIGLY_L,LBDLDLN,male,60-69,349,106.756446991404,37.06821523142573,50.0,58.0,78.0,105.0,132.0,155.0,168.59999999999997,exploratory_unweighted_not_clinical_reference
2021-2023,TRIGLY_L,LBDLDLN,male,70-79,244,91.34836065573771,35.01495208806482,42.0,50.0,63.0,89.5,115.25,138.80000000000007,154.7,exploratory_unweighted_not_clinical_reference
2021-2023,TRIGLY_L,LBDLDLN,male,80+,87,88.25287356321839,31.41959779130772,48.3,55.2,66.0,82.0,105.0,132.60000000000002,144.4,exploratory_unweighted_not_clinical_reference
2021-2023,TRIGLY_L,LBDLDNSI,female,12-17,183,2.220868852459016,0.5755238457193004,1.396,1.5312000000000001,1.836,2.198,2.56,2.9688000000000003,3.0744000000000002,exploratory_unweighted_not_clinical_reference
2021-2023,TRIGLY_L,LBDLDNSI,female,18-29,229,2.5726637554585152,0.8685482571741311,1.422,1.681,1.965,2.483,3.0,3.672,3.9101999999999997,exploratory_unweighted_not_clinical_reference
2021-2023,TRIGLY_L,LBDLDNSI,female,30-39,258,2.8180193798449613,0.7047919275229814,1.7252,1.965,2.3595,2.819,3.258,3.672,4.0379,exploratory_unweighted_not_clinical_reference
2021-2023,TRIGLY_L,LBDLDNSI,female,40-49,240,2.9899500000000003,0.933468282881879,1.552,1.862,2.379,2.948,3.5235,4.1656,4.4753,exploratory_unweighted_not_clinical_reference
2021-2023,TRIGLY_L,LBDLDNSI,female,50-59,261,3.2264521072796937,1.02062080401199,1.577,2.069,2.586,3.181,3.853,4.474,4.991,exploratory_unweighted_not_clinical_reference
2021-2023,TRIGLY_L,LBDLDNSI,female,60-69,434,3.06421198156682,0.9568303578549979,1.5,1.862,2.431,3.051,3.7435,4.3111999999999995,4.690099999999999,exploratory_unweighted_not_clinical_reference
2021-2023,TRIGLY_L,LBDLDNSI,female,70-79,237,2.7941898734177215,0.9536578208241422,1.4167999999999998,1.6602000000000001,2.069,2.689,3.362,4.183800000000001,4.608199999999999,exploratory_unweighted_not_clinical_reference
2021-2023,TRIGLY_L,LBDLDNSI,female,80+,91,2.5402747252747253,0.9009266102301324,1.345,1.5,1.888,2.431,3.09,3.801,4.228,exploratory_unweighted_not_clinical_reference
2021-2023,TRIGLY_L,LBDLDNSI,male,12-17,145,2.15351724137931,0.7205104296362124,1.1276000000000002,1.319,1.603,2.095,2.586,3.0926,3.506599999999999,exploratory_unweighted_not_clinical_reference
2021-2023,TRIGLY_L,LBDLDNSI,male,18-29,192,2.5947656250000004,0.769478474547034,1.56575,1.681,2.069,2.508,3.103,3.646,3.879,exploratory_unweighted_not_clinical_reference
2021-2023,TRIGLY_L,LBDLDNSI,male,30-39,173,3.017849710982659,0.8825541095885623,1.6446,1.945,2.327,3.0,3.646,4.178800000000001,4.6133999999999995,exploratory_unweighted_not_clinical_reference
2021-2023,TRIGLY_L,LBDLDNSI,male,40-49,180,3.2606666666666673,0.9876961172910076,1.5468000000000002,2.0664000000000002,2.56,3.2969999999999997,3.9375,4.484299999999999,4.812599999999999,exploratory_unweighted_not_clinical_reference
2021-2023,TRIGLY_L,LBDLDNSI,male,50-59,210,2.9718095238095237,1.0744831368579577,1.3567,1.6524,2.2045,2.87,3.6655,4.3492,4.731149999999996,exploratory_unweighted_not_clinical_reference
2021-2023,TRIGLY_L,LBDLDNSI,male,60-69,349,2.760724928366762,0.9586240672333913,1.293,1.5,2.017,2.715,3.414,4.008,4.3595999999999995,exploratory_unweighted_not_clinical_reference
2021-2023,TRIGLY_L,LBDLDNSI,male,70-79,244,2.3622581967213114,0.9054961142354506,1.086,1.293,1.629,2.3145,2.9805,3.589100000000002,4.00035,exploratory_unweighted_not_clinical_reference
2021-2023,TRIGLY_L,LBDLDNSI,male,80+,87,2.282264367816092,0.8125514146132554,1.2488000000000001,1.4272,1.707,2.121,2.7155,3.4292000000000007,3.7344,exploratory_unweighted_not_clinical_reference
2021-2023,TST_L,WTPH2YR,female,0-11,644,27439.54238655335,31160.676856575974,5.397605346934028e-79,5.397605346934028e-79,5.397605346934028e-79,22929.12391722025,42538.5576542611,68666.12983525575,87113.83264792994,exploratory_unweighted_not_clinical_reference
2021-2023,TST_L,WTPH2YR,female,12-17,438,29284.021556688043,23657.814798121042,5.397605346934028e-79,5.397605346934028e-79,14287.255256113724,23794.10060461281,40593.22672389641,62827.09369084728,71568.23538755375,exploratory_unweighted_not_clinical_reference
2021-2023,TST_L,WTPH2YR,female,18-29,499,51021.73859352831,39058.20700469931,5.397605346934028e-79,11768.44109860592,23844.418207840765,43647.056003047626,67217.28355403393,100289.98759207192,128336.63549154904,exploratory_unweighted_not_clinical_reference
2021-2023,TST_L,WTPH2YR,female,30-39,516,43393.53682170544,31693.975812695295,5.397605346934028e-79,13927.212168779075,21624.167446518906,36448.811019791756,55777.374627015466,85044.8908088633,109309.55627492844,exploratory_unweighted_not_clinical_reference
2021-2023,TST_L,WTPH2YR,female,40-49,452,43941.750257295564,28891.769817345452,10792.575207112412,15717.438674472618,23793.68219926675,36216.990236686484,57579.15505490968,81630.31837289427,97702.80887895146,exploratory_unweighted_not_clinical_reference
2021-2023,TST_L,WTPH2YR,female,50-59,512,42506.68922598123,30200.22160841782,10863.132011964406,14636.012479722349,20773.94432627286,34494.97445036457,54440.104631345035,85949.60514306882,104362.19763901073,exploratory_unweighted_not_clinical_reference
2021-2023,TST_L,WTPH2YR,female,60-69,820,25231.174390243916,14793.423867728186,7723.012115210388,11186.932061608875,15249.661412625515,22012.241623617818,32394.311162393395,44272.42544599302,54685.887955632534,exploratory_unweighted_not_clinical_reference
2021-2023,TST_L,WTPH2YR,female,70-79,500,27510.163254846153,15442.873390482779,10359.760370526588,12405.976073044654,16685.05336940466,24411.363925408757,35670.923164091364,45759.78479775405,58429.897096126995,exploratory_unweighted_not_clinical_reference
2021-2023,TST_L,WTPH2YR,female,80+,180,36969.035403205104,21912.185344482277,11650.975943965916,17157.04716048997,22121.012247629566,32395.513124362456,50511.49807377878,64095.32367035081,79122.19786764371,exploratory_unweighted_not_clinical_reference
2021-2023,TST_L,WTPH2YR,male,0-11,650,29130.995608032918,33767.06642267428,5.397605346934028e-79,5.397605346934028e-79,5.397605346934028e-79,25887.193329625487,42791.744492224665,72971.20825047922,90991.50013447975,exploratory_unweighted_not_clinical_reference
2021-2023,TST_L,WTPH2YR,male,12-17,424,31907.01362946765,25663.326935757766,5.397605346934028e-79,5.397605346934028e-79,15606.758895500498,27455.668363404224,43446.26659082035,65543.37916573846,83622.4142451678,exploratory_unweighted_not_clinical_reference
2021-2023,TST_L,WTPH2YR,male,18-29,428,59457.393039966606,47780.1087821328,5.397605346934028e-79,12323.111508249036,28266.396071652776,47209.22099565486,79920.62908524166,122657.4883622632,160003.2773983641,exploratory_unweighted_not_clinical_reference
2021-2023,TST_L,WTPH2YR,male,30-39,389,56496.0,38955.57535357022,5.397605346934028e-79,18892.845013632705,31167.768767369336,46148.24998181362,72879.8043621448,107187.83764823833,135487.92551271713,exploratory_unweighted_not_clinical_reference
2021-2023,TST_L,WTPH2YR,male,40-49,348,56550.92605868841,34629.56006311906,14402.940535895636,20212.937643749137,30945.60524990008,47434.95118485781,75419.42084134214,101262.06486917121,128919.88039132435,exploratory_unweighted_not_clinical_reference
2021-2023,TST_L,WTPH2YR,male,50-59,421,49486.26064507467,36670.05160994841,5.397605346934028e-79,14224.15203414109,23184.75901259775,40676.0870667034,66457.47855278173,101028.44323036204,125006.24804956155,exploratory_unweighted_not_clinical_reference
2021-2023,TST_L,WTPH2YR,male,60-69,659,28792.992412746593,16589.510760815323,6699.168388826386,10839.427708548596,17564.075680116046,26085.020506913108,38554.83483684766,50984.78429809858,58568.724268321814,exploratory_unweighted_not_clinical_reference
2021-2023,TST_L,WTPH2YR,male,70-79,451,25619.44002498151,13283.242207042294,10605.598683175747,12442.503095383372,16357.733787364872,22133.471893698206,32866.59715723893,45290.53858442732,50946.68816256723,exploratory_unweighted_not_clinical_reference
2021-2023,TST_L,WTPH2YR,male,80+,162,28366.947831687277,16817.954960853716,5.397605346934028e-79,9854.420056374076,17654.5622176608,25575.8086983697,38591.170371510816,48058.975958098235,59548.38083054306,exploratory_unweighted_not_clinical_reference
2021-2023,TST_L,LBX17H,female,0-11,351,24.59612535612536,32.42633433009501,3.935,4.83,7.79,15.2,26.6,54.2,79.69999999999999,exploratory_unweighted_not_clinical_reference
2021-2023,TST_L,LBX17H,female,12-17,345,71.26313043478261,70.37864812757427,12.64,17.0,27.9,44.1,89.3,159.0000000000001,207.80000000000007,exploratory_unweighted_not_clinical_reference
2021-2023,TST_L,LBX17H,female,18-29,433,84.56064665127019,88.46280434373902,9.022,13.460000000000003,25.9,46.3,120.0,218.0,274.0,exploratory_unweighted_not_clinical_reference
2021-2023,TST_L,LBX17H,female,30-39,468,82.82512820512821,91.74119045387188,10.17,14.370000000000001,23.2,41.7,118.25,204.3,257.29999999999995,exploratory_unweighted_not_clinical_reference
2021-2023,TST_L,LBX17H,female,40-49,416,67.90379807692307,70.91493254476809,8.71,12.05,19.975,34.25,98.15,174.5,217.25,exploratory_unweighted_not_clinical_reference
2021-2023,TST_L,LBX17H,female,50-59,473,28.754630021141647,38.76060419585402,5.624,7.12,11.6,17.6,29.5,53.76,94.89999999999989,exploratory_unweighted_not_clinical_reference
2021-2023,TST_L,LBX17H,female,60-69,732,21.93377049180328,39.663485354436745,5.782500000000001,7.47,10.9,16.55,23.725,36.589999999999996,48.389999999999986,exploratory_unweighted_not_clinical_reference
2021-2023,TST_L,LBX17H,female,70-79,437,26.513249427917618,88.91971445766971,6.2,8.418,12.2,18.7,26.6,39.64000000000002,50.18,exploratory_unweighted_not_clinical_reference
2021-2023,TST_L,LBX17H,female,80+,157,19.818458598726117,12.569894026586743,6.474,7.926,10.9,16.3,24.5,37.660000000000004,45.19999999999999,exploratory_unweighted_not_clinical_reference
2021-2023,TST_L,LBX17H,male,0-11,352,17.982926136363634,18.281208813610668,3.2325,4.6930000000000005,6.8625,12.9,22.974999999999998,35.45000000000002,48.41499999999999,exploratory_unweighted_not_clinical_reference
2021-2023,TST_L,LBX17H,male,12-17,337,75.22964391691394,52.762296844671276,15.6,20.220000000000002,35.6,63.5,102.0,144.40000000000003,168.2,exploratory_unweighted_not_clinical_reference
2021-2023,TST_L,LBX17H,male,18-29,374,95.83975935828879,50.84487256510508,29.415000000000003,40.52,60.925,85.5,120.75,166.7,188.69999999999993,exploratory_unweighted_not_clinical_reference
2021-2023,TST_L,LBX17H,male,30-39,354,82.7913276836158,46.093553907569294,25.695,34.31,49.3,73.80000000000001,108.75,135.0,167.34999999999997,exploratory_unweighted_not_clinical_reference
2021-2023,TST_L,LBX17H,male,40-49,328,75.3504268292683,41.116583555085604,22.2,30.060000000000002,43.675000000000004,67.94999999999999,99.92500000000001,135.3,151.64999999999998,exploratory_unweighted_not_clinical_reference
2021-2023,TST_L,LBX17H,male,50-59,383,76.92456919060052,55.96880200770597,25.919999999999998,32.120000000000005,44.5,67.9,95.75,130.60000000000002,149.5999999999999,exploratory_unweighted_not_clinical_reference
2021-2023,TST_L,LBX17H,male,60-69,609,68.75830870279145,33.711135697224016,25.78,33.1,46.3,62.6,85.3,110.0,133.60000000000002,exploratory_unweighted_not_clinical_reference
2021-2023,TST_L,LBX17H,male,70-79,428,67.4735046728972,33.55195259670442,26.17,33.88,46.775,60.7,82.675,107.0,134.29999999999995,exploratory_unweighted_not_clinical_reference
2021-2023,TST_L,LBX17H,male,80+,143,61.639790209790206,28.762142774799166,26.16,29.62,44.25,58.1,71.9,102.6,114.0,exploratory_unweighted_not_clinical_reference
2021-2023,TST_L,LBD17HSI,female,0-11,351,0.7451614814814815,0.9824095245661915,0.119,0.146,0.236,0.461,0.806,1.64,2.415,exploratory_unweighted_not_clinical_reference
2021-2023,TST_L,LBD17HSI,female,12-17,345,2.159241739130435,2.131797859678973,0.3832,0.515,0.845,1.34,2.71,4.820000000000004,6.294000000000002,exploratory_unweighted_not_clinical_reference
2021-2023,TST_L,LBD17HSI,female,18-29,433,2.5620096997690527,2.6797962703534277,0.2736,0.4078000000000001,0.785,1.4,3.64,6.61,8.3,exploratory_unweighted_not_clinical_reference
2021-2023,TST_L,LBD17HSI,female,30-39,468,2.509786111111111,2.780606633702665,0.3081,0.4351,0.703,1.26,3.5875,6.189,7.798999999999999,exploratory_unweighted_not_clinical_reference
2021-2023,TST_L,LBD17HSI,female,40-49,416,2.0576466105769233,2.1495774669658965,0.264,0.3655,0.60525,1.04,2.9775,5.285,6.5875,exploratory_unweighted_not_clinical_reference
2021-2023,TST_L,LBD17HSI,female,50-59,473,0.8713487949260041,1.1741527832614909,0.1706,0.216,0.351,0.533,0.894,1.6280000000000001,2.8739999999999966,exploratory_unweighted_not_clinical_reference
2021-2023,TST_L,LBD17HSI,female,60-69,732,0.664511475409836,1.2003533944429705,0.1752,0.226,0.33,0.5015000000000001,0.71875,1.11,1.4644999999999992,exploratory_unweighted_not_clinical_reference
2021-2023,TST_L,LBD17HSI,female,70-79,437,0.8035148741418764,2.6965088659097023,0.18760000000000002,0.2548,0.37,0.567,0.806,1.1980000000000006,1.5219999999999998,exploratory_unweighted_not_clinical_reference
2021-2023,TST_L,LBD17HSI,female,80+,157,0.6006286624203822,0.3811942352745287,0.1958,0.23979999999999999,0.33,0.494,0.742,1.144,1.3659999999999997,exploratory_unweighted_not_clinical_reference
2021-2023,TST_L,LBD17HSI,male,0-11,352,0.5449152840909091,0.5540652250627635,0.09793,0.14209999999999998,0.208,0.391,0.6962499999999999,1.0780000000000007,1.4689999999999996,exploratory_unweighted_not_clinical_reference
2021-2023,TST_L,LBD17HSI,male,12-17,337,2.2793762314540063,1.5987149999349495,0.473,0.6126,1.08,1.92,3.09,4.372000000000001,5.095999999999999,exploratory_unweighted_not_clinical_reference
2021-2023,TST_L,LBD17HSI,male,18-29,374,2.9040401069518715,1.5411371279612616,0.8914500000000001,1.226,1.85,2.59,3.6625,5.050999999999999,5.720999999999998,exploratory_unweighted_not_clinical_reference
2021-2023,TST_L,LBD17HSI,male,30-39,354,2.508101694915254,1.396362027964666,0.77885,1.036,1.49,2.2350000000000003,3.2925,4.09,5.070499999999998,exploratory_unweighted_not_clinical_reference
2021-2023,TST_L,LBD17HSI,male,40-49,328,2.2830762195121954,1.2457783108071065,0.673,0.9108,1.32,2.0549999999999997,3.03,4.099,4.5995,exploratory_unweighted_not_clinical_reference
2021-2023,TST_L,LBD17HSI,male,50-59,383,2.33077545691906,1.6970705717101593,0.7856000000000001,0.9736,1.3450000000000002,2.06,2.9,3.958000000000001,4.536999999999997,exploratory_unweighted_not_clinical_reference
2021-2023,TST_L,LBD17HSI,male,60-69,609,2.0831313628899837,1.0212428923695915,0.7814000000000001,1.0,1.4,1.9,2.58,3.33,4.048000000000001,exploratory_unweighted_not_clinical_reference
2021-2023,TST_L,LBD17HSI,male,70-79,428,2.0444668224299063,1.016707291367854,0.7931,1.0270000000000001,1.415,1.84,2.5025,3.24,4.068999999999999,exploratory_unweighted_not_clinical_reference
2021-2023,TST_L,LBD17HSI,male,80+,143,1.867825174825175,0.8711692750784077,0.7928000000000001,0.8976000000000001,1.3450000000000002,1.76,2.1799999999999997,3.108,3.45,exploratory_unweighted_not_clinical_reference
2021-2023,TST_L,LBXAND,female,0-11,354,32.9925988700565,39.40085474580251,3.6225,5.107,9.295,17.45,40.975,85.82999999999998,104.34999999999997,exploratory_unweighted_not_clinical_reference
2021-2023,TST_L,LBXAND,female,12-17,348,124.52931034482758,58.12318085615348,51.47,59.71,81.80000000000001,115.0,159.0,203.80000000000007,241.94999999999993,exploratory_unweighted_not_clinical_reference
2021-2023,TST_L,LBXAND,female,18-29,434,134.03341013824885,70.41561483009775,51.57000000000001,63.09000000000001,89.42500000000001,123.5,161.75,218.7,257.34999999999997,exploratory_unweighted_not_clinical_reference
2021-2023,TST_L,LBXAND,female,30-39,469,110.89240938166311,56.78387566397518,46.54,56.32,75.9,104.0,134.0,173.0,195.39999999999986,exploratory_unweighted_not_clinical_reference
2021-2023,TST_L,LBXAND,female,40-49,422,81.80947867298576,36.99308602298941,31.9,38.71,55.05,77.75,102.0,127.90000000000003,141.0,exploratory_unweighted_not_clinical_reference
2021-2023,TST_L,LBXAND,female,50-59,481,54.90557172557173,26.67760620147915,20.5,24.6,37.1,50.9,68.7,89.7,108.0,exploratory_unweighted_not_clinical_reference
2021-2023,TST_L,LBXAND,female,60-69,751,48.46078561917444,26.15185189201674,17.299999999999997,22.0,31.2,43.7,60.15,79.0,94.45,exploratory_unweighted_not_clinical_reference
2021-2023,TST_L,LBXAND,female,70-79,445,46.565999999999995,25.306290411959125,15.6,21.580000000000002,30.0,41.9,57.3,75.40000000000002,90.11999999999995,exploratory_unweighted_not_clinical_reference
2021-2023,TST_L,LBXAND,female,80+,159,39.86389937106919,19.20077902269638,14.149999999999999,18.44,26.5,37.8,48.15,66.78000000000002,76.85999999999999,exploratory_unweighted_not_clinical_reference
2021-2023,TST_L,LBXAND,male,0-11,357,15.535403361344535,11.073274969254028,2.176,3.196,6.61,14.1,21.4,30.140000000000004,36.08,exploratory_unweighted_not_clinical_reference
2021-2023,TST_L,LBXAND,male,12-17,339,64.27905604719764,29.39010829137086,23.28,31.960000000000004,44.349999999999994,61.0,79.1,99.38,114.19999999999993,exploratory_unweighted_not_clinical_reference
2021-2023,TST_L,LBXAND,male,18-29,374,89.23582887700535,39.73355629303546,44.165,52.660000000000004,65.2,82.2,103.0,135.7,155.34999999999997,exploratory_unweighted_not_clinical_reference
2021-2023,TST_L,LBXAND,male,30-39,355,78.89774647887323,34.894033218149644,37.5,43.24,55.2,71.4,96.95,122.0,139.20000000000005,exploratory_unweighted_not_clinical_reference
2021-2023,TST_L,LBXAND,male,40-49,328,81.8734756097561,55.541749435814864,36.165,44.17,53.699999999999996,69.4,96.97500000000001,125.0,143.94999999999993,exploratory_unweighted_not_clinical_reference
2021-2023,TST_L,LBXAND,male,50-59,386,75.23290155440415,38.85430034031932,32.325,39.8,49.625,66.95,88.02499999999999,118.0,155.0,exploratory_unweighted_not_clinical_reference
2021-2023,TST_L,LBXAND,male,60-69,612,66.35781045751634,28.666786014526288,29.11,35.52,47.075,61.6,79.7,102.89999999999998,119.44999999999993,exploratory_unweighted_not_clinical_reference
2021-2023,TST_L,LBXAND,male,70-79,431,59.819095127610204,28.59388149494125,25.4,31.8,42.55,55.3,70.25,89.1,116.5,exploratory_unweighted_not_clinical_reference
2021-2023,TST_L,LBXAND,male,80+,145,49.81627586206896,21.704379868564022,18.6,27.12,34.9,45.4,63.0,78.26,88.05999999999995,exploratory_unweighted_not_clinical_reference
2021-2023,TST_L,LBDANDSI,female,0-11,354,1.1513629943502823,1.374953088981096,0.1263,0.1779,0.32475,0.609,1.4275,2.9909999999999997,3.640499999999999,exploratory_unweighted_not_clinical_reference
2021-2023,TST_L,LBDANDSI,female,12-17,348,4.34573275862069,2.028091972621975,1.7935,2.0869999999999997,2.855,4.01,5.55,7.113000000000002,8.444999999999999,exploratory_unweighted_not_clinical_reference
2021-2023,TST_L,LBDANDSI,female,18-29,434,4.677472350230414,2.4567756785672445,1.7990000000000002,2.202,3.12,4.3100000000000005,5.6425,7.630999999999999,8.9805,exploratory_unweighted_not_clinical_reference
2021-2023,TST_L,LBDANDSI,female,30-39,469,3.869970149253731,1.981934195988022,1.624,1.966,2.65,3.63,4.68,6.04,6.823999999999995,exploratory_unweighted_not_clinical_reference
2021-2023,TST_L,LBDANDSI,female,40-49,422,2.8548459715639813,1.291029870244137,1.11,1.35,1.9224999999999999,2.715,3.56,4.466000000000001,4.92,exploratory_unweighted_not_clinical_reference
2021-2023,TST_L,LBDANDSI,female,50-59,481,1.915910187110187,0.9308408143090345,0.715,0.859,1.29,1.78,2.4,3.13,3.77,exploratory_unweighted_not_clinical_reference
2021-2023,TST_L,LBDANDSI,female,60-69,751,1.6912031957390146,0.9126623522802799,0.6034999999999999,0.768,1.09,1.53,2.0949999999999998,2.76,3.295,exploratory_unweighted_not_clinical_reference
2021-2023,TST_L,LBDANDSI,female,70-79,445,1.6251595505617977,0.883160797791973,0.544,0.7528,1.05,1.46,2.0,2.634000000000001,3.141999999999998,exploratory_unweighted_not_clinical_reference
2021-2023,TST_L,LBDANDSI,female,80+,159,1.3912893081761006,0.6699614040074584,0.49420000000000003,0.6438,0.925,1.32,1.685,2.3280000000000007,2.685999999999999,exploratory_unweighted_not_clinical_reference
2021-2023,TST_L,LBDANDSI,male,0-11,357,0.5422070028011204,0.38641237001164186,0.07596,0.1116,0.231,0.492,0.747,1.05,1.2619999999999998,exploratory_unweighted_not_clinical_reference
2021-2023,TST_L,LBDANDSI,male,12-17,339,2.243569321533923,1.0259173022269923,0.8123,1.116,1.55,2.13,2.76,3.472,3.9869999999999974,exploratory_unweighted_not_clinical_reference
2021-2023,TST_L,LBDANDSI,male,18-29,374,3.1140668449197864,1.385882763098412,1.54,1.84,2.28,2.87,3.59,4.7379999999999995,5.420499999999999,exploratory_unweighted_not_clinical_reference
2021-2023,TST_L,LBDANDSI,male,30-39,355,2.7532901408450705,1.2178757591532194,1.31,1.51,1.9249999999999998,2.49,3.385,4.26,4.862000000000002,exploratory_unweighted_not_clinical_reference
2021-2023,TST_L,LBDANDSI,male,40-49,328,2.8571219512195123,1.9362836998028405,1.2645000000000002,1.54,1.875,2.42,3.3825,4.36,5.024999999999998,exploratory_unweighted_not_clinical_reference
2021-2023,TST_L,LBDANDSI,male,50-59,386,2.6255077720207254,1.3557129513407125,1.125,1.39,1.73,2.335,3.0675,4.12,5.41,exploratory_unweighted_not_clinical_reference
2021-2023,TST_L,LBDANDSI,male,60-69,612,2.315709477124183,1.0002264129815372,1.0155,1.241,1.64,2.15,2.78,3.5869999999999993,4.1679999999999975,exploratory_unweighted_not_clinical_reference
2021-2023,TST_L,LBDANDSI,male,70-79,431,2.087730626450116,0.9980679587428611,0.8865000000000001,1.11,1.4849999999999999,1.93,2.455,3.11,4.0649999999999995,exploratory_unweighted_not_clinical_reference
2021-2023,TST_L,LBDANDSI,male,80+,145,1.7385172413793104,0.7574027724864196,0.6494,0.9463999999999999,1.22,1.58,2.2,2.73,3.0719999999999983,exploratory_unweighted_not_clinical_reference
2021-2023,TST_L,LBXAMH,female,0-11,268,2.3822761194029853,1.5365388796629815,0.6235,0.8180000000000001,1.3575000000000002,2.1,2.9275,4.211000000000001,5.535499999999998,exploratory_unweighted_not_clinical_reference
2021-2023,TST_L,LBXAMH,female,12-17,348,3.1254885057471267,1.929349995030895,0.7610000000000001,1.0380000000000003,1.895,2.6900000000000004,3.93,5.559,6.691499999999998,exploratory_unweighted_not_clinical_reference
2021-2023,TST_L,LBXAMH,female,18-29,433,3.631870669745959,2.5320254229557464,0.846,1.202,1.99,3.09,4.52,6.638000000000001,8.139999999999999,exploratory_unweighted_not_clinical_reference
2021-2023,TST_L,LBXAMH,female,30-39,469,2.2677611940298505,2.0642609805548586,0.20400000000000001,0.4,0.91,1.76,2.92,4.616,6.105999999999998,exploratory_unweighted_not_clinical_reference
2021-2023,TST_L,LBXAMH,female,40-49,422,0.6893838862559241,1.13976978111547,0.02,0.02,0.04,0.29,0.86,1.74,2.5595,exploratory_unweighted_not_clinical_reference
2021-2023,TST_L,LBXAMH,female,50-59,482,0.03647302904564315,0.09866472500992426,0.02,0.02,0.02,0.02,0.02,0.02,0.08,exploratory_unweighted_not_clinical_reference
2021-2023,TST_L,LBXAMH,female,60-69,751,0.024114513981358183,0.08085201421360383,0.02,0.02,0.02,0.02,0.02,0.02,0.02,exploratory_unweighted_not_clinical_reference
2021-2023,TST_L,LBXAMH,female,70-79,445,0.02968539325842695,0.19628965976180668,0.02,0.02,0.02,0.02,0.02,0.02,0.02,exploratory_unweighted_not_clinical_reference
2021-2023,TST_L,LBXAMH,female,80+,159,0.02012578616352201,0.0015861031714362876,0.02,0.02,0.02,0.02,0.02,0.02,0.02,exploratory_unweighted_not_clinical_reference
2021-2023,TST_L,LBXAMH,male,0-11,83,25.282409638554217,13.338993689908477,4.051,5.072000000000002,14.024999999999999,27.44,37.72,41.778,44.04499999999998,exploratory_unweighted_not_clinical_reference
2021-2023,TST_L,LBXAMH,male,12-17,332,7.828283132530121,5.8629874738898735,2.7255000000000003,3.343,4.14,5.92,9.5375,14.90000000000001,18.165999999999983,exploratory_unweighted_not_clinical_reference
2021-2023,TST_L,LBXAMH,male,18-29,374,7.228342245989304,4.471173914320253,2.6565,3.383,4.37,5.82,8.934999999999999,12.727,14.777,exploratory_unweighted_not_clinical_reference
2021-2023,TST_L,LBXAMH,male,30-39,355,5.98118309859155,3.5321813905835473,1.9769999999999999,2.614,3.635,5.06,7.23,10.254000000000005,12.423000000000002,exploratory_unweighted_not_clinical_reference
2021-2023,TST_L,LBXAMH,male,40-49,328,4.649359756097562,3.114825045301952,1.437,1.7910000000000001,2.6550000000000002,3.9450000000000003,5.7575,8.513,9.7295,exploratory_unweighted_not_clinical_reference
2021-2023,TST_L,LBXAMH,male,50-59,386,3.911968911917099,2.628455822231112,1.0750000000000002,1.49,2.165,3.325,4.9825,6.985,8.675,exploratory_unweighted_not_clinical_reference
2021-2023,TST_L,LBXAMH,male,60-69,612,3.7484313725490197,2.7637105605301135,0.7555000000000001,1.16,1.9475,3.115,4.7225,7.305999999999998,8.91,exploratory_unweighted_not_clinical_reference
2021-2023,TST_L,LBXAMH,male,70-79,431,2.9894663573085847,2.6158981637164898,0.145,0.57,1.4,2.41,3.91,5.96,7.05,exploratory_unweighted_not_clinical_reference
2021-2023,TST_L,LBXAMH,male,80+,145,2.389655172413793,2.235959716204749,0.02,0.032000000000000015,0.77,1.74,3.38,5.525999999999997,7.399999999999999,exploratory_unweighted_not_clinical_reference
2021-2023,TST_L,LBDAMHSI,female,0-11,268,17.00966417910448,10.971046995225485,4.4545,5.843000000000001,9.6925,14.99,20.9025,30.070000000000007,39.52499999999999,exploratory_unweighted_not_clinical_reference
2021-2023,TST_L,LBDAMHSI,female,12-17,348,22.316293103448274,13.775519814572567,5.4305,7.413000000000001,13.5325,19.21,28.06,39.693000000000005,47.77699999999998,exploratory_unweighted_not_clinical_reference
2021-2023,TST_L,LBDAMHSI,female,18-29,433,25.931709006928408,18.07850422817358,6.042000000000001,8.584000000000001,14.21,22.06,32.27,47.394,58.11999999999999,exploratory_unweighted_not_clinical_reference
2021-2023,TST_L,LBDAMHSI,female,30-39,469,16.1917697228145,14.738626342938941,1.4580000000000002,2.86,6.5,12.57,20.85,32.961999999999996,43.59799999999999,exploratory_unweighted_not_clinical_reference
2021-2023,TST_L,LBDAMHSI,female,40-49,422,4.921729857819906,8.1385372863927,0.14,0.14,0.29,2.07,6.14,12.42,18.2765,exploratory_unweighted_not_clinical_reference
2021-2023,TST_L,LBDAMHSI,female,50-59,482,0.25790456431535275,0.704999644077642,0.14,0.14,0.14,0.14,0.14,0.14,0.57,exploratory_unweighted_not_clinical_reference
2021-2023,TST_L,LBDAMHSI,female,60-69,751,0.16941411451398142,0.5775707081796836,0.14,0.14,0.14,0.14,0.14,0.14,0.14,exploratory_unweighted_not_clinical_reference
2021-2023,TST_L,LBDAMHSI,female,70-79,445,0.20919101123595513,1.401529978630533,0.14,0.14,0.14,0.14,0.14,0.14,0.14,exploratory_unweighted_not_clinical_reference
2021-2023,TST_L,LBDAMHSI,female,80+,159,0.14094339622641516,0.011895773785772158,0.14,0.14,0.14,0.14,0.14,0.14,0.14,exploratory_unweighted_not_clinical_reference
2021-2023,TST_L,LBDAMHSI,male,0-11,83,180.5169879518072,95.24068952300233,28.928,36.21400000000001,100.14,195.92,269.32,298.292,314.4859999999999,exploratory_unweighted_not_clinical_reference
2021-2023,TST_L,LBDAMHSI,male,12-17,332,55.89382530120483,41.86165086108418,19.4585,23.871000000000002,29.56,42.269999999999996,68.095,106.38600000000007,129.70549999999986,exploratory_unweighted_not_clinical_reference
2021-2023,TST_L,LBDAMHSI,male,18-29,374,51.6103743315508,31.924278840471324,18.9655,24.151,31.2,41.55,63.795,90.869,105.50899999999999,exploratory_unweighted_not_clinical_reference
2021-2023,TST_L,LBDAMHSI,male,30-39,355,42.70580281690141,25.219848902433455,14.119,18.662,25.955,36.13,51.62,73.21600000000004,88.697,exploratory_unweighted_not_clinical_reference
2021-2023,TST_L,LBDAMHSI,male,40-49,328,33.19649390243902,22.23961553827949,10.259,12.787,18.955,28.165,41.112500000000004,60.781,69.4665,exploratory_unweighted_not_clinical_reference
2021-2023,TST_L,LBDAMHSI,male,50-59,386,27.931528497409325,18.767174561831375,7.675,10.64,15.4575,23.740000000000002,35.575,49.875,61.942499999999995,exploratory_unweighted_not_clinical_reference
2021-2023,TST_L,LBDAMHSI,male,60-69,612,26.763823529411766,19.732874290032388,5.3985,8.28,13.9025,22.245,33.7175,52.16199999999999,63.62,exploratory_unweighted_not_clinical_reference
2021-2023,TST_L,LBDAMHSI,male,70-79,431,21.344988399071923,18.67751900603491,1.04,4.07,10.0,17.21,27.92,42.55,50.34,exploratory_unweighted_not_clinical_reference
2021-2023,TST_L,LBDAMHSI,male,80+,145,17.061862068965517,15.965060635398602,0.14,0.2280000000000001,5.5,12.42,24.13,39.45999999999998,52.835999999999984,exploratory_unweighted_not_clinical_reference
2021-2023,TST_L,LBXDHE,female,0-11,352,43.72235227272727,41.895126732231496,4.456,5.633,11.9,33.75,60.324999999999996,100.90000000000003,128.0,exploratory_unweighted_not_clinical_reference
2021-2023,TST_L,LBXDHE,female,12-17,341,135.05137829912024,70.79845657698294,37.4,51.1,81.9,125.0,178.0,238.0,268.0,exploratory_unweighted_not_clinical_reference
2021-2023,TST_L,LBXDHE,female,18-29,421,157.23724465558195,80.98581701819329,46.8,60.0,97.9,146.0,208.0,270.0,303.0,exploratory_unweighted_not_clinical_reference
2021-2023,TST_L,LBXDHE,female,30-39,463,120.58827213822894,63.341165307792984,40.32,50.620000000000005,74.15,115.0,153.5,199.0,228.39999999999986,exploratory_unweighted_not_clinical_reference
2021-2023,TST_L,LBXDHE,female,40-49,418,91.63925598086125,54.03347387026188,19.085,30.710000000000004,55.9,81.0,120.75,164.60000000000002,190.14999999999998,exploratory_unweighted_not_clinical_reference
2021-2023,TST_L,LBXDHE,female,50-59,480,62.33826041666667,40.909724616644674,10.2,16.89,31.325,55.95,83.5,118.0,145.04999999999995,exploratory_unweighted_not_clinical_reference
2021-2023,TST_L,LBXDHE,female,60-69,749,49.05021228304406,36.458015189610066,8.857999999999999,13.8,23.7,40.8,67.0,89.90000000000002,115.60000000000002,exploratory_unweighted_not_clinical_reference
2021-2023,TST_L,LBXDHE,female,70-79,443,39.72013544018058,32.765850310772485,7.364000000000001,11.32,17.25,30.5,51.1,78.90000000000002,102.64999999999992,exploratory_unweighted_not_clinical_reference
2021-2023,TST_L,LBXDHE,female,80+,159,30.589937106918235,24.646908232860717,5.587000000000001,7.698,12.95,22.1,41.65,59.660000000000004,73.63,exploratory_unweighted_not_clinical_reference
2021-2023,TST_L,LBXDHE,male,0-11,356,46.92438202247192,43.655037566274096,3.4899999999999998,5.140000000000001,12.0,33.45,70.325,103.5,133.75,exploratory_unweighted_not_clinical_reference
2021-2023,TST_L,LBXDHE,male,12-17,333,164.91981981981982,84.38718870800074,57.38,69.88000000000001,103.0,151.0,209.0,276.20000000000005,324.4,exploratory_unweighted_not_clinical_reference
2021-2023,TST_L,LBXDHE,male,18-29,343,231.17259475218663,96.06736948972048,105.0,122.2,158.5,217.0,284.5,365.0,406.1999999999998,exploratory_unweighted_not_clinical_reference
2021-2023,TST_L,LBXDHE,male,30-39,338,184.2662721893491,77.31188820532248,74.37,101.4,132.25,169.0,224.75,293.3,326.5999999999999,exploratory_unweighted_not_clinical_reference
2021-2023,TST_L,LBXDHE,male,40-49,314,134.74178343949043,69.10893429481526,33.695,50.81,85.42500000000001,127.5,175.75,223.0,255.74999999999983,exploratory_unweighted_not_clinical_reference
2021-2023,TST_L,LBXDHE,male,50-59,378,100.79166666666667,67.06155504549058,23.040000000000003,32.39,53.125,87.4,129.0,180.20000000000005,227.7499999999999,exploratory_unweighted_not_clinical_reference
2021-2023,TST_L,LBXDHE,male,60-69,604,73.53349337748344,49.4629549225137,15.73,23.52,37.8,62.9,95.125,141.0,170.85000000000002,exploratory_unweighted_not_clinical_reference
2021-2023,TST_L,LBXDHE,male,70-79,428,53.330140186915884,40.959181943251686,8.637500000000001,13.5,24.1,42.4,72.625,103.0,141.29999999999995,exploratory_unweighted_not_clinical_reference
2021-2023,TST_L,LBXDHE,male,80+,145,34.98583448275862,32.72974667850456,5.798,7.13,13.6,25.7,42.7,77.75999999999999,105.19999999999993,exploratory_unweighted_not_clinical_reference
2021-2023,TST_L,LBDDHESI,female,0-11,352,1.1850134375,1.1353514249670713,0.12095,0.1524,0.32225000000000004,0.9145000000000001,1.6324999999999998,2.7370000000000014,3.47,exploratory_unweighted_not_clinical_reference
2021-2023,TST_L,LBDDHESI,female,12-17,341,3.6600645161290317,1.9185430735944375,1.01,1.38,2.22,3.39,4.82,6.45,7.26,exploratory_unweighted_not_clinical_reference
2021-2023,TST_L,LBDDHESI,female,18-29,421,4.261242280285035,2.194436049306025,1.27,1.63,2.65,3.96,5.64,7.32,8.21,exploratory_unweighted_not_clinical_reference
2021-2023,TST_L,LBDDHESI,female,30-39,463,3.2677753779697625,1.7175282455060406,1.0910000000000002,1.37,2.01,3.12,4.16,5.39,6.192999999999996,exploratory_unweighted_not_clinical_reference
2021-2023,TST_L,LBDDHESI,female,40-49,418,2.483684210526316,1.4644367872580895,0.5175500000000001,0.8324000000000001,1.51,2.1950000000000003,3.2725,4.458000000000001,5.1545,exploratory_unweighted_not_clinical_reference
2021-2023,TST_L,LBDDHESI,female,50-59,480,1.6892560416666667,1.1086526878234315,0.276,0.45770000000000005,0.84925,1.5150000000000001,2.26,3.2,3.931499999999999,exploratory_unweighted_not_clinical_reference
2021-2023,TST_L,LBDDHESI,female,60-69,749,1.3292562483311081,0.9879856071428035,0.23979999999999999,0.374,0.642,1.11,1.82,2.434000000000001,3.1320000000000006,exploratory_unweighted_not_clinical_reference
2021-2023,TST_L,LBDDHESI,female,70-79,443,1.0762762979683973,0.8879313946139167,0.19950000000000004,0.3066,0.4675,0.827,1.38,2.1420000000000003,2.780999999999998,exploratory_unweighted_not_clinical_reference
2021-2023,TST_L,LBDDHESI,female,80+,159,0.8286974842767296,0.6677380841175474,0.1514,0.20859999999999998,0.351,0.599,1.125,1.62,1.9909999999999999,exploratory_unweighted_not_clinical_reference
2021-2023,TST_L,LBDDHESI,male,0-11,356,1.2715796348314605,1.1830436318991153,0.09457499999999999,0.1395,0.325,0.9065000000000001,1.91,2.8049999999999997,3.6225,exploratory_unweighted_not_clinical_reference
2021-2023,TST_L,LBDDHESI,male,12-17,333,4.46942942942943,2.2865007051548156,1.552,1.894,2.79,4.09,5.66,7.488000000000001,8.792,exploratory_unweighted_not_clinical_reference
2021-2023,TST_L,LBDDHESI,male,18-29,343,6.265189504373178,2.603752332053328,2.85,3.314,4.295,5.88,7.71,9.89,10.979999999999995,exploratory_unweighted_not_clinical_reference
2021-2023,TST_L,LBDDHESI,male,30-39,338,4.993943786982248,2.0959466533491065,2.0185,2.745,3.585,4.58,6.092499999999999,7.949000000000001,8.846499999999997,exploratory_unweighted_not_clinical_reference
2021-2023,TST_L,LBDDHESI,male,40-49,314,3.651464968152866,1.872915105065264,0.9133,1.3760000000000001,2.3125,3.455,4.762499999999999,6.04,6.928999999999995,exploratory_unweighted_not_clinical_reference
2021-2023,TST_L,LBDDHESI,male,50-59,378,2.731664021164021,1.8172595848571387,0.62435,0.8773000000000001,1.44,2.37,3.5,4.883000000000001,6.170999999999997,exploratory_unweighted_not_clinical_reference
2021-2023,TST_L,LBDDHESI,male,60-69,604,1.9928135761589405,1.3405463929023524,0.4259,0.6373000000000001,1.0275,1.705,2.5749999999999997,3.82,4.627000000000001,exploratory_unweighted_not_clinical_reference
2021-2023,TST_L,LBDDHESI,male,70-79,428,1.4453728971962616,1.110065723000586,0.2341,0.366,0.653,1.15,1.97,2.79,3.828999999999999,exploratory_unweighted_not_clinical_reference
2021-2023,TST_L,LBDDHESI,male,80+,145,0.9477326206896552,0.8865887436256112,0.1572,0.193,0.369,0.696,1.16,2.1039999999999996,2.847999999999998,exploratory_unweighted_not_clinical_reference
2021-2023,TST_L,LBXEST,female,0-11,351,15.765669515669515,35.79648535890734,1.22,1.22,1.22,2.14,10.155000000000001,46.8,70.25,exploratory_unweighted_not_clinical_reference
2021-2023,TST_L,LBXEST,female,12-17,348,88.61882183908045,94.24463668940236,12.47,17.57,29.4,54.349999999999994,112.5,207.0,260.0,exploratory_unweighted_not_clinical_reference
2021-2023,TST_L,LBXEST,female,18-29,429,314.29757575757577,1412.4724041245086,2.938,10.720000000000002,30.2,60.2,140.0,224.79999999999984,345.19999999999976,exploratory_unweighted_not_clinical_reference
2021-2023,TST_L,LBXEST,female,30-39,466,260.2610729613734,1135.6551081500197,9.049999999999999,16.8,35.75,79.95,151.75,265.5,410.75,exploratory_unweighted_not_clinical_reference
2021-2023,TST_L,LBXEST,female,40-49,421,100.05387173396674,112.95359056234719,3.24,5.48,23.4,72.3,139.0,231.0,284.0,exploratory_unweighted_not_clinical_reference
2021-2023,TST_L,LBXEST,female,50-59,479,25.211210855949897,54.20217952699289,1.22,1.22,2.475,6.67,16.95,73.49999999999999,125.39999999999986,exploratory_unweighted_not_clinical_reference
2021-2023,TST_L,LBXEST,female,60-69,745,8.968053691275168,18.837527086046713,1.22,1.22,2.15,4.71,8.79,15.0,23.45999999999999,exploratory_unweighted_not_clinical_reference
2021-2023,TST_L,LBXEST,female,70-79,438,6.9815068493150685,9.074814445528723,1.22,1.22,2.0875,4.66,8.415,14.1,19.7,exploratory_unweighted_not_clinical_reference
2021-2023,TST_L,LBXEST,female,80+,159,7.218113207547169,19.519400546208008,1.22,1.22,1.8450000000000002,3.87,6.975,11.840000000000003,15.11,exploratory_unweighted_not_clinical_reference
2021-2023,TST_L,LBXEST,male,0-11,357,1.8834173669467786,2.2825210478202576,1.22,1.22,1.22,1.22,1.78,2.8980000000000024,4.755999999999999,exploratory_unweighted_not_clinical_reference
2021-2023,TST_L,LBXEST,male,12-17,336,18.52547619047619,10.566567626923929,2.0925000000000002,4.675000000000001,11.2,18.25,24.8,32.150000000000006,36.949999999999996,exploratory_unweighted_not_clinical_reference
2021-2023,TST_L,LBXEST,male,18-29,370,26.042648648648644,14.289436468652807,12.545,14.4,18.9,23.85,30.6,37.330000000000005,43.2,exploratory_unweighted_not_clinical_reference
2021-2023,TST_L,LBXEST,male,30-39,354,24.50372881355932,11.514468233102304,10.23,12.860000000000001,17.325,23.200000000000003,28.7,37.67999999999999,43.20499999999999,exploratory_unweighted_not_clinical_reference
2021-2023,TST_L,LBXEST,male,40-49,327,25.859847094801225,15.49232033106571,10.9,12.92,16.9,23.4,30.0,39.14000000000001,45.58999999999999,exploratory_unweighted_not_clinical_reference
2021-2023,TST_L,LBXEST,male,50-59,384,26.583020833333336,11.458415938146741,12.115,14.830000000000002,19.575000000000003,25.5,32.525,38.17,42.72499999999998,exploratory_unweighted_not_clinical_reference
2021-2023,TST_L,LBXEST,male,60-69,609,25.72725779967159,12.981828577844817,10.14,13.68,18.5,24.4,30.3,38.74000000000001,43.80000000000001,exploratory_unweighted_not_clinical_reference
2021-2023,TST_L,LBXEST,male,70-79,430,25.24527906976744,12.233717947420702,8.000500000000002,12.1,18.2,23.9,31.575000000000003,38.540000000000006,43.104999999999954,exploratory_unweighted_not_clinical_reference
2021-2023,TST_L,LBXEST,male,80+,145,24.507724137931035,11.448391368370126,6.574,10.2,16.2,24.3,32.5,38.56,44.68,exploratory_unweighted_not_clinical_reference
2021-2023,TST_L,LBDESTSI,female,0-11,351,57.86330484330483,131.43749659565384,4.48,4.48,4.48,7.85,37.3,172.0,258.0,exploratory_unweighted_not_clinical_reference
2021-2023,TST_L,LBDESTSI,female,12-17,348,325.18818965517244,345.75245569134853,45.745000000000005,64.48,108.0,199.5,412.75,760.0,954.0,exploratory_unweighted_not_clinical_reference
2021-2023,TST_L,LBDESTSI,female,18-29,429,1153.7002797202797,5184.706432996432,10.76,39.32000000000001,111.0,221.0,514.0,825.1999999999994,1267.999999999999,exploratory_unweighted_not_clinical_reference
2021-2023,TST_L,LBDESTSI,female,30-39,466,955.1288626609442,4167.601104210135,33.2,61.7,131.5,293.5,557.0,974.5,1507.5,exploratory_unweighted_not_clinical_reference
2021-2023,TST_L,LBDESTSI,female,40-49,421,367.2389073634204,414.7263966862094,11.9,20.1,85.9,265.0,510.0,848.0,1040.0,exploratory_unweighted_not_clinical_reference
2021-2023,TST_L,LBDESTSI,female,50-59,479,92.5048643006263,198.83819098576086,4.48,4.48,9.085,24.5,62.2,269.79999999999995,460.3999999999995,exploratory_unweighted_not_clinical_reference
2021-2023,TST_L,LBDESTSI,female,60-69,745,32.915140939597315,69.14893436589202,4.48,4.48,7.89,17.3,32.3,55.1,86.05999999999997,exploratory_unweighted_not_clinical_reference
2021-2023,TST_L,LBDESTSI,female,70-79,438,25.624155251141556,33.31669179988355,4.48,4.48,7.6575,17.1,30.849999999999998,51.7,72.3,exploratory_unweighted_not_clinical_reference
2021-2023,TST_L,LBDESTSI,female,80+,159,26.492578616352198,71.62222527564495,4.48,4.48,6.77,14.2,25.549999999999997,43.44000000000001,55.44,exploratory_unweighted_not_clinical_reference
2021-2023,TST_L,LBDESTSI,male,0-11,357,6.913025210084036,8.368103018352915,4.48,4.48,4.48,4.48,6.53,10.62000000000001,17.479999999999993,exploratory_unweighted_not_clinical_reference
2021-2023,TST_L,LBDESTSI,male,12-17,336,67.98208333333334,38.77066495072522,7.6825,17.15,41.1,67.0,90.975,118.0,135.5,exploratory_unweighted_not_clinical_reference
2021-2023,TST_L,LBDESTSI,male,18-29,370,95.5718918918919,52.45332233053799,46.035000000000004,52.8,69.4,87.5,112.0,137.10000000000002,159.0,exploratory_unweighted_not_clinical_reference
2021-2023,TST_L,LBDESTSI,male,30-39,354,89.93398305084746,42.269974639749165,37.555,47.21,63.6,85.15,105.0,138.39999999999998,158.34999999999997,exploratory_unweighted_not_clinical_reference
2021-2023,TST_L,LBDESTSI,male,40-49,327,94.91522935779817,56.87296738248279,40.0,47.42,62.0,85.9,110.0,143.40000000000003,167.39999999999998,exploratory_unweighted_not_clinical_reference
2021-2023,TST_L,LBDESTSI,male,50-59,384,97.57703125,42.0668696137572,44.46,54.42,71.825,93.6,119.25,140.0,156.69999999999993,exploratory_unweighted_not_clinical_reference
2021-2023,TST_L,LBDESTSI,male,60-69,609,94.42694581280789,47.652191348642624,37.22,50.22,67.9,89.5,111.0,142.20000000000005,160.60000000000002,exploratory_unweighted_not_clinical_reference
2021-2023,TST_L,LBDESTSI,male,70-79,430,92.65218604651162,44.89017089255184,29.370000000000008,44.4,66.8,87.7,116.0,141.20000000000005,158.19999999999982,exploratory_unweighted_not_clinical_reference
2021-2023,TST_L,LBDESTSI,male,80+,145,89.94262068965517,42.03093214494749,24.12,37.4,59.5,89.2,119.0,141.6,164.0,exploratory_unweighted_not_clinical_reference
2021-2023,TST_L,LBXESO,female,0-11,350,1.1391045714285715,1.7310695794397069,0.0919,0.0919,0.17675,0.427,1.15,3.3060000000000014,4.5855,exploratory_unweighted_not_clinical_reference
2021-2023,TST_L,LBXESO,female,12-17,348,5.520982758620689,4.295464373515385,1.58,1.9180000000000001,2.9175,4.3149999999999995,6.8975,10.5,12.729999999999995,exploratory_unweighted_not_clinical_reference
2021-2023,TST_L,LBXESO,female,18-29,431,13.896468677494196,47.03382808622903,1.8450000000000002,2.3,3.545,5.56,8.530000000000001,14.3,21.15,exploratory_unweighted_not_clinical_reference
2021-2023,TST_L,LBXESO,female,30-39,467,13.793995717344755,45.42920142205314,2.075,2.772,4.1899999999999995,6.35,9.58,15.180000000000007,23.209999999999997,exploratory_unweighted_not_clinical_reference
2021-2023,TST_L,LBXESO,female,40-49,421,7.108218527315914,5.32994570058455,1.66,2.19,3.46,5.66,9.22,14.0,16.2,exploratory_unweighted_not_clinical_reference
2021-2023,TST_L,LBXESO,female,50-59,479,3.8166943632567847,3.7414438180618093,0.8557000000000002,1.148,1.6749999999999998,2.72,4.365,7.667999999999999,10.219999999999992,exploratory_unweighted_not_clinical_reference
2021-2023,TST_L,LBXESO,female,60-69,749,3.3292153538050733,5.363750290669735,0.85,1.138,1.57,2.4,3.51,4.886000000000001,6.808000000000006,exploratory_unweighted_not_clinical_reference
2021-2023,TST_L,LBXESO,female,70-79,443,2.9053261851015804,2.625422889838751,0.6804000000000001,1.11,1.67,2.36,3.4400000000000004,4.934000000000001,6.125999999999999,exploratory_unweighted_not_clinical_reference
2021-2023,TST_L,LBXESO,female,80+,159,2.84807358490566,3.8040917583745624,0.638,1.126,1.6400000000000001,2.32,3.285,4.4,5.1819999999999995,exploratory_unweighted_not_clinical_reference
2021-2023,TST_L,LBXESO,male,0-11,349,0.33299713467048714,0.289719761531124,0.0919,0.0919,0.0919,0.243,0.469,0.6933999999999999,0.8593999999999985,exploratory_unweighted_not_clinical_reference
2021-2023,TST_L,LBXESO,male,12-17,338,2.3696863905325443,1.147658579847386,0.7657,1.0570000000000002,1.6424999999999998,2.24,2.86,3.7990000000000004,4.670499999999999,exploratory_unweighted_not_clinical_reference
2021-2023,TST_L,LBXESO,male,18-29,372,3.3165564516129034,1.240885500075606,1.87,2.044,2.5575,3.06,3.8925,4.77,5.4145,exploratory_unweighted_not_clinical_reference
2021-2023,TST_L,LBXESO,male,30-39,354,3.5286016949152543,1.591923785703073,1.743,1.93,2.61,3.2649999999999997,4.08,5.18,5.9614999999999965,exploratory_unweighted_not_clinical_reference
2021-2023,TST_L,LBXESO,male,40-49,328,3.8286615853658534,1.8451785236686116,1.6535,2.104,2.73,3.45,4.4725,5.809,7.005499999999999,exploratory_unweighted_not_clinical_reference
2021-2023,TST_L,LBXESO,male,50-59,386,4.028792746113989,1.6791342136897838,1.6424999999999998,2.205,2.8825,3.8049999999999997,4.887499999999999,6.17,6.9825,exploratory_unweighted_not_clinical_reference
2021-2023,TST_L,LBXESO,male,60-69,611,3.9508852700490995,1.764759628719935,1.68,2.05,2.815,3.67,4.74,6.18,7.27,exploratory_unweighted_not_clinical_reference
2021-2023,TST_L,LBXESO,male,70-79,429,3.8765636363636364,1.7104213637088395,1.596,2.088,2.78,3.66,4.65,5.87,6.68,exploratory_unweighted_not_clinical_reference
2021-2023,TST_L,LBXESO,male,80+,145,3.7535931034482766,1.7689836005793762,1.48,1.816,2.48,3.47,4.73,5.876,6.789999999999988,exploratory_unweighted_not_clinical_reference
2021-2023,TST_L,LBDESOSI,female,0-11,350,42.15374285714286,64.07309310147161,3.4,3.4,6.5375,15.8,42.525,122.20000000000005,169.55,exploratory_unweighted_not_clinical_reference
2021-2023,TST_L,LBDESOSI,female,12-17,348,204.26293103448276,158.9094467080411,58.5,70.95000000000002,108.0,159.5,255.25,389.0,471.1999999999998,exploratory_unweighted_not_clinical_reference
2021-2023,TST_L,LBDESOSI,female,18-29,431,514.0582366589326,1738.9085197251457,68.3,85.1,131.0,206.0,316.0,529.0,783.0,exploratory_unweighted_not_clinical_reference
2021-2023,TST_L,LBDESOSI,female,30-39,467,510.1468950749465,1679.4636116831487,76.77,102.6,155.0,235.0,354.0,561.8000000000002,858.6999999999998,exploratory_unweighted_not_clinical_reference
2021-2023,TST_L,LBDESOSI,female,40-49,421,263.0109263657957,197.28661763885026,61.4,81.0,128.0,209.0,341.0,518.0,599.0,exploratory_unweighted_not_clinical_reference
2021-2023,TST_L,LBDESOSI,female,50-59,479,141.2040292275574,138.37053153820906,31.68000000000001,42.52,62.0,101.0,161.5,283.59999999999997,377.7999999999997,exploratory_unweighted_not_clinical_reference
2021-2023,TST_L,LBDESOSI,female,60-69,749,123.17934579439253,198.4173737446291,31.439999999999998,42.12,58.1,88.8,130.0,181.20000000000005,252.00000000000023,exploratory_unweighted_not_clinical_reference
2021-2023,TST_L,LBDESOSI,female,70-79,443,107.50584650112866,97.21148286265607,25.19,41.1,61.8,87.3,127.5,182.8,226.79999999999995,exploratory_unweighted_not_clinical_reference
2021-2023,TST_L,LBDESOSI,female,80+,159,105.41446540880504,140.90603199550662,23.6,41.66,60.65,85.8,121.5,162.40000000000003,192.0,exploratory_unweighted_not_clinical_reference
2021-2023,TST_L,LBDESOSI,male,0-11,349,12.32005730659026,10.71904752679845,3.4,3.4,3.4,8.99,17.4,25.62,31.759999999999945,exploratory_unweighted_not_clinical_reference
2021-2023,TST_L,LBDESOSI,male,12-17,338,87.68467455621303,42.4743207676264,28.3,39.11,60.800000000000004,82.9,106.0,140.3,172.44999999999993,exploratory_unweighted_not_clinical_reference
2021-2023,TST_L,LBDESOSI,male,18-29,372,122.71370967741936,45.91229597885796,69.2,75.65,94.625,113.0,144.0,176.0,200.45,exploratory_unweighted_not_clinical_reference
2021-2023,TST_L,LBDESOSI,male,30-39,354,130.55141242937853,58.90494682146018,64.52,71.4,96.6,120.5,151.0,192.0,220.39999999999986,exploratory_unweighted_not_clinical_reference
2021-2023,TST_L,LBDESOSI,male,40-49,328,141.6762195121951,68.30744973749013,61.205,77.86,101.0,127.5,165.25,215.3,259.29999999999995,exploratory_unweighted_not_clinical_reference
2021-2023,TST_L,LBDESOSI,male,50-59,386,149.0823834196891,62.10941163402963,60.800000000000004,81.55,107.0,141.0,181.0,228.0,258.75,exploratory_unweighted_not_clinical_reference
2021-2023,TST_L,LBDESOSI,male,60-69,611,146.17878887070376,65.29706647069455,62.2,75.9,104.0,136.0,175.5,229.0,269.0,exploratory_unweighted_not_clinical_reference
2021-2023,TST_L,LBDESOSI,male,70-79,429,143.41468531468533,63.28626160658191,59.06,77.24,103.0,135.0,172.0,217.0,247.0,exploratory_unweighted_not_clinical_reference
2021-2023,TST_L,LBDESOSI,male,80+,145,138.87793103448274,65.4697920895218,54.8,67.19999999999999,91.8,128.0,175.0,217.6,250.99999999999957,exploratory_unweighted_not_clinical_reference
2021-2023,TST_L,LBXES1,female,0-11,335,180.87304477611937,327.68375804867895,2.538,8.302,22.3,52.2,184.0,489.0000000000001,753.9000000000001,exploratory_unweighted_not_clinical_reference
2021-2023,TST_L,LBXES1,female,12-17,348,1064.2270114942528,1145.2900737809305,117.7,183.5,375.75,717.5,1302.5,2288.000000000001,2945.999999999999,exploratory_unweighted_not_clinical_reference
2021-2023,TST_L,LBXES1,female,18-29,422,1402.8568720379149,2267.0890941041266,162.1,224.2,421.5,798.0,1600.0,2723.0000000000023,3619.5,exploratory_unweighted_not_clinical_reference
2021-2023,TST_L,LBXES1,female,30-39,458,1591.2341703056768,2374.830640326957,169.0,252.0,478.25,934.0,1857.5,3293.0,5320.499999999998,exploratory_unweighted_not_clinical_reference
2021-2023,TST_L,LBXES1,female,40-49,419,1224.49169451074,1369.0273714026007,108.30000000000001,172.8,336.0,782.0,1620.0,2830.0,3546.9999999999977,exploratory_unweighted_not_clinical_reference
2021-2023,TST_L,LBXES1,female,50-59,464,508.48894396551725,835.0594398157824,36.105000000000004,63.5,122.0,253.0,539.25,1040.9999999999995,1909.4999999999977,exploratory_unweighted_not_clinical_reference
2021-2023,TST_L,LBXES1,female,60-69,720,398.94247222222225,1177.3912339558608,35.6,59.769999999999996,112.0,198.5,353.0,655.0,1060.0,exploratory_unweighted_not_clinical_reference
2021-2023,TST_L,LBXES1,female,70-79,421,280.6983135391924,345.0219655343652,39.6,56.4,102.0,195.0,334.0,549.0,850.0,exploratory_unweighted_not_clinical_reference
2021-2023,TST_L,LBXES1,female,80+,150,326.0689333333333,1199.4817348143392,35.21,46.93,78.025,153.0,268.75,457.19999999999993,678.5499999999993,exploratory_unweighted_not_clinical_reference
2021-2023,TST_L,LBXES1,male,0-11,337,53.99685459940653,84.92161817540567,1.44,4.176,9.96,25.7,56.7,134.2000000000001,197.5999999999999,exploratory_unweighted_not_clinical_reference
2021-2023,TST_L,LBXES1,male,12-17,338,474.20295857988157,396.12125244438107,72.59,115.60000000000002,215.5,345.0,626.0,991.6000000000001,1212.9999999999995,exploratory_unweighted_not_clinical_reference
2021-2023,TST_L,LBXES1,male,18-29,373,637.1847184986595,437.2618189224316,178.0,236.2,340.0,528.0,816.0,1180.0,1471.9999999999993,exploratory_unweighted_not_clinical_reference
2021-2023,TST_L,LBXES1,male,30-39,354,671.0782485875707,473.24851290271295,173.65,220.8,369.0,567.0,841.5,1267.0,1623.9999999999986,exploratory_unweighted_not_clinical_reference
2021-2023,TST_L,LBXES1,male,40-49,324,663.3645061728395,497.05623318997436,121.95000000000003,186.60000000000002,348.0,549.5,809.25,1233.9999999999998,1706.9999999999993,exploratory_unweighted_not_clinical_reference
2021-2023,TST_L,LBXES1,male,50-59,383,717.7634464751959,582.6859786881939,161.5,208.60000000000002,338.0,528.0,929.0,1448.0,1797.9999999999995,exploratory_unweighted_not_clinical_reference
2021-2023,TST_L,LBXES1,male,60-69,605,633.5134545454546,477.30062755358534,122.00000000000001,174.4,301.0,530.0,836.0,1220.0,1470.0,exploratory_unweighted_not_clinical_reference
2021-2023,TST_L,LBXES1,male,70-79,422,613.8063507109003,459.72234975584536,97.365,156.3,287.0,493.0,822.25,1140.0,1479.5,exploratory_unweighted_not_clinical_reference
2021-2023,TST_L,LBXES1,male,80+,140,469.76571428571424,376.44185364508166,77.065,119.2,189.25,414.0,579.0,994.2,1090.4999999999998,exploratory_unweighted_not_clinical_reference
2021-2023,TST_L,LBDES1SI,female,0-11,335,493.8898805970149,894.7694332104613,6.926,22.68,60.9,143.0,502.5,1336.0000000000002,2060.0,exploratory_unweighted_not_clinical_reference
2021-2023,TST_L,LBDES1SI,female,12-17,348,2905.3011494252873,3127.1983729073736,321.1,500.80000000000007,1027.5,1960.0,3557.5,6248.000000000002,8041.499999999997,exploratory_unweighted_not_clinical_reference
2021-2023,TST_L,LBDES1SI,female,18-29,422,3829.7725118483413,6189.322332553842,442.3,612.5,1150.0,2180.0,4370.0,7431.000000000006,9879.0,exploratory_unweighted_not_clinical_reference
2021-2023,TST_L,LBDES1SI,female,30-39,458,4344.319868995633,6484.016095885713,461.0,688.0,1305.0,2550.0,5072.5,8989.0,14529.999999999996,exploratory_unweighted_not_clinical_reference
2021-2023,TST_L,LBDES1SI,female,40-49,419,3342.5295942720763,3736.3226694020464,296.00000000000006,471.6,917.5,2130.0,4425.0,7730.0,9679.999999999993,exploratory_unweighted_not_clinical_reference
2021-2023,TST_L,LBDES1SI,female,50-59,464,1388.3288146551727,2280.289726885423,98.555,173.0,333.0,691.0,1472.5,2842.999999999999,5211.499999999994,exploratory_unweighted_not_clinical_reference
2021-2023,TST_L,LBDES1SI,female,60-69,720,1089.1873194444445,3213.6887445288107,97.2,162.9,306.0,542.0,964.0,1790.0,2890.0,exploratory_unweighted_not_clinical_reference
2021-2023,TST_L,LBDES1SI,female,70-79,421,766.2747743467934,941.9374618866609,108.0,154.0,278.0,532.0,912.0,1500.0,2320.0,exploratory_unweighted_not_clinical_reference
2021-2023,TST_L,LBDES1SI,female,80+,150,890.3542,3275.825848132085,96.225,127.8,212.75,418.0,733.5,1243.9999999999998,1850.4999999999982,exploratory_unweighted_not_clinical_reference
2021-2023,TST_L,LBDES1SI,male,0-11,337,147.42080118694363,231.9151786257958,3.93,11.4,27.2,70.2,155.0,366.2000000000003,539.3999999999997,exploratory_unweighted_not_clinical_reference
2021-2023,TST_L,LBDES1SI,male,12-17,338,1294.5473372781064,1081.6137629640466,198.5,315.4000000000001,588.25,941.5,1707.5,2709.0000000000005,3308.9999999999986,exploratory_unweighted_not_clinical_reference
2021-2023,TST_L,LBDES1SI,male,18-29,373,1739.6943699731903,1193.7527426733984,486.20000000000005,644.6,928.0,1440.0,2230.0,3220.0,4021.999999999998,exploratory_unweighted_not_clinical_reference
2021-2023,TST_L,LBDES1SI,male,30-39,354,1832.0649717514125,1292.030180478819,473.95,602.8000000000001,1005.0,1550.0,2297.5,3460.9999999999995,4434.999999999996,exploratory_unweighted_not_clinical_reference
2021-2023,TST_L,LBDES1SI,male,40-49,324,1811.0154320987654,1356.9353319584357,333.25000000000006,509.5,950.0,1500.0,2210.0,3371.999999999999,4660.999999999998,exploratory_unweighted_not_clinical_reference
2021-2023,TST_L,LBDES1SI,male,50-59,383,1959.2798955613575,1589.5777339732224,441.3,569.6,923.0,1440.0,2540.0,3954.0000000000005,4904.999999999999,exploratory_unweighted_not_clinical_reference
2021-2023,TST_L,LBDES1SI,male,60-69,605,1729.432611570248,1302.976920565218,332.80000000000007,476.20000000000005,822.0,1450.0,2280.0,3330.0,4010.0,exploratory_unweighted_not_clinical_reference
2021-2023,TST_L,LBDES1SI,male,70-79,422,1675.679691943128,1254.9263478675207,266.15,426.8,784.0,1345.0,2245.0,3110.0,4038.4999999999995,exploratory_unweighted_not_clinical_reference
2021-2023,TST_L,LBDES1SI,male,80+,140,1282.385,1027.793641139206,209.95,325.8,517.0,1130.0,1580.0,2711.0,2980.9999999999995,exploratory_unweighted_not_clinical_reference
2021-2023,TST_L,LBXFSH,female,0-11,268,3.1863059701492538,2.1548185207442647,0.66,0.917,1.565,2.56,4.5275,6.156000000000001,7.1865,exploratory_unweighted_not_clinical_reference
2021-2023,TST_L,LBXFSH,female,12-17,348,5.224166666666667,2.7103134533425903,1.444,1.84,3.5425,5.17,6.55,8.487000000000002,9.653,exploratory_unweighted_not_clinical_reference
2021-2023,TST_L,LBXFSH,female,18-29,434,4.916728110599078,3.94428084633024,0.21,1.256,2.9025,4.795,6.34,7.7799999999999985,8.989499999999994,exploratory_unweighted_not_clinical_reference
2021-2023,TST_L,LBXFSH,female,30-39,469,6.213923240938166,6.984383432037461,1.1380000000000001,2.144,3.58,5.42,7.09,9.33,11.937999999999999,exploratory_unweighted_not_clinical_reference
2021-2023,TST_L,LBXFSH,female,40-49,422,17.265094786729858,23.404769929528833,2.2915,2.831,4.782500000000001,7.455,18.3825,49.92800000000005,69.547,exploratory_unweighted_not_clinical_reference
2021-2023,TST_L,LBXFSH,female,50-59,482,60.44265560165975,33.830673886811965,7.069,14.123000000000001,38.3175,57.57,82.35000000000001,107.19000000000001,121.65999999999997,exploratory_unweighted_not_clinical_reference
2021-2023,TST_L,LBXFSH,female,60-69,751,63.37559254327563,27.258268272491026,21.78,30.94,45.53,62.22,79.225,95.11,108.4,exploratory_unweighted_not_clinical_reference
2021-2023,TST_L,LBXFSH,female,70-79,445,64.9298202247191,27.52105858671454,24.604000000000003,32.39,47.18,61.92,79.97,100.27200000000002,114.89999999999998,exploratory_unweighted_not_clinical_reference
2021-2023,TST_L,LBXFSH,female,80+,159,61.660628930817616,25.053716864287153,28.222,33.327999999999996,46.84,58.86,75.15,97.644,102.48999999999998,exploratory_unweighted_not_clinical_reference
2021-2023,TST_L,LBXFSH,male,0-11,266,1.3840601503759398,1.0539278107776373,0.21,0.37,0.645,1.08,1.79,2.705,3.345,exploratory_unweighted_not_clinical_reference
2021-2023,TST_L,LBXFSH,male,12-17,339,3.695486725663717,2.6045943673843444,1.2510000000000001,1.57,2.285,2.98,4.4,6.029999999999999,7.840999999999993,exploratory_unweighted_not_clinical_reference
2021-2023,TST_L,LBXFSH,male,18-29,374,3.6094652406417116,2.2848393523573542,1.2995,1.6520000000000001,2.29,3.135,4.3575,6.02,7.64,exploratory_unweighted_not_clinical_reference
2021-2023,TST_L,LBXFSH,male,30-39,355,4.288084507042253,2.7116456828322106,1.611,1.91,2.69,3.71,5.135,7.114000000000001,8.029,exploratory_unweighted_not_clinical_reference
2021-2023,TST_L,LBXFSH,male,40-49,328,5.138475609756098,3.123047714481198,1.7205,2.204,3.0175,4.54,6.465,8.81,10.82649999999999,exploratory_unweighted_not_clinical_reference
2021-2023,TST_L,LBXFSH,male,50-59,386,6.95958549222798,5.498167140571402,2.1350000000000002,2.7699999999999996,3.82,5.609999999999999,8.285,12.42,15.6875,exploratory_unweighted_not_clinical_reference
2021-2023,TST_L,LBXFSH,male,60-69,612,8.867434640522875,7.439159961769968,2.8875,3.491,4.61,6.76,10.0125,16.805999999999994,22.0545,exploratory_unweighted_not_clinical_reference
2021-2023,TST_L,LBXFSH,male,70-79,431,12.891740139211137,11.855139185366335,3.2699999999999996,3.86,5.735,8.88,15.285,26.93,36.7,exploratory_unweighted_not_clinical_reference
2021-2023,TST_L,LBXFSH,male,80+,145,20.498413793103452,20.615571537737832,4.054,4.538,6.82,12.57,26.78,47.679999999999986,60.80799999999996,exploratory_unweighted_not_clinical_reference
2021-2023,TST_L,LBXLUH,female,0-11,268,1.6636940298507463,3.1037983513200573,0.07,0.07,0.07,0.07,1.8525,5.487000000000001,9.18,exploratory_unweighted_not_clinical_reference
2021-2023,TST_L,LBXLUH,female,12-17,348,8.41448275862069,8.83008745145133,0.6615000000000001,2.198,3.7275,6.154999999999999,9.885,15.124,22.604999999999997,exploratory_unweighted_not_clinical_reference
2021-2023,TST_L,LBXLUH,female,18-29,434,8.334308755760368,9.273313500875084,0.07,0.9920000000000005,3.51,6.375,10.0525,15.472999999999995,20.51849999999996,exploratory_unweighted_not_clinical_reference
2021-2023,TST_L,LBXLUH,female,30-39,469,8.151002132196162,8.146529939916826,0.304,1.916,3.86,6.37,9.85,14.061999999999996,20.181999999999967,exploratory_unweighted_not_clinical_reference
2021-2023,TST_L,LBXLUH,female,40-49,422,13.404881516587679,14.506647582925284,1.73,2.6149999999999998,4.63,7.63,16.4925,35.21700000000001,44.782,exploratory_unweighted_not_clinical_reference
2021-2023,TST_L,LBXLUH,female,50-59,482,32.88809128630706,16.326731052754816,5.746,10.739,22.479999999999997,32.66,42.504999999999995,52.767,59.161999999999985,exploratory_unweighted_not_clinical_reference
2021-2023,TST_L,LBXLUH,female,60-69,751,31.747363515312912,12.995943766153106,12.879999999999999,16.37,22.73,31.55,39.705,47.35,52.955,exploratory_unweighted_not_clinical_reference
2021-2023,TST_L,LBXLUH,female,70-79,445,31.620539325842696,13.623615035863626,11.436,15.99,22.69,29.41,39.85,48.954,55.64999999999999,exploratory_unweighted_not_clinical_reference
2021-2023,TST_L,LBXLUH,female,80+,159,28.874025157232705,13.183971766644031,11.28,15.048,19.6,26.39,37.185,45.186,51.221,exploratory_unweighted_not_clinical_reference
2021-2023,TST_L,LBXLUH,male,0-11,266,0.464812030075188,0.7423345139300154,0.07,0.07,0.07,0.07,0.53,1.47,2.0475,exploratory_unweighted_not_clinical_reference
2021-2023,TST_L,LBXLUH,male,12-17,339,4.038554572271386,2.1747851636673747,1.266,1.708,2.5549999999999997,3.56,5.095,7.052,8.277999999999997,exploratory_unweighted_not_clinical_reference
2021-2023,TST_L,LBXLUH,male,18-29,374,5.315213903743316,2.1322587633810497,2.3645000000000005,2.79,3.84,5.12,6.445,8.057,8.834499999999998,exploratory_unweighted_not_clinical_reference
2021-2023,TST_L,LBXLUH,male,30-39,355,5.062169014084508,2.354491938346302,2.1069999999999998,2.64,3.5,4.57,6.305,7.776000000000003,9.633000000000001,exploratory_unweighted_not_clinical_reference
2021-2023,TST_L,LBXLUH,male,40-49,328,5.124024390243902,2.6938619139881155,1.5420000000000003,2.359,3.5025,4.795,6.22,8.183,9.745499999999998,exploratory_unweighted_not_clinical_reference
2021-2023,TST_L,LBXLUH,male,50-59,386,6.140958549222797,3.54143273719036,2.2575000000000003,2.865,3.9625,5.425,7.2325,9.940000000000001,12.72,exploratory_unweighted_not_clinical_reference
2021-2023,TST_L,LBXLUH,male,60-69,612,6.770016339869281,4.015990888285213,2.3120000000000003,3.14,4.22,5.835,8.274999999999999,11.480999999999998,14.477999999999998,exploratory_unweighted_not_clinical_reference
2021-2023,TST_L,LBXLUH,male,70-79,431,8.858793503480278,6.253875109867335,2.6799999999999997,3.78,5.3100000000000005,7.24,10.094999999999999,15.82,23.115000000000002,exploratory_unweighted_not_clinical_reference
2021-2023,TST_L,LBXLUH,male,80+,145,13.93841379310345,12.720265091351393,2.38,4.144,5.84,9.34,17.75,29.51,37.12999999999999,exploratory_unweighted_not_clinical_reference
2021-2023,TST_L,LBXPG4,female,0-11,351,15.273378917378917,98.14849885440508,0.608,0.608,1.315,2.95,5.275,9.63,19.6,exploratory_unweighted_not_clinical_reference
2021-2023,TST_L,LBXPG4,female,12-17,347,163.8340720461095,383.362201887485,1.89,2.666,4.6850000000000005,9.45,62.5,588.6000000000006,924.0999999999995,exploratory_unweighted_not_clinical_reference
2021-2023,TST_L,LBXPG4,female,18-29,433,498.04920554272513,1415.4656512121846,1.9760000000000002,3.0,5.49,10.4,283.0,1348.0,1917.9999999999995,exploratory_unweighted_not_clinical_reference
2021-2023,TST_L,LBXPG4,female,30-39,467,467.95112847965737,1199.1803549393192,1.375,2.6460000000000004,5.165,13.1,468.0,1314.0000000000005,1871.9999999999993,exploratory_unweighted_not_clinical_reference
2021-2023,TST_L,LBXPG4,female,40-49,419,273.0598066825776,517.8479645692084,1.2550000000000001,2.082,4.699999999999999,15.6,313.0,983.1999999999995,1345.999999999998,exploratory_unweighted_not_clinical_reference
2021-2023,TST_L,LBXPG4,female,50-59,475,37.444399999999995,179.2294134816338,0.608,0.9558,1.89,3.39,5.83,16.480000000000008,123.79999999999973,exploratory_unweighted_not_clinical_reference
2021-2023,TST_L,LBXPG4,female,60-69,744,4.236094086021505,12.289385466240306,0.608,0.608,1.3775,2.6550000000000002,4.3825,7.067,9.538499999999999,exploratory_unweighted_not_clinical_reference
2021-2023,TST_L,LBXPG4,female,70-79,443,4.029823927765237,9.038528029344945,0.608,0.608,1.47,2.95,4.96,7.208,8.893999999999995,exploratory_unweighted_not_clinical_reference
2021-2023,TST_L,LBXPG4,female,80+,153,4.333568627450981,7.394953971925993,0.608,0.608,1.62,2.91,4.63,6.928000000000001,10.278000000000011,exploratory_unweighted_not_clinical_reference
2021-2023,TST_L,LBXPG4,male,0-11,355,3.507887323943662,3.9077204921661632,0.608,0.608,1.06,2.43,4.33,7.082000000000001,10.430000000000001,exploratory_unweighted_not_clinical_reference
2021-2023,TST_L,LBXPG4,male,12-17,336,5.9744761904761905,7.4804639499762375,0.608,1.115,2.4825,4.525,7.1425,12.1,14.625,exploratory_unweighted_not_clinical_reference
2021-2023,TST_L,LBXPG4,male,18-29,372,6.968604838709677,6.165746929110129,1.284,2.326,3.7375000000000003,5.955,8.879999999999999,12.0,14.834999999999996,exploratory_unweighted_not_clinical_reference
2021-2023,TST_L,LBXPG4,male,30-39,353,6.772597733711048,21.804737320893746,0.8836,1.092,2.85,4.86,7.76,10.68,13.439999999999998,exploratory_unweighted_not_clinical_reference
2021-2023,TST_L,LBXPG4,male,40-49,327,5.311920489296636,4.13959575763183,0.8682,1.17,2.59,4.65,6.93,9.578000000000014,12.7,exploratory_unweighted_not_clinical_reference
2021-2023,TST_L,LBXPG4,male,50-59,383,5.356399477806788,5.618264511870195,0.9177000000000001,1.362,2.5949999999999998,4.26,6.745,9.410000000000004,12.969999999999994,exploratory_unweighted_not_clinical_reference
2021-2023,TST_L,LBXPG4,male,60-69,606,4.864305280528053,4.109548081269957,0.864,1.105,2.41,4.07,6.235,8.905000000000001,11.1,exploratory_unweighted_not_clinical_reference
2021-2023,TST_L,LBXPG4,male,70-79,430,5.249555813953489,6.912061902497964,0.9980000000000001,1.429,2.4675000000000002,4.01,6.217499999999999,9.534,12.954999999999995,exploratory_unweighted_not_clinical_reference
2021-2023,TST_L,LBXPG4,male,80+,142,4.912732394366197,4.364858737716464,1.166,1.487,2.5225,3.885,5.9975000000000005,9.061,11.424999999999983,exploratory_unweighted_not_clinical_reference
2021-2023,TST_L,LBDPG4SI,female,0-11,351,0.4856760683760684,3.1212589898212433,0.0193,0.0193,0.04185,0.0938,0.168,0.306,0.6234999999999999,exploratory_unweighted_not_clinical_reference
2021-2023,TST_L,LBDPG4SI,female,12-17,347,5.2097530259366005,12.191438624022487,0.0601,0.08478,0.149,0.301,1.9849999999999999,18.74000000000002,29.38999999999998,exploratory_unweighted_not_clinical_reference
2021-2023,TST_L,LBDPG4SI,female,18-29,433,15.83789168591224,45.013908418043265,0.06286000000000001,0.0954,0.175,0.331,9.0,42.84,60.97999999999998,exploratory_unweighted_not_clinical_reference
2021-2023,TST_L,LBDPG4SI,female,30-39,467,14.880443254817987,38.13492899829601,0.043680000000000004,0.08410000000000001,0.164,0.417,14.9,41.820000000000014,59.52999999999998,exploratory_unweighted_not_clinical_reference
2021-2023,TST_L,LBDPG4SI,female,40-49,419,8.684547971360383,16.46824937978674,0.03994,0.06624000000000001,0.1495,0.496,9.965,31.279999999999983,42.789999999999935,exploratory_unweighted_not_clinical_reference
2021-2023,TST_L,LBDPG4SI,female,50-59,475,1.190734947368421,5.699614649632336,0.0193,0.0304,0.0601,0.108,0.1855,0.5240000000000002,3.9369999999999914,exploratory_unweighted_not_clinical_reference
2021-2023,TST_L,LBDPG4SI,female,60-69,744,0.13470524193548386,0.39074607828860236,0.0193,0.0193,0.043825,0.08445,0.13925,0.225,0.303,exploratory_unweighted_not_clinical_reference
2021-2023,TST_L,LBDPG4SI,female,70-79,443,0.12813634311512415,0.287452628656338,0.0193,0.0193,0.0467,0.0938,0.158,0.229,0.2830999999999998,exploratory_unweighted_not_clinical_reference
2021-2023,TST_L,LBDPG4SI,female,80+,153,0.13780849673202616,0.23503979308879874,0.0193,0.0193,0.0515,0.0925,0.147,0.22060000000000002,0.32700000000000035,exploratory_unweighted_not_clinical_reference
2021-2023,TST_L,LBDPG4SI,male,0-11,355,0.11154901408450704,0.12428794669044964,0.0193,0.0193,0.0337,0.0773,0.138,0.225,0.33190000000000003,exploratory_unweighted_not_clinical_reference
2021-2023,TST_L,LBDPG4SI,male,12-17,336,0.1900014880952381,0.23801101322352589,0.0193,0.035449999999999995,0.07895,0.144,0.227,0.385,0.46475,exploratory_unweighted_not_clinical_reference
2021-2023,TST_L,LBDPG4SI,male,18-29,372,0.22161102150537634,0.1960262399565792,0.040830000000000005,0.07399,0.119,0.1895,0.28225,0.382,0.4714999999999999,exploratory_unweighted_not_clinical_reference
2021-2023,TST_L,LBDPG4SI,male,30-39,353,0.21541813031161472,0.6947129168845698,0.02808,0.034760000000000006,0.0906,0.155,0.247,0.33940000000000003,0.4271999999999999,exploratory_unweighted_not_clinical_reference
2021-2023,TST_L,LBDPG4SI,male,40-49,327,0.16889877675840978,0.13164046475795074,0.02763,0.037200000000000004,0.08235,0.148,0.22,0.3048000000000004,0.404,exploratory_unweighted_not_clinical_reference
2021-2023,TST_L,LBDPG4SI,male,50-59,383,0.17030704960835508,0.17853578689294153,0.02922,0.043280000000000006,0.0825,0.135,0.2145,0.29940000000000005,0.4120999999999998,exploratory_unweighted_not_clinical_reference
2021-2023,TST_L,LBDPG4SI,male,60-69,606,0.15468201320132013,0.13070361989804535,0.0275,0.03515,0.0766,0.129,0.198,0.283,0.353,exploratory_unweighted_not_clinical_reference
2021-2023,TST_L,LBDPG4SI,male,70-79,430,0.16694837209302327,0.21998187631356056,0.031740000000000004,0.045470000000000003,0.07844999999999999,0.128,0.19775,0.30310000000000004,0.41164999999999985,exploratory_unweighted_not_clinical_reference
2021-2023,TST_L,LBDPG4SI,male,80+,142,0.15626408450704227,0.1390486778082401,0.037090000000000005,0.04732000000000001,0.08020000000000001,0.1235,0.19075,0.2878,0.3635999999999994,exploratory_unweighted_not_clinical_reference
2021-2023,TST_L,LBXSHBG,female,0-11,354,76.34090395480226,41.41206921660577,22.9215,27.313000000000002,42.477500000000006,71.215,101.65,138.57,147.64499999999998,exploratory_unweighted_not_clinical_reference
2021-2023,TST_L,LBXSHBG,female,12-17,348,53.20270114942529,40.63888051358529,18.034,20.461000000000002,29.1025,44.995000000000005,63.71,85.539,114.98999999999981,exploratory_unweighted_not_clinical_reference
2021-2023,TST_L,LBXSHBG,female,18-29,434,76.6449539170507,81.41986511138037,19.4455,23.106,33.555,50.525,81.7525,169.82,242.79999999999987,exploratory_unweighted_not_clinical_reference
2021-2023,TST_L,LBXSHBG,female,30-39,469,66.94268656716417,70.1168314531065,18.64,21.906000000000002,32.7,46.82,76.7,119.11999999999999,177.0799999999999,exploratory_unweighted_not_clinical_reference
2021-2023,TST_L,LBXSHBG,female,40-49,422,67.92997630331753,47.19710733063505,20.276000000000003,25.641000000000002,37.5925,56.735,83.36,120.18,155.82999999999998,exploratory_unweighted_not_clinical_reference
2021-2023,TST_L,LBXSHBG,female,50-59,482,57.17956431535269,35.20210195625066,17.437,21.994,32.307500000000005,49.47,70.79,100.74000000000002,124.12499999999999,exploratory_unweighted_not_clinical_reference
2021-2023,TST_L,LBXSHBG,female,60-69,751,57.769201065246335,31.24394104719909,22.225,26.26,34.905,50.61,72.97,98.76,116.05,exploratory_unweighted_not_clinical_reference
2021-2023,TST_L,LBXSHBG,female,70-79,445,66.86806741573034,36.27598173394086,24.05,29.892000000000003,40.7,59.31,83.16,115.82000000000002,135.05999999999995,exploratory_unweighted_not_clinical_reference
2021-2023,TST_L,LBXSHBG,female,80+,159,77.60025157232705,40.687041415871185,24.819,34.568,48.980000000000004,71.88,93.705,133.42000000000002,162.84999999999997,exploratory_unweighted_not_clinical_reference
2021-2023,TST_L,LBXSHBG,male,0-11,357,91.37501400560224,46.32646647281169,23.71,34.226,57.17,86.65,120.1,155.82000000000016,177.22,exploratory_unweighted_not_clinical_reference
2021-2023,TST_L,LBXSHBG,male,12-17,339,32.358230088495574,20.280285799870214,12.189,14.610000000000001,19.265,29.24,39.25,53.352,64.579,exploratory_unweighted_not_clinical_reference
2021-2023,TST_L,LBXSHBG,male,18-29,374,28.412299465240643,12.65014628898023,12.386500000000002,13.636000000000001,19.1075,26.009999999999998,36.057500000000005,44.735,51.88,exploratory_unweighted_not_clinical_reference
2021-2023,TST_L,LBXSHBG,male,30-39,355,31.025521126760562,15.628392348451943,14.031,15.786,20.415,27.21,37.815,48.87400000000001,60.341,exploratory_unweighted_not_clinical_reference
2021-2023,TST_L,LBXSHBG,male,40-49,328,34.283780487804876,16.815047661723714,15.65,17.549,22.7875,29.92,40.777499999999996,56.26500000000003,65.55799999999999,exploratory_unweighted_not_clinical_reference
2021-2023,TST_L,LBXSHBG,male,50-59,386,39.23544041450777,17.70016204894119,17.31,20.42,27.09,35.475,47.629999999999995,62.629999999999995,72.30250000000001,exploratory_unweighted_not_clinical_reference
2021-2023,TST_L,LBXSHBG,male,60-69,612,45.63486928104575,21.950737245318187,20.2025,24.43,31.3825,40.69499999999999,55.6225,71.865,84.18449999999999,exploratory_unweighted_not_clinical_reference
2021-2023,TST_L,LBXSHBG,male,70-79,431,50.77032482598609,20.995868882396863,23.229999999999997,27.43,34.905,46.69,62.43,78.39,92.39,exploratory_unweighted_not_clinical_reference
2021-2023,TST_L,LBXSHBG,male,80+,145,61.176,20.81013272823282,28.322,38.519999999999996,47.57,58.15,72.88,90.29199999999999,98.176,exploratory_unweighted_not_clinical_reference
2021-2023,TST_L,LBXTST,female,0-11,353,8.095427762039662,10.652283524715799,0.403,0.403,1.36,4.05,10.0,20.080000000000002,29.859999999999992,exploratory_unweighted_not_clinical_reference
2021-2023,TST_L,LBXTST,female,12-17,346,30.062485549132944,15.880999590927422,12.7,14.0,18.9,26.450000000000003,38.6,50.3,60.825,exploratory_unweighted_not_clinical_reference
2021-2023,TST_L,LBXTST,female,18-29,432,40.60456018518519,63.59371991270142,12.155,15.81,21.2,31.0,43.4,59.39,70.315,exploratory_unweighted_not_clinical_reference
2021-2023,TST_L,LBXTST,female,30-39,469,32.73267803837953,54.868968994642216,11.24,12.98,18.7,24.9,35.3,49.97999999999999,61.69999999999998,exploratory_unweighted_not_clinical_reference
2021-2023,TST_L,LBXTST,female,40-49,421,24.04441805225653,12.242604665910298,9.58,11.6,15.4,21.5,29.9,38.8,49.1,exploratory_unweighted_not_clinical_reference
2021-2023,TST_L,LBXTST,female,50-59,475,21.707816842105263,18.228086475293303,5.816000000000001,7.920000000000001,11.9,18.0,26.2,36.84000000000001,44.949999999999974,exploratory_unweighted_not_clinical_reference
2021-2023,TST_L,LBXTST,female,60-69,741,22.156001349527667,20.942151569779544,6.12,7.96,11.9,17.7,26.6,36.6,45.3,exploratory_unweighted_not_clinical_reference
2021-2023,TST_L,LBXTST,female,70-79,444,23.673085585585586,16.72946091381008,5.543,8.344000000000001,12.475,19.6,30.0,43.08999999999999,55.785,exploratory_unweighted_not_clinical_reference
2021-2023,TST_L,LBXTST,female,80+,157,19.61920382165605,14.32756334193518,4.8500000000000005,7.128,9.97,15.8,23.9,37.96000000000001,49.71999999999997,exploratory_unweighted_not_clinical_reference
2021-2023,TST_L,LBXTST,male,0-11,353,14.00888101983003,49.899252164788216,0.403,0.403,0.899,2.71,7.17,17.88,59.999999999999964,exploratory_unweighted_not_clinical_reference
2021-2023,TST_L,LBXTST,male,12-17,339,397.8965486725663,220.24663424183768,36.19000000000001,127.4,232.5,380.0,529.5,672.5999999999999,776.3999999999992,exploratory_unweighted_not_clinical_reference
2021-2023,TST_L,LBXTST,male,18-29,374,536.4836898395722,281.8434457464093,248.60000000000002,289.3,379.25,504.0,644.5,782.7,906.3999999999992,exploratory_unweighted_not_clinical_reference
2021-2023,TST_L,LBXTST,male,30-39,355,461.570985915493,206.86846001511498,190.6,239.4,317.0,435.0,565.5,701.8000000000003,840.8000000000002,exploratory_unweighted_not_clinical_reference
2021-2023,TST_L,LBXTST,male,40-49,328,490.5365853658537,363.50111719885865,190.10000000000002,241.7,312.75,429.0,575.5,763.6,885.2499999999999,exploratory_unweighted_not_clinical_reference
2021-2023,TST_L,LBXTST,male,50-59,386,450.38860103626945,198.12783299523684,195.0,226.5,301.5,428.5,568.25,706.5,802.25,exploratory_unweighted_not_clinical_reference
2021-2023,TST_L,LBXTST,male,60-69,612,448.31776633986925,213.71477464913735,182.1,220.1,316.0,423.5,549.0,686.9,832.4499999999999,exploratory_unweighted_not_clinical_reference
2021-2023,TST_L,LBXTST,male,70-79,431,420.8217030162413,188.95505935534345,136.0,201.0,297.5,418.0,518.0,659.0,747.0,exploratory_unweighted_not_clinical_reference
2021-2023,TST_L,LBXTST,male,80+,144,399.08611111111105,176.6989164609593,85.13000000000001,162.9,294.75,409.0,509.0,586.0,678.5999999999999,exploratory_unweighted_not_clinical_reference
2021-2023,TST_L,LBDTSTSI,female,0-11,353,0.280871954674221,0.3694157909039349,0.014,0.014,0.0472,0.141,0.347,0.6964,1.0339999999999998,exploratory_unweighted_not_clinical_reference
2021-2023,TST_L,LBDTSTSI,female,12-17,346,1.0431820809248553,0.5510121478155404,0.441,0.486,0.656,0.918,1.34,1.745,2.1075,exploratory_unweighted_not_clinical_reference
2021-2023,TST_L,LBDTSTSI,female,18-29,432,1.4091567129629627,2.2077050798578157,0.42164999999999997,0.5484,0.736,1.08,1.51,2.06,2.439,exploratory_unweighted_not_clinical_reference
2021-2023,TST_L,LBDTSTSI,female,30-39,469,1.1356950959488272,1.904225439478278,0.39020000000000005,0.4504,0.649,0.864,1.22,1.7359999999999995,2.141999999999999,exploratory_unweighted_not_clinical_reference
2021-2023,TST_L,LBDTSTSI,female,40-49,421,0.834418052256532,0.42498304286284083,0.332,0.403,0.534,0.746,1.04,1.35,1.7,exploratory_unweighted_not_clinical_reference
2021-2023,TST_L,LBDTSTSI,female,50-59,475,0.7532054736842105,0.6324210115048047,0.20190000000000002,0.2750000000000001,0.4125,0.625,0.909,1.2760000000000002,1.5559999999999992,exploratory_unweighted_not_clinical_reference
2021-2023,TST_L,LBDTSTSI,female,60-69,741,0.7688001349527664,0.7267611994599893,0.212,0.276,0.413,0.614,0.923,1.27,1.57,exploratory_unweighted_not_clinical_reference
2021-2023,TST_L,LBDTSTSI,female,70-79,444,0.8214490990990991,0.5803855437074213,0.19215000000000002,0.28959999999999997,0.433,0.68,1.0425,1.4939999999999998,1.9384999999999997,exploratory_unweighted_not_clinical_reference
2021-2023,TST_L,LBDTSTSI,female,80+,157,0.6807757961783439,0.49697402248588846,0.1686,0.24780000000000002,0.346,0.548,0.829,1.3200000000000003,1.723999999999999,exploratory_unweighted_not_clinical_reference
2021-2023,TST_L,LBDTSTSI,male,0-11,353,0.4859430594900849,1.7306090375059964,0.014,0.014,0.0312,0.094,0.249,0.6204000000000001,2.0799999999999987,exploratory_unweighted_not_clinical_reference
2021-2023,TST_L,LBDTSTSI,male,12-17,339,13.806819174041298,7.642973410710037,1.2590000000000006,4.420000000000001,8.07,13.2,18.4,23.359999999999996,26.979999999999972,exploratory_unweighted_not_clinical_reference
2021-2023,TST_L,LBDTSTSI,male,18-29,374,18.617754010695187,9.778887433958397,8.631,10.030000000000001,13.2,17.5,22.375,27.169999999999998,31.479999999999972,exploratory_unweighted_not_clinical_reference
2021-2023,TST_L,LBDTSTSI,male,30-39,355,16.016225352112677,7.177742618791464,6.616,8.306,11.0,15.1,19.6,24.34000000000001,29.180000000000007,exploratory_unweighted_not_clinical_reference
2021-2023,TST_L,LBDTSTSI,male,40-49,328,17.0215243902439,12.621666076626413,6.593500000000001,8.388,10.875,14.9,19.95,26.5,30.729999999999997,exploratory_unweighted_not_clinical_reference
2021-2023,TST_L,LBDTSTSI,male,50-59,386,15.627746113989636,6.874209987973242,6.77,7.859999999999999,10.425,14.9,19.675,24.5,27.85,exploratory_unweighted_not_clinical_reference
2021-2023,TST_L,LBDTSTSI,male,60-69,612,15.555046895424834,7.415833092018793,6.3185,7.634,11.0,14.7,19.1,23.8,28.9,exploratory_unweighted_not_clinical_reference
2021-2023,TST_L,LBDTSTSI,male,70-79,431,14.602044315545244,6.555965970150834,4.715,6.97,10.3,14.5,18.0,22.9,25.9,exploratory_unweighted_not_clinical_reference
2021-2023,TST_L,LBDTSTSI,male,80+,144,13.848944444444445,6.133456881040032,2.9535,5.6530000000000005,10.2,14.2,17.650000000000002,20.3,23.525,exploratory_unweighted_not_clinical_reference
2021-2023,VID_L,WTPH2YR,female,0-11,756,28076.849206349198,34927.59389503683,5.397605346934028e-79,5.397605346934028e-79,5.397605346934028e-79,21749.305485552773,42890.29797270256,70318.79000884068,94621.87881886952,exploratory_unweighted_not_clinical_reference
2021-2023,VID_L,WTPH2YR,female,12-17,438,29284.021556688043,23657.814798121042,5.397605346934028e-79,5.397605346934028e-79,14287.255256113724,23794.10060461281,40593.22672389641,62827.09369084728,71568.23538755375,exploratory_unweighted_not_clinical_reference
2021-2023,VID_L,WTPH2YR,female,18-29,499,51021.73859352831,39058.20700469931,5.397605346934028e-79,11768.44109860592,23844.418207840765,43647.056003047626,67217.28355403393,100289.98759207192,128336.63549154904,exploratory_unweighted_not_clinical_reference
2021-2023,VID_L,WTPH2YR,female,30-39,516,43393.53682170544,31693.975812695295,5.397605346934028e-79,13927.212168779075,21624.167446518906,36448.811019791756,55777.374627015466,85044.8908088633,109309.55627492844,exploratory_unweighted_not_clinical_reference
2021-2023,VID_L,WTPH2YR,female,40-49,452,43941.750257295564,28891.769817345452,10792.575207112412,15717.438674472618,23793.68219926675,36216.990236686484,57579.15505490968,81630.31837289427,97702.80887895146,exploratory_unweighted_not_clinical_reference
2021-2023,VID_L,WTPH2YR,female,50-59,512,42506.68922598123,30200.22160841782,10863.132011964406,14636.012479722349,20773.94432627286,34494.97445036457,54440.104631345035,85949.60514306882,104362.19763901073,exploratory_unweighted_not_clinical_reference
2021-2023,VID_L,WTPH2YR,female,60-69,820,25231.174390243916,14793.423867728186,7723.012115210388,11186.932061608875,15249.661412625515,22012.241623617818,32394.311162393395,44272.42544599302,54685.887955632534,exploratory_unweighted_not_clinical_reference
2021-2023,VID_L,WTPH2YR,female,70-79,500,27510.163254846153,15442.873390482779,10359.760370526588,12405.976073044654,16685.05336940466,24411.363925408757,35670.923164091364,45759.78479775405,58429.897096126995,exploratory_unweighted_not_clinical_reference
2021-2023,VID_L,WTPH2YR,female,80+,180,36969.035403205104,21912.185344482277,11650.975943965916,17157.04716048997,22121.012247629566,32395.513124362456,50511.49807377878,64095.32367035081,79122.19786764371,exploratory_unweighted_not_clinical_reference
2021-2023,VID_L,WTPH2YR,male,0-11,772,28993.48575129534,35513.67999957242,5.397605346934028e-79,5.397605346934028e-79,5.397605346934028e-79,22760.352176369557,44259.07533750527,73008.34251405005,95113.29418607093,exploratory_unweighted_not_clinical_reference
2021-2023,VID_L,WTPH2YR,male,12-17,424,31907.01362946765,25663.326935757766,5.397605346934028e-79,5.397605346934028e-79,15606.758895500498,27455.668363404224,43446.26659082035,65543.37916573846,83622.4142451678,exploratory_unweighted_not_clinical_reference
2021-2023,VID_L,WTPH2YR,male,18-29,428,59457.393039966606,47780.1087821328,5.397605346934028e-79,12323.111508249036,28266.396071652776,47209.22099565486,79920.62908524166,122657.4883622632,160003.2773983641,exploratory_unweighted_not_clinical_reference
2021-2023,VID_L,WTPH2YR,male,30-39,389,56496.0,38955.57535357022,5.397605346934028e-79,18892.845013632705,31167.768767369336,46148.24998181362,72879.8043621448,107187.83764823833,135487.92551271713,exploratory_unweighted_not_clinical_reference
2021-2023,VID_L,WTPH2YR,male,40-49,348,56550.92605868841,34629.56006311906,14402.940535895636,20212.937643749137,30945.60524990008,47434.95118485781,75419.42084134214,101262.06486917121,128919.88039132435,exploratory_unweighted_not_clinical_reference
2021-2023,VID_L,WTPH2YR,male,50-59,421,49486.26064507467,36670.05160994841,5.397605346934028e-79,14224.15203414109,23184.75901259775,40676.0870667034,66457.47855278173,101028.44323036204,125006.24804956155,exploratory_unweighted_not_clinical_reference
2021-2023,VID_L,WTPH2YR,male,60-69,659,28792.992412746593,16589.510760815323,6699.168388826386,10839.427708548596,17564.075680116046,26085.020506913108,38554.83483684766,50984.78429809858,58568.724268321814,exploratory_unweighted_not_clinical_reference
2021-2023,VID_L,WTPH2YR,male,70-79,451,25619.44002498151,13283.242207042294,10605.598683175747,12442.503095383372,16357.733787364872,22133.471893698206,32866.59715723893,45290.53858442732,50946.68816256723,exploratory_unweighted_not_clinical_reference
2021-2023,VID_L,WTPH2YR,male,80+,162,28366.947831687277,16817.954960853716,5.397605346934028e-79,9854.420056374076,17654.5622176608,25575.8086983697,38591.170371510816,48058.975958098235,59548.38083054306,exploratory_unweighted_not_clinical_reference
2021-2023,VID_L,LBXVIDMS,female,0-11,395,67.72886075949367,20.822629662442807,33.410000000000004,40.9,52.7,67.5,80.65,94.60000000000004,100.29999999999995,exploratory_unweighted_not_clinical_reference
2021-2023,VID_L,LBXVIDMS,female,12-17,351,56.29017094017094,28.65317227960949,21.35,25.9,38.9,53.5,66.2,87.6,105.5,exploratory_unweighted_not_clinical_reference
2021-2023,VID_L,LBXVIDMS,female,18-29,437,63.52546910755149,29.41621999322795,22.6,26.2,41.1,61.6,79.1,105.0,118.19999999999999,exploratory_unweighted_not_clinical_reference
2021-2023,VID_L,LBXVIDMS,female,30-39,469,67.63710021321963,29.792869509742616,26.540000000000003,32.26,47.5,64.0,82.7,103.19999999999999,117.59999999999997,exploratory_unweighted_not_clinical_reference
2021-2023,VID_L,LBXVIDMS,female,40-49,424,76.47051886792453,34.97566737715214,25.845000000000002,35.690000000000005,52.9,72.1,95.025,124.69999999999999,141.0,exploratory_unweighted_not_clinical_reference
2021-2023,VID_L,LBXVIDMS,female,50-59,483,86.63954451345757,39.45103995231396,31.1,38.78,58.6,81.7,108.0,137.0,158.89999999999998,exploratory_unweighted_not_clinical_reference
2021-2023,VID_L,LBXVIDMS,female,60-69,756,97.4887566137566,39.466934679823815,37.975,51.05,70.825,94.6,117.0,148.5,168.25,exploratory_unweighted_not_clinical_reference
2021-2023,VID_L,LBXVIDMS,female,70-79,450,107.48955555555557,43.58280143696351,44.69,57.67000000000001,79.825,103.0,129.75,164.10000000000002,181.0,exploratory_unweighted_not_clinical_reference
2021-2023,VID_L,LBXVIDMS,female,80+,162,106.19567901234566,39.56444126066989,48.27,55.71,77.975,103.0,125.75,163.70000000000002,172.95,exploratory_unweighted_not_clinical_reference
2021-2023,VID_L,LBXVIDMS,male,0-11,398,71.16532663316583,23.204114630540175,35.955,45.34,57.05,69.2,84.475,97.29,107.14999999999998,exploratory_unweighted_not_clinical_reference
2021-2023,VID_L,LBXVIDMS,male,12-17,339,58.645014749262536,21.225803075455275,26.320000000000004,34.3,44.3,57.7,69.35,84.39999999999999,94.61999999999996,exploratory_unweighted_not_clinical_reference
2021-2023,VID_L,LBXVIDMS,male,18-29,377,59.218037135278514,28.417425979993414,22.240000000000002,27.82,39.3,56.4,72.8,90.32000000000001,106.0,exploratory_unweighted_not_clinical_reference
2021-2023,VID_L,LBXVIDMS,male,30-39,356,61.27724719101123,25.239669519847496,24.375,31.299999999999997,43.575,60.2,75.5,91.55,104.5,exploratory_unweighted_not_clinical_reference
2021-2023,VID_L,LBXVIDMS,male,40-49,329,67.52310030395137,28.39128303817798,24.700000000000003,33.46,49.9,64.7,82.8,96.43999999999998,109.19999999999993,exploratory_unweighted_not_clinical_reference
2021-2023,VID_L,LBXVIDMS,male,50-59,388,73.38582474226804,34.23900838493538,26.705000000000002,32.51,50.55,70.30000000000001,90.45,112.30000000000001,131.64999999999998,exploratory_unweighted_not_clinical_reference
2021-2023,VID_L,LBXVIDMS,male,60-69,613,79.6463295269168,33.82902136729663,34.06,40.620000000000005,56.1,76.3,95.8,120.0,142.0,exploratory_unweighted_not_clinical_reference
2021-2023,VID_L,LBXVIDMS,male,70-79,433,93.64018475750576,34.793802688429174,42.88,52.82,71.3,89.6,111.0,138.0,161.5999999999999,exploratory_unweighted_not_clinical_reference
2021-2023,VID_L,LBXVIDMS,male,80+,147,95.578231292517,35.151765903938816,42.12,60.98,72.1,91.2,114.5,140.4,153.79999999999995,exploratory_unweighted_not_clinical_reference
2021-2023,VID_L,LBXVD2MS,female,0-11,395,2.150430379746836,2.434427682059225,1.57,1.57,1.57,1.57,1.57,2.3360000000000003,4.7969999999999775,exploratory_unweighted_not_clinical_reference
2021-2023,VID_L,LBXVD2MS,female,12-17,351,2.289487179487179,3.386871589658392,1.57,1.57,1.57,1.57,1.57,2.86,5.37,exploratory_unweighted_not_clinical_reference
2021-2023,VID_L,LBXVD2MS,female,18-29,437,3.6581922196796333,9.565192329129722,1.57,1.57,1.57,1.57,2.34,5.888000000000013,9.739999999999991,exploratory_unweighted_not_clinical_reference
2021-2023,VID_L,LBXVD2MS,female,30-39,469,4.251471215351812,10.764918974298327,1.57,1.57,1.57,1.57,2.52,6.961999999999999,15.6,exploratory_unweighted_not_clinical_reference
2021-2023,VID_L,LBXVD2MS,female,40-49,424,4.915117924528301,11.660096568876142,1.57,1.57,1.57,1.57,2.86,8.01,17.51999999999989,exploratory_unweighted_not_clinical_reference
2021-2023,VID_L,LBXVD2MS,female,50-59,483,5.60016563146998,15.990546661860044,1.57,1.57,1.57,1.57,2.2649999999999997,7.438000000000001,20.269999999999946,exploratory_unweighted_not_clinical_reference
2021-2023,VID_L,LBXVD2MS,female,60-69,756,7.683148148148147,22.504967601949087,1.57,1.57,1.57,1.57,2.4125,9.15,41.125,exploratory_unweighted_not_clinical_reference
2021-2023,VID_L,LBXVD2MS,female,70-79,450,6.206666666666667,20.559216152849775,1.57,1.57,1.57,1.57,1.57,5.536000000000001,20.649999999999956,exploratory_unweighted_not_clinical_reference
2021-2023,VID_L,LBXVD2MS,female,80+,162,8.547716049382716,25.548077057481656,1.57,1.57,1.57,1.57,2.4275,15.240000000000009,42.5049999999998,exploratory_unweighted_not_clinical_reference
2021-2023,VID_L,LBXVD2MS,male,0-11,398,2.0429145728643214,2.353441565399879,1.57,1.57,1.57,1.57,1.57,1.57,4.832499999999996,exploratory_unweighted_not_clinical_reference
2021-2023,VID_L,LBXVD2MS,male,12-17,339,1.7989085545722716,1.2863186499183574,1.57,1.57,1.57,1.57,1.57,1.57,2.502999999999999,exploratory_unweighted_not_clinical_reference
2021-2023,VID_L,LBXVD2MS,male,18-29,377,2.4532891246684354,3.781508241220511,1.57,1.57,1.57,1.57,1.57,3.7700000000000085,6.461999999999998,exploratory_unweighted_not_clinical_reference
2021-2023,VID_L,LBXVD2MS,male,30-39,356,3.169719101123595,7.074554198249678,1.57,1.57,1.57,1.57,1.57,4.425000000000001,9.905,exploratory_unweighted_not_clinical_reference
2021-2023,VID_L,LBXVD2MS,male,40-49,329,2.8067173252279636,5.070971564288936,1.57,1.57,1.57,1.57,1.57,4.355999999999999,7.825999999999982,exploratory_unweighted_not_clinical_reference
2021-2023,VID_L,LBXVD2MS,male,50-59,388,3.761082474226804,10.358100145224672,1.57,1.57,1.57,1.57,1.57,4.151000000000002,9.88399999999996,exploratory_unweighted_not_clinical_reference
2021-2023,VID_L,LBXVD2MS,male,60-69,613,5.041321370309951,17.79317220657115,1.57,1.57,1.57,1.57,1.57,5.2120000000000095,13.239999999999986,exploratory_unweighted_not_clinical_reference
2021-2023,VID_L,LBXVD2MS,male,70-79,433,3.9237875288683592,12.815960823329709,1.57,1.57,1.57,1.57,1.57,4.248,9.245999999999986,exploratory_unweighted_not_clinical_reference
2021-2023,VID_L,LBXVD2MS,male,80+,147,3.735986394557823,10.704888504334109,1.57,1.57,1.57,1.57,1.57,2.9060000000000006,8.83499999999998,exploratory_unweighted_not_clinical_reference
2021-2023,VID_L,LBXVD3MS,female,0-11,395,65.538,20.972936254299338,30.960000000000004,38.6,50.5,65.9,79.05,91.10000000000002,98.18999999999998,exploratory_unweighted_not_clinical_reference
2021-2023,VID_L,LBXVD3MS,female,12-17,351,53.94809116809117,28.632356253575512,18.9,22.9,36.05,51.6,64.6,84.3,102.5,exploratory_unweighted_not_clinical_reference
2021-2023,VID_L,LBXVD3MS,female,18-29,437,59.81249427917621,29.031708360410608,19.5,23.32,37.8,57.3,75.9,102.40000000000003,115.19999999999999,exploratory_unweighted_not_clinical_reference
2021-2023,VID_L,LBXVD3MS,female,30-39,469,63.33349680170576,29.92653044538219,21.6,28.98,43.4,60.3,79.1,100.0,113.59999999999997,exploratory_unweighted_not_clinical_reference
2021-2023,VID_L,LBXVD3MS,female,40-49,425,71.55364705882354,34.842705066303374,23.14,30.200000000000003,45.6,67.4,89.7,117.60000000000002,137.5999999999999,exploratory_unweighted_not_clinical_reference
2021-2023,VID_L,LBXVD3MS,female,50-59,483,80.92364389233956,40.87251443803075,23.43,33.42,51.5,77.8,102.5,133.8,156.89999999999998,exploratory_unweighted_not_clinical_reference
2021-2023,VID_L,LBXVD3MS,female,60-69,756,89.6697619047619,41.14395524804548,26.475,37.15,62.9,87.9,111.0,140.0,161.25,exploratory_unweighted_not_clinical_reference
2021-2023,VID_L,LBXVD3MS,female,70-79,450,101.09255555555556,45.42950675117479,31.545,46.03000000000001,73.0,97.5,125.0,161.10000000000002,176.0,exploratory_unweighted_not_clinical_reference
2021-2023,VID_L,LBXVD3MS,female,80+,162,97.44759259259258,42.092431650392044,29.255,42.14,69.75,97.8,117.75,157.8,168.84999999999997,exploratory_unweighted_not_clinical_reference
2021-2023,VID_L,LBXVD3MS,male,0-11,398,69.06959798994976,23.204418612904696,34.085,43.330000000000005,54.6,67.0,82.5,95.69,105.0,exploratory_unweighted_not_clinical_reference
2021-2023,VID_L,LBXVD3MS,male,12-17,339,56.810678466076695,21.231914806325303,24.720000000000002,32.7,42.150000000000006,55.5,67.75,82.66,93.01999999999997,exploratory_unweighted_not_clinical_reference
2021-2023,VID_L,LBXVD3MS,male,18-29,377,56.71909814323607,28.43351252115845,19.22,26.16,36.7,54.4,70.3,87.48,104.0,exploratory_unweighted_not_clinical_reference
2021-2023,VID_L,LBXVD3MS,male,30-39,356,58.06606741573034,25.11440215810089,21.349999999999998,28.25,39.875,56.9,72.575,88.85,101.25,exploratory_unweighted_not_clinical_reference
2021-2023,VID_L,LBXVD3MS,male,40-49,329,64.66282674772036,28.636945386519525,22.4,30.26,47.0,61.9,80.2,93.76,107.19999999999993,exploratory_unweighted_not_clinical_reference
2021-2023,VID_L,LBXVD3MS,male,50-59,388,69.54863402061855,34.68739061443399,23.835,28.64,45.675000000000004,67.05,86.85,109.30000000000001,128.64999999999998,exploratory_unweighted_not_clinical_reference
2021-2023,VID_L,LBXVD3MS,male,60-69,613,74.52290375203914,32.60988081622753,27.400000000000002,34.8,51.5,72.5,92.0,115.0,137.39999999999998,exploratory_unweighted_not_clinical_reference
2021-2023,VID_L,LBXVD3MS,male,70-79,433,89.58083140877598,35.67675321098502,35.78,46.04,66.8,86.9,108.0,135.0,157.39999999999998,exploratory_unweighted_not_clinical_reference
2021-2023,VID_L,LBXVD3MS,male,80+,147,91.67619047619047,35.45743798804136,32.68000000000001,54.30000000000001,67.95,88.3,112.5,138.0,148.7,exploratory_unweighted_not_clinical_reference
2021-2023,VID_L,LBXVE3MS,female,0-11,395,4.697012658227848,2.6633925900384736,1.67,1.9860000000000002,2.895,4.11,5.865,7.74,9.372999999999994,exploratory_unweighted_not_clinical_reference
2021-2023,VID_L,LBXVE3MS,female,12-17,349,3.334355300859599,2.670846533728937,1.04,1.18,1.77,2.67,3.79,5.927999999999997,8.143999999999998,exploratory_unweighted_not_clinical_reference
2021-2023,VID_L,LBXVE3MS,female,18-29,431,3.587494199535963,2.9271047262533414,1.0,1.18,1.795,2.78,4.36,6.23,9.32,exploratory_unweighted_not_clinical_reference
2021-2023,VID_L,LBXVE3MS,female,30-39,465,3.6349032258064518,2.706435665226706,1.072,1.3080000000000003,1.94,2.89,4.43,6.588000000000001,8.79599999999999,exploratory_unweighted_not_clinical_reference
2021-2023,VID_L,LBXVE3MS,female,40-49,422,4.3970142180094784,3.576435159639244,1.002,1.342,2.1325,3.45,5.2575,8.796000000000005,11.584999999999996,exploratory_unweighted_not_clinical_reference
2021-2023,VID_L,LBXVE3MS,female,50-59,474,5.424599156118143,4.575227757784504,1.1965,1.616,2.4875,4.0,6.79,11.4,14.30999999999998,exploratory_unweighted_not_clinical_reference
2021-2023,VID_L,LBXVE3MS,female,60-69,745,6.129664429530202,4.682011104070446,1.382,1.814,3.23,5.19,7.93,11.6,13.579999999999995,exploratory_unweighted_not_clinical_reference
2021-2023,VID_L,LBXVE3MS,female,70-79,443,7.215237020316028,5.094216144062529,1.5610000000000002,2.172,3.65,6.36,9.065000000000001,13.2,16.179999999999996,exploratory_unweighted_not_clinical_reference
2021-2023,VID_L,LBXVE3MS,female,80+,155,7.242774193548386,4.513161781596375,1.395,2.348,3.99,6.33,9.350000000000001,13.52,16.229999999999997,exploratory_unweighted_not_clinical_reference
2021-2023,VID_L,LBXVE3MS,male,0-11,397,4.864911838790932,2.794568379746085,1.966,2.246,3.06,4.21,6.11,8.012,9.762,exploratory_unweighted_not_clinical_reference
2021-2023,VID_L,LBXVE3MS,male,12-17,339,3.6557522123893804,2.6544625165990037,1.298,1.518,2.09,3.06,4.55,6.107999999999999,7.5119999999999925,exploratory_unweighted_not_clinical_reference
2021-2023,VID_L,LBXVE3MS,male,18-29,377,3.567161803713528,2.659790956796476,0.978,1.276,1.92,2.9,4.36,6.548000000000001,7.987999999999998,exploratory_unweighted_not_clinical_reference
2021-2023,VID_L,LBXVE3MS,male,30-39,354,3.747372881355932,2.5587321227246633,1.2195,1.496,1.9825,3.18,4.565,6.23,8.893999999999993,exploratory_unweighted_not_clinical_reference
2021-2023,VID_L,LBXVE3MS,male,40-49,325,4.337384615384615,3.478291884668072,1.174,1.554,2.31,3.54,5.25,7.452000000000001,10.280000000000001,exploratory_unweighted_not_clinical_reference
2021-2023,VID_L,LBXVE3MS,male,50-59,387,4.654702842377261,3.485877444280895,1.2630000000000001,1.566,2.41,3.79,5.675000000000001,9.09,11.439999999999998,exploratory_unweighted_not_clinical_reference
2021-2023,VID_L,LBXVE3MS,male,60-69,605,5.0897190082644626,3.557343689638511,1.596,1.904,2.71,4.12,6.37,9.614000000000003,12.0,exploratory_unweighted_not_clinical_reference
2021-2023,VID_L,LBXVE3MS,male,70-79,429,6.33020979020979,4.468143491909862,1.904,2.35,3.42,5.3,7.86,11.1,13.359999999999998,exploratory_unweighted_not_clinical_reference
2021-2023,VID_L,LBXVE3MS,male,80+,146,6.0695205479452055,3.7129434985887952,1.5675,2.585,3.71,5.175000000000001,7.467499999999999,11.75,13.025,exploratory_unweighted_not_clinical_reference
2021-2023,BMX_L,BMXWT,female,0-11,809,26.42805933250927,15.145630233331069,8.440000000000001,10.2,15.5,23.0,33.6,47.34,57.819999999999936,exploratory_unweighted_not_clinical_reference
2021-2023,BMX_L,BMXWT,female,12-17,436,61.98577981651377,18.584504225873843,41.075,44.2,49.775,57.8,69.1,85.5,99.25,exploratory_unweighted_not_clinical_reference
2021-2023,BMX_L,BMXWT,female,18-29,484,74.4321694214876,22.760019522368772,47.045,50.730000000000004,58.6,68.9,83.525,107.94,119.63499999999996,exploratory_unweighted_not_clinical_reference
2021-2023,BMX_L,BMXWT,female,30-39,512,82.23710937499999,24.87872482597304,52.2,56.51,64.375,76.3,94.125,117.09,130.715,exploratory_unweighted_not_clinical_reference
2021-2023,BMX_L,BMXWT,female,40-49,443,80.36591422121896,23.48049326649409,52.339999999999996,55.52,63.85,74.5,92.4,111.58,124.17,exploratory_unweighted_not_clinical_reference
2021-2023,BMX_L,BMXWT,female,50-59,506,81.46798418972332,22.587061105726193,51.5,56.45,64.325,78.30000000000001,95.1,111.25,121.375,exploratory_unweighted_not_clinical_reference
2021-2023,BMX_L,BMXWT,female,60-69,810,78.36592592592592,19.91235615785275,52.19,55.9,63.824999999999996,75.0,90.7,105.2,110.81999999999998,exploratory_unweighted_not_clinical_reference
2021-2023,BMX_L,BMXWT,female,70-79,494,74.54433198380568,17.436001733465183,50.8,54.86,62.225,72.15,84.0,98.14,104.2,exploratory_unweighted_not_clinical_reference
2021-2023,BMX_L,BMXWT,female,80+,174,67.46149425287356,14.938512127220413,46.595,48.96,57.3,65.75,75.925,87.4,94.21,exploratory_unweighted_not_clinical_reference
2021-2023,BMX_L,BMXWT,male,0-11,838,26.254057279236278,15.274175314808055,8.8,10.8,15.6,22.75,32.8,44.34000000000005,56.92999999999999,exploratory_unweighted_not_clinical_reference
2021-2023,BMX_L,BMXWT,male,12-17,423,69.40118203309693,21.69584500642035,41.349999999999994,46.5,54.1,65.1,81.4,98.88000000000001,109.03999999999998,exploratory_unweighted_not_clinical_reference
2021-2023,BMX_L,BMXWT,male,18-29,424,83.80896226415095,22.45698414707603,54.415,58.3,67.775,80.15,95.625,112.37,128.01999999999995,exploratory_unweighted_not_clinical_reference
2021-2023,BMX_L,BMXWT,male,30-39,385,90.28233766233765,22.097073942329345,62.4,67.92,75.9,86.4,99.4,119.74000000000001,132.48,exploratory_unweighted_not_clinical_reference
2021-2023,BMX_L,BMXWT,male,40-49,347,93.93804034582132,25.41040805983158,63.83,68.46,77.0,88.1,105.7,124.68,137.67,exploratory_unweighted_not_clinical_reference
2021-2023,BMX_L,BMXWT,male,50-59,415,92.19662650602409,23.718585390783225,60.81,67.42,76.15,87.4,102.75,122.52000000000008,142.6,exploratory_unweighted_not_clinical_reference
2021-2023,BMX_L,BMXWT,male,60-69,651,89.27741935483871,20.00276742639978,62.55,66.7,75.35,86.3,99.5,114.9,125.15,exploratory_unweighted_not_clinical_reference
2021-2023,BMX_L,BMXWT,male,70-79,446,87.26547085201794,18.506547171332812,61.225,65.9,74.14999999999999,85.35,96.475,111.9,121.875,exploratory_unweighted_not_clinical_reference
2021-2023,BMX_L,BMXWT,male,80+,157,80.48216560509555,15.818637592412676,56.98,61.98,68.8,78.4,88.6,99.6,109.05999999999997,exploratory_unweighted_not_clinical_reference
2021-2023,BMX_L,BMXRECUM,female,0-11,216,83.18657407407409,14.619905364249243,59.2,62.45,72.05,82.0,94.925,100.9,106.1,exploratory_unweighted_not_clinical_reference
2021-2023,BMX_L,BMXRECUM,male,0-11,238,85.36764705882354,13.475102980960136,64.255,67.64,74.225,86.15,96.275,101.6,104.86499999999998,exploratory_unweighted_not_clinical_reference
2021-2023,BMX_L,BMXHEAD,female,0-11,36,40.96111111111112,2.590893698847978,37.0,38.1,39.25,41.1,42.8,44.05,44.6,exploratory_unweighted_not_clinical_reference
2021-2023,BMX_L,BMXHEAD,male,0-11,34,42.961764705882345,2.6710586603819517,37.78,38.61,41.75,43.9,44.975,45.67,46.1,exploratory_unweighted_not_clinical_reference
2021-2023,BMX_L,BMXHT,female,0-11,680,124.13661764705881,19.527465579527448,92.39,97.89,109.4,124.25,139.15,149.41,155.605,exploratory_unweighted_not_clinical_reference
2021-2023,BMX_L,BMXHT,female,12-17,437,159.07139588100688,7.144073127090199,148.16,150.6,154.3,159.2,164.2,167.54,170.14,exploratory_unweighted_not_clinical_reference
2021-2023,BMX_L,BMXHT,female,18-29,485,162.74948453608246,6.837504796428738,151.26,154.0,158.1,162.7,167.4,171.56,174.38,exploratory_unweighted_not_clinical_reference
2021-2023,BMX_L,BMXHT,female,30-39,511,162.49921722113504,7.01316684458436,150.7,153.2,158.0,162.7,167.5,170.9,173.45,exploratory_unweighted_not_clinical_reference
2021-2023,BMX_L,BMXHT,female,40-49,444,161.5761261261261,7.021824561584585,149.415,152.4,157.0,161.85000000000002,166.2,170.37,172.87999999999997,exploratory_unweighted_not_clinical_reference
2021-2023,BMX_L,BMXHT,female,50-59,507,160.9873767258383,7.088029101489914,149.43,151.76,156.3,160.9,165.9,170.34,172.37,exploratory_unweighted_not_clinical_reference
2021-2023,BMX_L,BMXHT,female,60-69,816,160.50514705882352,6.811822849318265,149.575,151.7,155.775,160.4,165.1,169.3,171.27499999999998,exploratory_unweighted_not_clinical_reference
2021-2023,BMX_L,BMXHT,female,70-79,496,158.16834677419354,6.24770390863794,148.5,150.75,154.5,158.0,162.3,165.75,168.2,exploratory_unweighted_not_clinical_reference
2021-2023,BMX_L,BMXHT,female,80+,176,156.16477272727272,7.216671805482909,143.6,145.64999999999998,151.2,156.75,161.7,165.14999999999998,166.6,exploratory_unweighted_not_clinical_reference
2021-2023,BMX_L,BMXHT,male,0-11,699,123.44091559370531,18.985615494950164,91.85000000000001,97.28,108.7,125.1,137.8,148.22,152.9,exploratory_unweighted_not_clinical_reference
2021-2023,BMX_L,BMXHT,male,12-17,421,169.36959619952495,9.756527830778092,151.4,155.7,163.7,170.2,175.8,180.9,185.1,exploratory_unweighted_not_clinical_reference
2021-2023,BMX_L,BMXHT,male,18-29,424,175.9853773584906,7.656102703354288,163.43,167.0,170.875,175.8,181.1,185.77,188.3,exploratory_unweighted_not_clinical_reference
2021-2023,BMX_L,BMXHT,male,30-39,385,175.8077922077922,7.503658243819697,163.0,166.3,171.1,175.9,181.0,185.16,187.07999999999998,exploratory_unweighted_not_clinical_reference
2021-2023,BMX_L,BMXHT,male,40-49,348,175.939367816092,8.328093952323705,161.635,166.67,170.67499999999998,176.05,182.025,186.5,189.195,exploratory_unweighted_not_clinical_reference
2021-2023,BMX_L,BMXHT,male,50-59,417,174.42757793764986,7.357099013766107,162.76000000000002,164.8,169.3,174.9,179.6,183.84,185.9,exploratory_unweighted_not_clinical_reference
2021-2023,BMX_L,BMXHT,male,60-69,652,174.379754601227,7.540425894731804,161.51,164.81,169.5,174.64999999999998,179.7,184.19,186.57999999999998,exploratory_unweighted_not_clinical_reference
2021-2023,BMX_L,BMXHT,male,70-79,446,172.44484304932735,7.3041196839409475,159.9,162.6,167.7,172.75,177.1,181.35,184.3,exploratory_unweighted_not_clinical_reference
2021-2023,BMX_L,BMXHT,male,80+,155,170.06064516129032,7.300884991491523,157.81,160.1,165.85000000000002,169.9,174.75,179.18,182.39000000000001,exploratory_unweighted_not_clinical_reference
2021-2023,BMX_L,BMXBMI,female,0-11,680,18.17220588235294,4.074310605360022,14.095,14.49,15.4,16.8,19.7,24.1,26.8,exploratory_unweighted_not_clinical_reference
2021-2023,BMX_L,BMXBMI,female,12-17,436,24.37981651376147,6.65387319326139,17.1,18.05,19.775,22.7,26.85,33.3,37.3,exploratory_unweighted_not_clinical_reference
2021-2023,BMX_L,BMXBMI,female,18-29,483,28.075983436853004,8.245630228105446,18.41,19.9,22.2,26.1,32.05,40.28,44.72999999999998,exploratory_unweighted_not_clinical_reference
2021-2023,BMX_L,BMXBMI,female,30-39,511,31.04050880626223,8.93772040372255,19.9,21.6,24.6,29.1,35.4,43.5,48.5,exploratory_unweighted_not_clinical_reference
2021-2023,BMX_L,BMXBMI,female,40-49,442,30.730090497737557,8.710903558650969,19.805,21.630000000000003,24.7,28.5,35.2,41.1,46.089999999999996,exploratory_unweighted_not_clinical_reference
2021-2023,BMX_L,BMXBMI,female,50-59,506,31.384584980237154,8.31387242973529,20.150000000000002,22.1,25.0,30.3,35.9,42.4,45.975,exploratory_unweighted_not_clinical_reference
2021-2023,BMX_L,BMXBMI,female,60-69,810,30.38506172839506,7.357440273333229,20.4,22.1,25.0,29.2,35.2,40.2,42.855,exploratory_unweighted_not_clinical_reference
2021-2023,BMX_L,BMXBMI,female,70-79,493,29.825963488843815,6.855172468127254,20.76,22.2,24.9,28.5,33.7,38.36,42.339999999999996,exploratory_unweighted_not_clinical_reference
2021-2023,BMX_L,BMXBMI,female,80+,173,27.68728323699422,5.7701477264962175,19.36,21.4,23.6,27.0,31.3,34.68000000000001,37.14,exploratory_unweighted_not_clinical_reference
2021-2023,BMX_L,BMXBMI,male,0-11,699,18.26437768240343,4.42314228634258,14.3,14.7,15.6,16.8,19.2,24.220000000000002,27.610000000000003,exploratory_unweighted_not_clinical_reference
2021-2023,BMX_L,BMXBMI,male,12-17,421,24.05486935866983,6.757733227625174,16.5,17.5,19.5,22.1,27.5,33.4,36.6,exploratory_unweighted_not_clinical_reference
2021-2023,BMX_L,BMXBMI,male,18-29,424,26.963443396226417,6.662509940405966,18.6,19.7,22.1,25.6,30.825,35.709999999999994,39.585,exploratory_unweighted_not_clinical_reference
2021-2023,BMX_L,BMXBMI,male,30-39,385,29.18961038961039,6.714586586297907,20.919999999999998,22.44,24.6,27.5,32.5,38.1,42.35999999999997,exploratory_unweighted_not_clinical_reference
2021-2023,BMX_L,BMXBMI,male,40-49,347,30.219308357348698,7.407409318719032,21.86,23.1,25.35,28.6,33.3,38.76000000000001,44.339999999999996,exploratory_unweighted_not_clinical_reference
2021-2023,BMX_L,BMXBMI,male,50-59,415,30.244096385542168,7.225746210590719,21.17,22.740000000000002,25.3,28.6,33.5,40.06,45.27999999999997,exploratory_unweighted_not_clinical_reference
2021-2023,BMX_L,BMXBMI,male,60-69,650,29.30215384615385,5.999295924870563,21.59,22.8,25.225,28.3,32.2,37.4,40.5,exploratory_unweighted_not_clinical_reference
2021-2023,BMX_L,BMXBMI,male,70-79,444,29.254054054054052,5.5534591954426284,21.615000000000002,22.73,25.275,28.7,32.225,36.37,40.25499999999999,exploratory_unweighted_not_clinical_reference
2021-2023,BMX_L,BMXBMI,male,80+,152,27.573026315789477,4.611373362751451,21.055,22.35,24.6,26.9,30.1,32.6,34.845,exploratory_unweighted_not_clinical_reference
2021-2023,BMX_L,BMXLEG,female,0-11,279,33.4921146953405,3.2199147919429794,28.29,29.0,31.3,33.4,35.9,37.64,38.91,exploratory_unweighted_not_clinical_reference
2021-2023,BMX_L,BMXLEG,female,12-17,416,37.65504807692308,2.5012813097398947,33.95,34.8,36.0,37.5,39.425,40.8,41.849999999999994,exploratory_unweighted_not_clinical_reference
2021-2023,BMX_L,BMXLEG,female,18-29,466,38.21630901287554,2.565836781700503,34.0,35.0,36.5,38.2,40.0,41.3,42.5,exploratory_unweighted_not_clinical_reference
2021-2023,BMX_L,BMXLEG,female,30-39,483,37.685714285714276,2.9596285753604454,32.82,34.1,35.7,37.7,39.5,41.5,42.78999999999999,exploratory_unweighted_not_clinical_reference
2021-2023,BMX_L,BMXLEG,female,40-49,421,36.93729216152019,2.6548179531633447,32.5,33.5,35.0,37.0,38.9,40.0,41.0,exploratory_unweighted_not_clinical_reference
2021-2023,BMX_L,BMXLEG,female,50-59,485,36.31443298969072,2.872734094163422,31.419999999999998,32.6,34.5,36.5,38.1,40.1,40.779999999999994,exploratory_unweighted_not_clinical_reference
2021-2023,BMX_L,BMXLEG,female,60-69,770,35.916753246753245,2.816552846838429,31.145,32.4,34.2,36.1,37.8,39.4,40.2,exploratory_unweighted_not_clinical_reference
2021-2023,BMX_L,BMXLEG,female,70-79,461,35.390889370932754,2.7191677656471667,31.1,31.8,33.5,35.5,37.3,38.5,39.5,exploratory_unweighted_not_clinical_reference
2021-2023,BMX_L,BMXLEG,female,80+,153,35.091503267973856,2.7104317900430726,30.32,31.5,33.6,35.0,37.0,38.080000000000005,39.64,exploratory_unweighted_not_clinical_reference
2021-2023,BMX_L,BMXLEG,male,0-11,306,33.1124183006536,3.4544876066431143,28.0,29.0,30.5,32.650000000000006,35.5,37.650000000000006,38.875,exploratory_unweighted_not_clinical_reference
2021-2023,BMX_L,BMXLEG,male,12-17,402,40.994776119402985,3.149856122214194,36.0,36.8,38.9,41.0,43.375,45.0,46.19,exploratory_unweighted_not_clinical_reference
2021-2023,BMX_L,BMXLEG,male,18-29,411,42.10097323600973,2.8440608251812622,37.5,38.5,40.0,42.0,44.2,45.7,46.55,exploratory_unweighted_not_clinical_reference
2021-2023,BMX_L,BMXLEG,male,30-39,374,41.717112299465235,2.7791306147696972,37.5,38.230000000000004,39.7,41.7,43.7,45.2,46.0,exploratory_unweighted_not_clinical_reference
2021-2023,BMX_L,BMXLEG,male,40-49,331,41.03353474320242,2.9646491766237566,35.8,37.5,39.2,41.1,43.0,44.6,45.6,exploratory_unweighted_not_clinical_reference
2021-2023,BMX_L,BMXLEG,male,50-59,397,40.46347607052897,3.0044665415930654,35.4,36.4,38.4,40.5,42.5,44.24,45.22,exploratory_unweighted_not_clinical_reference
2021-2023,BMX_L,BMXLEG,male,60-69,618,40.3331715210356,3.0971859407746583,35.0,36.269999999999996,38.3,40.5,42.5,44.1,45.2,exploratory_unweighted_not_clinical_reference
2021-2023,BMX_L,BMXLEG,male,70-79,425,39.316705882352935,2.87960107145827,34.42,35.5,37.4,39.5,41.2,42.760000000000005,43.58,exploratory_unweighted_not_clinical_reference
2021-2023,BMX_L,BMXLEG,male,80+,137,39.14744525547445,2.792507841159427,34.580000000000005,35.9,37.2,39.3,41.2,42.38,43.54,exploratory_unweighted_not_clinical_reference
2021-2023,BMX_L,BMXARML,female,0-11,777,24.62599742599743,6.010409232254375,14.0,16.0,20.5,25.0,28.9,32.2,33.65999999999998,exploratory_unweighted_not_clinical_reference
2021-2023,BMX_L,BMXARML,female,12-17,426,34.976056338028165,2.2432307450732942,31.4,32.0,33.5,35.0,36.5,37.9,38.475,exploratory_unweighted_not_clinical_reference
2021-2023,BMX_L,BMXARML,female,18-29,480,35.88145833333333,2.136893819680828,32.294999999999995,33.09,34.5,35.8,37.225,39.0,39.5,exploratory_unweighted_not_clinical_reference
2021-2023,BMX_L,BMXARML,female,30-39,500,36.2286,2.2863281989396302,32.5,33.2,34.5,36.3,38.0,39.0,39.904999999999994,exploratory_unweighted_not_clinical_reference
2021-2023,BMX_L,BMXARML,female,40-49,437,35.99725400457666,2.3568642209461066,32.28,33.0,34.4,36.0,37.5,39.14000000000001,39.62,exploratory_unweighted_not_clinical_reference
2021-2023,BMX_L,BMXARML,female,50-59,500,36.1412,2.4293592019840395,32.095,33.3,34.575,36.0,37.8,39.2,40.0,exploratory_unweighted_not_clinical_reference
2021-2023,BMX_L,BMXARML,female,60-69,800,36.2615,2.2796356448655732,32.595,33.2,34.6,36.3,37.7,39.1,40.0,exploratory_unweighted_not_clinical_reference
2021-2023,BMX_L,BMXARML,female,70-79,482,36.04190871369294,2.275757370440246,32.4,33.4,34.5,36.1,37.4,38.7,39.989999999999995,exploratory_unweighted_not_clinical_reference
2021-2023,BMX_L,BMXARML,female,80+,168,35.80119047619048,2.253433523789042,32.035000000000004,32.67,34.4,36.0,37.1,38.4,39.53,exploratory_unweighted_not_clinical_reference
2021-2023,BMX_L,BMXARML,male,0-11,796,24.60075376884422,5.829525752606317,14.5,16.0,20.5,25.0,29.1,32.150000000000006,33.824999999999996,exploratory_unweighted_not_clinical_reference
2021-2023,BMX_L,BMXARML,male,12-17,413,37.490072639225176,2.763268650617857,32.92,33.72,35.5,37.6,39.3,41.0,41.879999999999995,exploratory_unweighted_not_clinical_reference
2021-2023,BMX_L,BMXARML,male,18-29,420,39.102619047619044,2.4158817791847147,35.2,36.0,37.5,39.2,40.5,42.0,43.1,exploratory_unweighted_not_clinical_reference
2021-2023,BMX_L,BMXARML,male,30-39,381,39.29527559055118,2.2776092590714225,35.6,36.8,38.0,39.2,40.6,42.0,42.9,exploratory_unweighted_not_clinical_reference
2021-2023,BMX_L,BMXARML,male,40-49,343,39.45597667638484,2.5343633915885087,35.41,36.2,37.8,39.6,41.0,42.5,43.38999999999999,exploratory_unweighted_not_clinical_reference
2021-2023,BMX_L,BMXARML,male,50-59,416,39.556971153846156,2.3496012395102417,35.875,36.5,38.0,39.5,41.0,42.55,43.025,exploratory_unweighted_not_clinical_reference
2021-2023,BMX_L,BMXARML,male,60-69,641,39.817160686427464,2.4553230542439883,36.0,36.6,38.1,39.9,41.5,42.9,43.8,exploratory_unweighted_not_clinical_reference
2021-2023,BMX_L,BMXARML,male,70-79,436,39.599999999999994,2.4532315071322164,35.5,36.25,38.0,39.6,41.2,43.0,44.0,exploratory_unweighted_not_clinical_reference
2021-2023,BMX_L,BMXARML,male,80+,152,39.68223684210526,2.6737403910315733,35.5,36.41,37.775,39.7,41.2,43.39,44.0,exploratory_unweighted_not_clinical_reference
2021-2023,BMX_L,BMXARMC,female,0-11,774,19.993540051679588,4.51407568631246,14.5,15.4,16.7,18.95,22.3,26.640000000000008,29.0,exploratory_unweighted_not_clinical_reference
2021-2023,BMX_L,BMXARMC,female,12-17,426,28.346009389671362,5.143040578344668,21.625,22.9,24.825,27.3,31.175,35.25,39.375,exploratory_unweighted_not_clinical_reference
2021-2023,BMX_L,BMXARMC,female,18-29,480,31.745416666666667,6.069178425218105,23.795,25.0,27.2,30.7,35.0,40.11000000000001,44.404999999999994,exploratory_unweighted_not_clinical_reference
2021-2023,BMX_L,BMXARMC,female,30-39,500,34.119600000000005,6.357774645021145,25.6,26.6,29.8,33.0,37.625,43.71000000000001,46.209999999999994,exploratory_unweighted_not_clinical_reference
2021-2023,BMX_L,BMXARMC,female,40-49,437,33.529977116704806,5.891880842469616,25.4,26.6,29.3,32.5,36.8,41.3,44.08,exploratory_unweighted_not_clinical_reference
2021-2023,BMX_L,BMXARMC,female,50-59,500,33.765800000000006,5.776291322543019,25.6,27.0,29.5,33.2,37.225,41.120000000000005,44.30999999999999,exploratory_unweighted_not_clinical_reference
2021-2023,BMX_L,BMXARMC,female,60-69,801,33.043570536828966,5.305837514976391,25.6,27.0,29.1,32.5,36.3,40.2,42.3,exploratory_unweighted_not_clinical_reference
2021-2023,BMX_L,BMXARMC,female,70-79,481,32.325155925155926,4.790434395165714,25.3,26.6,28.8,31.8,35.3,39.1,40.7,exploratory_unweighted_not_clinical_reference
2021-2023,BMX_L,BMXARMC,female,80+,167,29.669461077844307,4.55227617599285,22.330000000000002,23.76,26.65,29.3,32.7,35.14,37.269999999999996,exploratory_unweighted_not_clinical_reference
2021-2023,BMX_L,BMXARMC,male,0-11,796,19.82211055276382,4.669452562996778,14.8,15.25,16.7,18.5,21.7,26.2,30.325,exploratory_unweighted_not_clinical_reference
2021-2023,BMX_L,BMXARMC,male,12-17,413,29.64067796610169,5.474662868143468,21.96,23.22,25.8,28.8,33.3,37.38,39.739999999999995,exploratory_unweighted_not_clinical_reference
2021-2023,BMX_L,BMXARMC,male,18-29,420,33.39738095238095,5.140839135241781,25.6,27.19,29.5,33.0,36.725,40.0,42.205,exploratory_unweighted_not_clinical_reference
2021-2023,BMX_L,BMXARMC,male,30-39,381,35.18136482939633,4.757646944459855,27.8,29.7,32.1,34.7,38.0,41.4,43.7,exploratory_unweighted_not_clinical_reference
2021-2023,BMX_L,BMXARMC,male,40-49,343,35.72244897959184,4.829114051559985,28.71,30.02,32.6,35.0,38.6,42.080000000000005,44.379999999999995,exploratory_unweighted_not_clinical_reference
2021-2023,BMX_L,BMXARMC,male,50-59,415,35.105542168674695,4.885490015181168,28.37,29.7,31.65,34.7,37.95,41.4,44.42999999999999,exploratory_unweighted_not_clinical_reference
2021-2023,BMX_L,BMXARMC,male,60-69,641,33.97254290171607,4.216729470786238,27.7,28.9,31.0,33.5,36.4,39.4,41.4,exploratory_unweighted_not_clinical_reference
2021-2023,BMX_L,BMXARMC,male,70-79,436,33.3,4.103533660852208,27.275,28.3,30.4,33.1,35.9,39.0,40.275000000000006,exploratory_unweighted_not_clinical_reference
2021-2023,BMX_L,BMXARMC,male,80+,151,31.36556291390729,3.8354494974751163,25.75,26.9,28.65,31.1,33.8,36.4,37.8,exploratory_unweighted_not_clinical_reference
2021-2023,BMX_L,BMXWAIST,female,0-11,661,61.37231467473526,12.269479463319941,46.9,49.3,52.5,58.4,67.4,79.7,87.4,exploratory_unweighted_not_clinical_reference
2021-2023,BMX_L,BMXWAIST,female,12-17,416,80.58485576923077,13.993075274642024,64.475,66.45,70.475,77.25,87.525,100.2,108.5,exploratory_unweighted_not_clinical_reference
2021-2023,BMX_L,BMXWAIST,female,18-29,470,90.3595744680851,18.470674729918535,67.545,70.5,76.825,86.0,99.375,118.05000000000001,127.155,exploratory_unweighted_not_clinical_reference
2021-2023,BMX_L,BMXWAIST,female,30-39,490,98.40551020408162,19.330713195406034,73.0,76.7,84.1,94.3,108.825,127.71000000000001,135.03499999999994,exploratory_unweighted_not_clinical_reference
2021-2023,BMX_L,BMXWAIST,female,40-49,421,98.1686460807601,17.668339057967504,74.3,76.8,84.8,95.5,109.2,122.2,133.3,exploratory_unweighted_not_clinical_reference
2021-2023,BMX_L,BMXWAIST,female,50-59,491,101.69022403258654,17.263789701211785,77.15,80.5,88.35,101.2,113.15,123.9,131.55,exploratory_unweighted_not_clinical_reference
2021-2023,BMX_L,BMXWAIST,female,60-69,782,101.05933503836316,15.66217733231922,77.31,81.71000000000001,89.225,100.2,111.4,121.88,126.37499999999997,exploratory_unweighted_not_clinical_reference
2021-2023,BMX_L,BMXWAIST,female,70-79,465,99.98989247311829,14.422259084501361,77.72,81.67999999999999,89.5,99.5,109.3,118.96000000000001,124.35999999999997,exploratory_unweighted_not_clinical_reference
2021-2023,BMX_L,BMXWAIST,female,80+,162,96.67469135802469,13.012837959780429,76.83,79.93,88.75,94.75,107.075,112.33000000000001,119.285,exploratory_unweighted_not_clinical_reference
2021-2023,BMX_L,BMXWAIST,male,0-11,684,61.0453216374269,13.428520981041508,46.7,48.53,51.8,56.75,66.3,79.97000000000001,90.87,exploratory_unweighted_not_clinical_reference
2021-2023,BMX_L,BMXWAIST,male,12-17,410,82.88829268292682,16.367720021176847,62.89,65.77,70.25,78.55,92.5,108.43,114.77499999999998,exploratory_unweighted_not_clinical_reference
2021-2023,BMX_L,BMXWAIST,male,18-29,415,92.5342168674699,16.98662688836846,70.5,73.94,79.55,88.9,102.55,114.88000000000001,124.4,exploratory_unweighted_not_clinical_reference
2021-2023,BMX_L,BMXWAIST,male,30-39,378,100.1931216931217,16.59185365580997,77.985,82.1,88.8,97.6,109.57499999999999,123.66,130.06,exploratory_unweighted_not_clinical_reference
2021-2023,BMX_L,BMXWAIST,male,40-49,340,103.55147058823529,17.512041307378897,81.39500000000001,84.38000000000001,91.45,100.55,112.8,124.81,136.03500000000003,exploratory_unweighted_not_clinical_reference
2021-2023,BMX_L,BMXWAIST,male,50-59,407,106.07125307125307,17.352567821573256,81.0,86.06,93.9,104.2,114.9,130.28000000000003,138.79999999999998,exploratory_unweighted_not_clinical_reference
2021-2023,BMX_L,BMXWAIST,male,60-69,631,105.49841521394612,14.990473081219028,84.35,87.6,95.4,104.3,113.2,124.8,134.15,exploratory_unweighted_not_clinical_reference
2021-2023,BMX_L,BMXWAIST,male,70-79,429,107.31235431235432,14.664881482082125,85.7,89.08,96.5,106.5,116.8,126.91999999999999,132.82,exploratory_unweighted_not_clinical_reference
2021-2023,BMX_L,BMXWAIST,male,80+,138,103.25144927536232,12.399336193129653,84.52,88.87,95.05,101.9,111.25,120.86,124.52000000000001,exploratory_unweighted_not_clinical_reference
2021-2023,BMX_L,BMXHIP,female,12-17,415,97.05421686746988,12.552372422419426,81.86,84.64,88.35,94.5,103.35,112.56,121.88999999999999,exploratory_unweighted_not_clinical_reference
2021-2023,BMX_L,BMXHIP,female,18-29,467,106.38907922912205,15.11833539217165,86.58,90.0,95.5,103.9,113.45,128.48000000000005,135.21,exploratory_unweighted_not_clinical_reference
2021-2023,BMX_L,BMXHIP,female,30-39,483,111.9639751552795,16.711453644747465,91.1,94.1,100.0,109.0,120.3,135.3,143.95999999999998,exploratory_unweighted_not_clinical_reference
2021-2023,BMX_L,BMXHIP,female,40-49,421,110.53729216152018,15.685919111242361,90.0,92.9,98.9,107.0,121.0,131.3,139.7,exploratory_unweighted_not_clinical_reference
2021-2023,BMX_L,BMXHIP,female,50-59,490,111.72469387755102,16.21114837714122,89.045,93.3,99.825,109.35,121.3,134.32000000000002,141.15499999999997,exploratory_unweighted_not_clinical_reference
2021-2023,BMX_L,BMXHIP,female,60-69,780,110.63807692307692,15.377497985930523,89.48,93.08999999999999,99.3,108.4,120.5,132.01,138.2,exploratory_unweighted_not_clinical_reference
2021-2023,BMX_L,BMXHIP,female,70-79,460,109.09478260869565,14.196515841717689,89.89,93.28999999999999,99.175,106.85,116.4,128.04000000000002,135.015,exploratory_unweighted_not_clinical_reference
2021-2023,BMX_L,BMXHIP,female,80+,154,104.32532467532468,11.552820223765933,87.565,90.79,96.7,103.15,112.45,119.88000000000001,124.905,exploratory_unweighted_not_clinical_reference
2021-2023,BMX_L,BMXHIP,male,12-17,404,96.22128712871286,13.44729597572656,77.97500000000001,81.6,87.3,93.8,103.225,115.49,122.56499999999997,exploratory_unweighted_not_clinical_reference
2021-2023,BMX_L,BMXHIP,male,18-29,411,103.07931873479319,12.343634106266268,85.35,88.3,94.6,101.2,109.9,119.0,126.9,exploratory_unweighted_not_clinical_reference
2021-2023,BMX_L,BMXHIP,male,30-39,375,105.69866666666667,12.040387620269783,89.77,93.2,98.2,103.8,110.7,120.74000000000001,127.26,exploratory_unweighted_not_clinical_reference
2021-2023,BMX_L,BMXHIP,male,40-49,334,106.5062874251497,13.331805858047073,90.72500000000001,93.1,98.025,103.6,112.275,122.11999999999999,132.81499999999997,exploratory_unweighted_not_clinical_reference
2021-2023,BMX_L,BMXHIP,male,50-59,402,105.96467661691543,13.624872591589906,89.405,91.72,97.325,103.19999999999999,110.52499999999999,123.16000000000001,136.885,exploratory_unweighted_not_clinical_reference
2021-2023,BMX_L,BMXHIP,male,60-69,622,104.45675241157556,11.61274957627219,89.60499999999999,92.02,97.125,102.9,109.4,119.17,124.195,exploratory_unweighted_not_clinical_reference
2021-2023,BMX_L,BMXHIP,male,70-79,422,104.8473933649289,11.692959504672592,90.1,92.31,96.725,102.9,110.57499999999999,120.28,128.015,exploratory_unweighted_not_clinical_reference
2021-2023,BMX_L,BMXHIP,male,80+,136,102.01838235294117,9.987133961815163,87.675,91.80000000000001,95.57499999999999,101.2,106.825,112.55000000000001,122.75,exploratory_unweighted_not_clinical_reference
2021-2023,BPXO_L,BPXOSY1,female,0-11,276,101.20289855072464,9.318727513826303,85.0,90.0,96.0,101.0,107.0,113.0,117.0,exploratory_unweighted_not_clinical_reference
2021-2023,BPXO_L,BPXOSY1,female,12-17,420,103.69047619047619,9.263545446302329,89.0,93.9,98.0,103.0,109.0,115.0,120.0,exploratory_unweighted_not_clinical_reference
2021-2023,BPXO_L,BPXOSY1,female,18-29,474,107.07172995780591,10.263089016239354,91.0,94.0,100.0,108.0,113.0,119.0,124.0,exploratory_unweighted_not_clinical_reference
2021-2023,BPXO_L,BPXOSY1,female,30-39,489,110.1881390593047,12.34798477008545,93.0,97.0,102.0,109.0,116.0,125.19999999999999,133.59999999999997,exploratory_unweighted_not_clinical_reference
2021-2023,BPXO_L,BPXOSY1,female,40-49,430,114.89767441860465,15.397869988198691,94.0,98.0,106.0,112.0,122.0,134.0,142.0,exploratory_unweighted_not_clinical_reference
2021-2023,BPXO_L,BPXOSY1,female,50-59,500,121.684,17.250254681399525,98.0,101.0,109.0,120.0,131.0,145.0,154.0,exploratory_unweighted_not_clinical_reference
2021-2023,BPXO_L,BPXOSY1,female,60-69,803,125.88293897882939,18.190081025403256,101.0,105.0,113.0,124.0,136.0,149.80000000000007,158.0,exploratory_unweighted_not_clinical_reference
2021-2023,BPXO_L,BPXOSY1,female,70-79,483,131.0207039337474,20.556964320542647,101.1,106.0,116.0,130.0,144.5,155.8,166.69999999999993,exploratory_unweighted_not_clinical_reference
2021-2023,BPXO_L,BPXOSY1,female,80+,168,140.41071428571428,23.559665714702685,107.7,114.0,123.0,138.5,153.25,169.3,180.65,exploratory_unweighted_not_clinical_reference
2021-2023,BPXO_L,BPXOSY1,male,0-11,294,102.0204081632653,9.844157247562913,87.65,91.0,95.0,101.0,108.0,114.69999999999999,120.0,exploratory_unweighted_not_clinical_reference
2021-2023,BPXO_L,BPXOSY1,male,12-17,404,110.81930693069307,10.216977235762096,95.0,98.0,104.0,110.0,117.0,123.0,129.0,exploratory_unweighted_not_clinical_reference
2021-2023,BPXO_L,BPXOSY1,male,18-29,408,117.76960784313725,11.27240800163911,101.0,104.0,110.0,118.0,125.0,132.0,135.0,exploratory_unweighted_not_clinical_reference
2021-2023,BPXO_L,BPXOSY1,male,30-39,379,119.38522427440633,11.67683879177685,101.0,106.0,111.0,118.0,127.0,135.0,140.0,exploratory_unweighted_not_clinical_reference
2021-2023,BPXO_L,BPXOSY1,male,40-49,339,122.38053097345133,13.176533685075126,104.0,107.0,114.0,121.0,129.0,139.0,146.09999999999997,exploratory_unweighted_not_clinical_reference
2021-2023,BPXO_L,BPXOSY1,male,50-59,413,126.9225181598063,17.979189735535712,101.0,108.0,115.0,126.0,136.0,146.0,158.0,exploratory_unweighted_not_clinical_reference
2021-2023,BPXO_L,BPXOSY1,male,60-69,645,129.07131782945737,18.700596171611007,105.0,109.0,117.0,128.0,138.0,152.0,160.79999999999995,exploratory_unweighted_not_clinical_reference
2021-2023,BPXO_L,BPXOSY1,male,70-79,440,130.11818181818182,19.652554625101725,104.95,109.0,116.0,127.0,142.0,155.0,164.0999999999999,exploratory_unweighted_not_clinical_reference
2021-2023,BPXO_L,BPXOSY1,male,80+,152,130.92763157894737,20.418502832715042,99.55,105.0,118.0,129.0,143.25,158.9,166.0,exploratory_unweighted_not_clinical_reference
2021-2023,BPXO_L,BPXODI1,female,0-11,276,61.39492753623188,8.080493436452263,51.0,53.0,56.0,61.0,65.0,70.5,75.0,exploratory_unweighted_not_clinical_reference
2021-2023,BPXO_L,BPXODI1,female,12-17,420,63.97380952380952,7.746384468021241,53.0,55.0,59.0,63.0,68.0,73.0,79.0,exploratory_unweighted_not_clinical_reference
2021-2023,BPXO_L,BPXODI1,female,18-29,474,69.04430379746836,9.596518662750041,56.0,58.0,63.0,68.0,74.0,80.69999999999999,85.34999999999997,exploratory_unweighted_not_clinical_reference
2021-2023,BPXO_L,BPXODI1,female,30-39,489,74.14110429447852,10.135280027559732,59.0,63.0,67.0,73.0,80.0,87.0,92.59999999999997,exploratory_unweighted_not_clinical_reference
2021-2023,BPXO_L,BPXODI1,female,40-49,430,76.1,12.020252916909868,60.0,62.0,68.0,75.0,82.0,90.10000000000002,96.0,exploratory_unweighted_not_clinical_reference
2021-2023,BPXO_L,BPXODI1,female,50-59,500,78.026,11.226459405420888,61.0,64.9,70.0,77.0,85.0,94.0,97.04999999999995,exploratory_unweighted_not_clinical_reference
2021-2023,BPXO_L,BPXODI1,female,60-69,803,76.37733499377335,11.047204738745407,60.0,63.0,69.0,76.0,83.0,90.0,94.0,exploratory_unweighted_not_clinical_reference
2021-2023,BPXO_L,BPXODI1,female,70-79,483,72.97308488612836,11.416542749341902,56.0,60.0,65.0,72.0,80.0,87.0,92.0,exploratory_unweighted_not_clinical_reference
2021-2023,BPXO_L,BPXODI1,female,80+,168,71.88690476190476,12.612333852718626,55.0,58.0,63.0,70.5,80.0,87.30000000000001,95.0,exploratory_unweighted_not_clinical_reference
2021-2023,BPXO_L,BPXODI1,male,0-11,294,61.62925170068027,9.347042100320708,49.65,52.0,56.0,60.0,65.0,73.0,78.34999999999997,exploratory_unweighted_not_clinical_reference
2021-2023,BPXO_L,BPXODI1,male,12-17,404,63.97029702970297,8.795673925987641,51.0,53.0,58.0,64.0,69.25,75.0,78.0,exploratory_unweighted_not_clinical_reference
2021-2023,BPXO_L,BPXODI1,male,18-29,408,70.84803921568627,10.242583273588478,56.0,59.0,64.0,70.0,77.0,84.0,89.0,exploratory_unweighted_not_clinical_reference
2021-2023,BPXO_L,BPXODI1,male,30-39,379,76.58047493403694,10.00427098138985,61.900000000000006,64.0,70.0,76.0,82.0,91.0,95.09999999999997,exploratory_unweighted_not_clinical_reference
2021-2023,BPXO_L,BPXODI1,male,40-49,339,79.09734513274336,10.273448803944884,63.0,67.0,72.0,79.0,85.0,92.19999999999999,96.0,exploratory_unweighted_not_clinical_reference
2021-2023,BPXO_L,BPXODI1,male,50-59,413,79.49394673123487,11.459853400808814,64.0,66.0,72.0,78.0,86.0,93.80000000000001,99.39999999999998,exploratory_unweighted_not_clinical_reference
2021-2023,BPXO_L,BPXODI1,male,60-69,645,76.83565891472868,11.408737242725081,61.0,64.0,69.0,76.0,83.0,91.0,97.0,exploratory_unweighted_not_clinical_reference
2021-2023,BPXO_L,BPXODI1,male,70-79,440,72.68181818181819,11.59976578051327,56.0,59.0,65.0,72.0,79.25,87.0,93.0,exploratory_unweighted_not_clinical_reference
2021-2023,BPXO_L,BPXODI1,male,80+,152,69.63157894736842,11.670239622846362,51.55,56.0,62.75,69.0,77.0,84.0,89.0,exploratory_unweighted_not_clinical_reference
2021-2023,BPXO_L,BPXOSY2,female,0-11,274,100.45620437956204,9.250675542613417,85.65,88.3,94.0,101.0,106.0,112.0,116.0,exploratory_unweighted_not_clinical_reference
2021-2023,BPXO_L,BPXOSY2,female,12-17,419,103.42243436754177,8.897640824482378,89.0,92.0,98.0,103.0,108.0,115.0,120.0,exploratory_unweighted_not_clinical_reference
2021-2023,BPXO_L,BPXOSY2,female,18-29,474,106.65189873417721,10.183263981109517,91.0,95.0,100.0,107.0,113.0,118.0,123.0,exploratory_unweighted_not_clinical_reference
2021-2023,BPXO_L,BPXOSY2,female,30-39,488,110.01434426229508,12.135350603562463,93.0,96.0,102.0,109.0,115.25,125.0,131.64999999999998,exploratory_unweighted_not_clinical_reference
2021-2023,BPXO_L,BPXOSY2,female,40-49,430,115.72790697674418,15.599381757837639,96.0,99.0,106.0,112.5,124.0,134.10000000000002,143.0,exploratory_unweighted_not_clinical_reference
2021-2023,BPXO_L,BPXOSY2,female,50-59,500,121.994,17.48523465274983,96.95,101.0,110.0,120.0,133.0,145.10000000000002,154.0,exploratory_unweighted_not_clinical_reference
2021-2023,BPXO_L,BPXOSY2,female,60-69,801,126.24843945068665,18.479433180880896,100.0,105.0,113.0,124.0,136.0,150.0,159.0,exploratory_unweighted_not_clinical_reference
2021-2023,BPXO_L,BPXOSY2,female,70-79,483,131.5983436853002,20.71051603483972,101.0,108.0,117.5,130.0,145.0,158.0,167.89999999999998,exploratory_unweighted_not_clinical_reference
2021-2023,BPXO_L,BPXOSY2,female,80+,167,139.62275449101796,22.421111170100666,105.9,113.6,124.5,138.0,152.0,166.4,181.7,exploratory_unweighted_not_clinical_reference
2021-2023,BPXO_L,BPXOSY2,male,0-11,291,101.70103092783505,10.286749040881412,87.5,90.0,95.0,101.0,107.0,114.0,118.5,exploratory_unweighted_not_clinical_reference
2021-2023,BPXO_L,BPXOSY2,male,12-17,405,110.02962962962962,10.458740771519896,94.0,98.0,103.0,110.0,116.0,123.0,127.0,exploratory_unweighted_not_clinical_reference
2021-2023,BPXO_L,BPXOSY2,male,18-29,407,116.86732186732186,10.857205205710395,101.0,104.0,110.0,117.0,123.5,130.0,134.7,exploratory_unweighted_not_clinical_reference
2021-2023,BPXO_L,BPXOSY2,male,30-39,379,119.54881266490766,11.735832048794459,101.9,105.0,111.0,119.0,126.0,134.0,140.0,exploratory_unweighted_not_clinical_reference
2021-2023,BPXO_L,BPXOSY2,male,40-49,339,122.12979351032449,12.389426810906063,104.0,108.0,113.0,120.0,129.0,138.2,145.0,exploratory_unweighted_not_clinical_reference
2021-2023,BPXO_L,BPXOSY2,male,50-59,412,126.62864077669903,18.07703050073931,102.0,107.0,115.0,125.0,136.0,145.0,161.0,exploratory_unweighted_not_clinical_reference
2021-2023,BPXO_L,BPXOSY2,male,60-69,645,128.5798449612403,18.309669660633308,103.2,109.0,117.0,126.0,137.0,150.0,161.0,exploratory_unweighted_not_clinical_reference
2021-2023,BPXO_L,BPXOSY2,male,70-79,440,128.8181818181818,19.764412839999046,100.0,106.9,115.0,126.0,140.0,154.0,166.04999999999995,exploratory_unweighted_not_clinical_reference
2021-2023,BPXO_L,BPXOSY2,male,80+,151,129.88079470198676,21.187709378259175,96.5,104.0,115.0,129.0,144.0,158.0,164.5,exploratory_unweighted_not_clinical_reference
2021-2023,BPXO_L,BPXODI2,female,0-11,274,59.93795620437956,7.504319941581696,49.0,51.0,55.0,59.5,65.0,69.0,73.0,exploratory_unweighted_not_clinical_reference
2021-2023,BPXO_L,BPXODI2,female,12-17,419,63.55131264916468,7.6003095470269555,52.0,54.0,58.0,64.0,68.0,73.0,76.09999999999997,exploratory_unweighted_not_clinical_reference
2021-2023,BPXO_L,BPXODI2,female,18-29,474,68.85443037974683,9.634433895276763,54.650000000000006,58.0,63.0,68.0,74.0,80.0,86.0,exploratory_unweighted_not_clinical_reference
2021-2023,BPXO_L,BPXODI2,female,30-39,488,73.7438524590164,10.233513967647227,59.0,61.0,66.0,73.0,80.0,87.0,92.0,exploratory_unweighted_not_clinical_reference
2021-2023,BPXO_L,BPXODI2,female,40-49,430,75.91627906976744,11.77459099567419,60.0,62.900000000000006,68.25,75.0,82.0,91.0,96.54999999999995,exploratory_unweighted_not_clinical_reference
2021-2023,BPXO_L,BPXODI2,female,50-59,500,77.248,11.427320916411391,59.0,64.0,69.0,76.0,84.0,93.0,97.0,exploratory_unweighted_not_clinical_reference
2021-2023,BPXO_L,BPXODI2,female,60-69,801,75.37203495630462,10.781763166513004,58.0,62.0,68.0,75.0,82.0,89.0,93.0,exploratory_unweighted_not_clinical_reference
2021-2023,BPXO_L,BPXODI2,female,70-79,483,71.8695652173913,11.039610181709264,56.0,60.0,64.0,71.0,78.0,85.0,91.0,exploratory_unweighted_not_clinical_reference
2021-2023,BPXO_L,BPXODI2,female,80+,167,70.437125748503,11.76708955129468,54.0,57.0,62.5,70.0,78.0,86.0,90.39999999999998,exploratory_unweighted_not_clinical_reference
2021-2023,BPXO_L,BPXODI2,male,0-11,291,60.68041237113402,10.23706557337119,48.0,50.0,55.0,60.0,65.0,71.0,74.5,exploratory_unweighted_not_clinical_reference
2021-2023,BPXO_L,BPXODI2,male,12-17,405,63.79259259259259,8.897460113967803,49.2,53.0,58.0,64.0,69.0,75.0,78.79999999999995,exploratory_unweighted_not_clinical_reference
2021-2023,BPXO_L,BPXODI2,male,18-29,407,70.31449631449631,9.997751529453552,56.0,59.0,63.0,69.0,76.5,84.0,87.69999999999999,exploratory_unweighted_not_clinical_reference
2021-2023,BPXO_L,BPXODI2,male,30-39,379,76.57519788918206,10.248578022433176,60.0,64.0,69.5,75.0,83.0,90.19999999999999,96.0,exploratory_unweighted_not_clinical_reference
2021-2023,BPXO_L,BPXODI2,male,40-49,339,78.70206489675516,10.577259932338306,62.0,65.0,72.0,78.0,85.0,92.19999999999999,96.0,exploratory_unweighted_not_clinical_reference
2021-2023,BPXO_L,BPXODI2,male,50-59,412,78.99029126213593,11.081424052848421,63.0,67.0,71.0,78.0,85.0,92.90000000000003,100.0,exploratory_unweighted_not_clinical_reference
2021-2023,BPXO_L,BPXODI2,male,60-69,645,76.0201550387597,11.341860160546483,59.2,63.0,68.0,75.0,83.0,90.0,95.0,exploratory_unweighted_not_clinical_reference
2021-2023,BPXO_L,BPXODI2,male,70-79,440,71.63636363636364,11.598426782586547,55.0,58.0,64.0,70.0,78.0,86.0,91.09999999999991,exploratory_unweighted_not_clinical_reference
2021-2023,BPXO_L,BPXODI2,male,80+,151,68.41721854304636,11.432327039813629,49.0,55.0,61.0,68.0,75.5,83.0,90.0,exploratory_unweighted_not_clinical_reference
2021-2023,BPXO_L,BPXOSY3,female,0-11,269,100.36059479553903,10.212302776705513,86.4,89.0,94.0,100.0,107.0,112.0,116.6,exploratory_unweighted_not_clinical_reference
2021-2023,BPXO_L,BPXOSY3,female,12-17,418,103.29904306220095,8.806965253239182,90.85,92.7,98.0,103.0,108.0,115.0,119.0,exploratory_unweighted_not_clinical_reference
2021-2023,BPXO_L,BPXOSY3,female,18-29,474,106.66877637130801,10.197105866646316,91.65,95.0,100.0,106.0,113.0,119.0,123.0,exploratory_unweighted_not_clinical_reference
2021-2023,BPXO_L,BPXOSY3,female,30-39,488,110.17008196721312,12.213272747497559,93.0,97.0,102.0,109.0,116.0,125.0,131.0,exploratory_unweighted_not_clinical_reference
2021-2023,BPXO_L,BPXOSY3,female,40-49,429,115.53146853146853,15.095554304306432,95.0,100.0,106.0,113.0,123.0,135.0,141.59999999999997,exploratory_unweighted_not_clinical_reference
2021-2023,BPXO_L,BPXOSY3,female,50-59,500,121.67,17.455155826570547,98.0,101.0,109.0,119.0,131.25,145.10000000000002,154.0999999999999,exploratory_unweighted_not_clinical_reference
2021-2023,BPXO_L,BPXOSY3,female,60-69,799,125.69962453066333,18.06268359646384,100.0,105.0,114.0,124.0,136.0,148.0,156.0999999999999,exploratory_unweighted_not_clinical_reference
2021-2023,BPXO_L,BPXOSY3,female,70-79,483,131.01242236024845,20.504524622924404,103.0,106.2,116.5,129.0,144.0,156.0,166.0,exploratory_unweighted_not_clinical_reference
2021-2023,BPXO_L,BPXOSY3,female,80+,165,137.9151515151515,22.248980809928387,106.2,110.0,122.0,138.0,152.0,164.6,178.0,exploratory_unweighted_not_clinical_reference
2021-2023,BPXO_L,BPXOSY3,male,0-11,288,101.80902777777777,9.803380012968395,87.0,89.7,96.0,102.0,108.0,113.0,117.0,exploratory_unweighted_not_clinical_reference
2021-2023,BPXO_L,BPXOSY3,male,12-17,404,109.9059405940594,11.245779549407926,93.0,97.0,104.0,110.0,117.0,122.0,127.0,exploratory_unweighted_not_clinical_reference
2021-2023,BPXO_L,BPXOSY3,male,18-29,405,117.08395061728395,11.362517161051027,100.2,104.0,110.0,116.0,124.0,131.0,136.79999999999995,exploratory_unweighted_not_clinical_reference
2021-2023,BPXO_L,BPXOSY3,male,30-39,379,120.08970976253298,12.064087011381545,102.0,106.80000000000001,112.0,119.0,126.0,135.0,141.0,exploratory_unweighted_not_clinical_reference
2021-2023,BPXO_L,BPXOSY3,male,40-49,339,122.15339233038348,13.392794096988116,104.0,107.0,114.0,121.0,129.0,140.0,146.09999999999997,exploratory_unweighted_not_clinical_reference
2021-2023,BPXO_L,BPXOSY3,male,50-59,412,126.45631067961165,17.74297527917057,101.0,107.0,115.0,125.0,135.0,146.0,160.45,exploratory_unweighted_not_clinical_reference
2021-2023,BPXO_L,BPXOSY3,male,60-69,639,128.4866979655712,18.761982041190674,103.0,108.0,116.0,127.0,138.0,151.0,162.0,exploratory_unweighted_not_clinical_reference
2021-2023,BPXO_L,BPXOSY3,male,70-79,439,128.45558086560365,20.008153807456335,101.0,106.0,115.0,127.0,141.0,156.0,164.09999999999997,exploratory_unweighted_not_clinical_reference
2021-2023,BPXO_L,BPXOSY3,male,80+,150,129.84,21.015839344544503,94.0,102.9,116.0,128.5,144.75,156.1,164.09999999999997,exploratory_unweighted_not_clinical_reference
2021-2023,BPXO_L,BPXODI3,female,0-11,269,59.83271375464684,9.087360444422922,46.0,49.0,55.0,59.0,64.0,70.0,74.6,exploratory_unweighted_not_clinical_reference
2021-2023,BPXO_L,BPXODI3,female,12-17,418,63.42583732057416,8.006023055956852,52.0,54.0,58.25,63.0,68.0,74.0,77.14999999999998,exploratory_unweighted_not_clinical_reference
2021-2023,BPXO_L,BPXODI3,female,18-29,474,68.36286919831224,9.617151971674343,54.0,57.0,62.0,67.0,74.0,80.0,84.34999999999997,exploratory_unweighted_not_clinical_reference
2021-2023,BPXO_L,BPXODI3,female,30-39,488,73.5922131147541,9.847278406340694,59.0,62.0,67.0,73.0,80.0,86.0,90.64999999999998,exploratory_unweighted_not_clinical_reference
2021-2023,BPXO_L,BPXODI3,female,40-49,429,75.77389277389277,11.536519381385089,60.0,62.0,68.0,75.0,82.0,90.0,95.0,exploratory_unweighted_not_clinical_reference
2021-2023,BPXO_L,BPXODI3,female,50-59,500,76.73,11.079648786602801,60.0,64.0,69.0,76.0,84.0,92.0,96.0,exploratory_unweighted_not_clinical_reference
2021-2023,BPXO_L,BPXODI3,female,60-69,799,74.93992490613266,10.452369375326516,59.0,62.0,68.0,74.0,82.0,88.0,92.0,exploratory_unweighted_not_clinical_reference
2021-2023,BPXO_L,BPXODI3,female,70-79,483,71.23188405797102,10.866220545000347,55.0,59.0,64.0,71.0,78.0,85.0,91.0,exploratory_unweighted_not_clinical_reference
2021-2023,BPXO_L,BPXODI3,female,80+,165,69.43030303030304,11.917001711238507,52.2,55.0,61.0,69.0,76.0,84.6,92.79999999999998,exploratory_unweighted_not_clinical_reference
2021-2023,BPXO_L,BPXODI3,male,0-11,288,60.49305555555556,9.005996088381403,48.0,50.0,54.75,60.0,65.0,71.0,75.64999999999998,exploratory_unweighted_not_clinical_reference
2021-2023,BPXO_L,BPXODI3,male,12-17,404,64.03465346534654,9.474729986460844,50.0,52.0,58.0,64.0,70.0,75.69999999999999,79.84999999999997,exploratory_unweighted_not_clinical_reference
2021-2023,BPXO_L,BPXODI3,male,18-29,405,70.61481481481482,10.39419953331635,56.0,59.0,64.0,70.0,77.0,84.0,87.79999999999995,exploratory_unweighted_not_clinical_reference
2021-2023,BPXO_L,BPXODI3,male,30-39,379,76.49076517150395,10.322667008814555,60.0,64.0,70.0,76.0,82.0,90.0,96.0,exploratory_unweighted_not_clinical_reference
2021-2023,BPXO_L,BPXODI3,male,40-49,339,78.74926253687316,10.816337538120877,62.0,65.0,72.0,78.0,85.5,93.0,96.09999999999997,exploratory_unweighted_not_clinical_reference
2021-2023,BPXO_L,BPXODI3,male,50-59,412,78.70388349514563,10.911039721377554,62.55,66.0,71.0,78.0,85.0,91.90000000000003,97.89999999999998,exploratory_unweighted_not_clinical_reference
2021-2023,BPXO_L,BPXODI3,male,60-69,639,75.64319248826291,11.37055041549403,59.0,62.800000000000004,68.0,74.0,82.0,90.0,95.0,exploratory_unweighted_not_clinical_reference
2021-2023,BPXO_L,BPXODI3,male,70-79,439,70.80865603644646,11.352380627275194,54.0,58.0,63.5,70.0,78.0,84.19999999999999,90.09999999999997,exploratory_unweighted_not_clinical_reference
2021-2023,BPXO_L,BPXODI3,male,80+,150,67.66666666666667,10.98544898879689,50.45,54.0,61.0,67.0,74.75,83.0,87.0,exploratory_unweighted_not_clinical_reference
2021-2023,BPXO_L,BPXOPLS1,female,0-11,276,82.57608695652173,11.40197784659439,64.0,68.0,75.0,83.0,90.25,98.0,100.25,exploratory_unweighted_not_clinical_reference
2021-2023,BPXO_L,BPXOPLS1,female,12-17,420,76.68809523809524,12.036156793133898,59.0,62.0,68.0,75.0,85.0,92.0,98.04999999999995,exploratory_unweighted_not_clinical_reference
2021-2023,BPXO_L,BPXOPLS1,female,18-29,474,76.042194092827,11.379217371489933,59.650000000000006,63.0,69.0,75.0,82.0,90.0,96.34999999999997,exploratory_unweighted_not_clinical_reference
2021-2023,BPXO_L,BPXOPLS1,female,30-39,489,74.31697341513292,11.030682721972216,58.0,60.0,66.0,74.0,82.0,88.0,94.0,exploratory_unweighted_not_clinical_reference
2021-2023,BPXO_L,BPXOPLS1,female,40-49,430,72.73953488372094,11.875306685474346,57.0,60.0,65.0,71.0,80.0,88.0,94.0,exploratory_unweighted_not_clinical_reference
2021-2023,BPXO_L,BPXOPLS1,female,50-59,500,72.324,11.99544937095824,54.95,58.0,64.0,71.0,79.0,88.10000000000002,95.0,exploratory_unweighted_not_clinical_reference
2021-2023,BPXO_L,BPXOPLS1,female,60-69,803,71.5815691158157,11.687077887768,54.0,58.0,63.0,71.0,78.0,88.0,91.89999999999998,exploratory_unweighted_not_clinical_reference
2021-2023,BPXO_L,BPXOPLS1,female,70-79,483,69.13664596273291,11.978627350761958,52.0,56.0,60.5,68.0,76.0,84.0,90.89999999999998,exploratory_unweighted_not_clinical_reference
2021-2023,BPXO_L,BPXOPLS1,female,80+,168,69.41071428571429,12.06337077506949,52.0,56.0,61.0,68.5,76.0,84.0,92.30000000000001,exploratory_unweighted_not_clinical_reference
2021-2023,BPXO_L,BPXOPLS1,male,0-11,294,80.05102040816327,13.149732954357406,61.0,64.3,71.0,79.0,88.0,96.69999999999999,102.34999999999997,exploratory_unweighted_not_clinical_reference
2021-2023,BPXO_L,BPXOPLS1,male,12-17,404,74.5,13.558713422645209,55.0,59.0,65.0,73.0,81.0,93.0,99.84999999999997,exploratory_unweighted_not_clinical_reference
2021-2023,BPXO_L,BPXOPLS1,male,18-29,408,70.07598039215686,13.049390640488415,51.0,55.0,61.0,68.0,77.25,87.0,94.64999999999998,exploratory_unweighted_not_clinical_reference
2021-2023,BPXO_L,BPXOPLS1,male,30-39,379,71.2269129287599,12.88147900248028,53.0,56.0,62.0,69.0,78.0,91.0,96.0,exploratory_unweighted_not_clinical_reference
2021-2023,BPXO_L,BPXOPLS1,male,40-49,339,70.25958702064896,12.130595621188657,52.0,56.0,62.0,69.0,78.0,85.0,92.0,exploratory_unweighted_not_clinical_reference
2021-2023,BPXO_L,BPXOPLS1,male,50-59,413,71.07021791767555,12.116041248482151,53.0,56.0,62.0,70.0,79.0,87.80000000000001,93.0,exploratory_unweighted_not_clinical_reference
2021-2023,BPXO_L,BPXOPLS1,male,60-69,645,68.29767441860466,12.64339162274626,49.0,53.0,60.0,67.0,76.0,85.60000000000002,91.0,exploratory_unweighted_not_clinical_reference
2021-2023,BPXO_L,BPXOPLS1,male,70-79,440,67.49090909090908,12.3531892201857,50.0,53.0,59.0,66.0,75.0,84.10000000000002,91.0,exploratory_unweighted_not_clinical_reference
2021-2023,BPXO_L,BPXOPLS1,male,80+,152,67.5657894736842,12.925497698863754,48.0,51.1,58.75,67.0,77.0,84.0,89.0,exploratory_unweighted_not_clinical_reference
2021-2023,BPXO_L,BPXOPLS2,female,0-11,274,83.15693430656934,11.488208929735348,65.0,68.0,74.0,84.0,91.0,98.0,101.0,exploratory_unweighted_not_clinical_reference
2021-2023,BPXO_L,BPXOPLS2,female,12-17,419,78.77565632458234,11.77794058554502,60.900000000000006,64.0,70.0,78.0,86.0,95.0,100.0,exploratory_unweighted_not_clinical_reference
2021-2023,BPXO_L,BPXOPLS2,female,18-29,474,77.74683544303798,11.437450100693106,61.0,65.0,71.0,77.0,84.0,92.69999999999999,98.0,exploratory_unweighted_not_clinical_reference
2021-2023,BPXO_L,BPXOPLS2,female,30-39,488,75.0327868852459,11.074275592425627,57.0,61.0,67.0,75.0,83.0,89.0,92.0,exploratory_unweighted_not_clinical_reference
2021-2023,BPXO_L,BPXOPLS2,female,40-49,430,73.88837209302325,11.963098064149582,57.0,61.0,66.0,72.0,81.0,89.0,95.09999999999991,exploratory_unweighted_not_clinical_reference
2021-2023,BPXO_L,BPXOPLS2,female,50-59,500,72.758,11.83687709316259,55.0,58.0,64.0,72.0,80.0,89.0,95.0,exploratory_unweighted_not_clinical_reference
2021-2023,BPXO_L,BPXOPLS2,female,60-69,801,72.00998751560549,11.715050154602155,55.0,58.0,63.0,71.0,79.0,88.0,92.0,exploratory_unweighted_not_clinical_reference
2021-2023,BPXO_L,BPXOPLS2,female,70-79,483,69.5776397515528,11.940363439400516,52.0,56.0,61.0,69.0,76.0,85.0,91.0,exploratory_unweighted_not_clinical_reference
2021-2023,BPXO_L,BPXOPLS2,female,80+,167,69.73652694610779,12.09211811037892,52.0,56.0,61.5,69.0,76.0,85.4,91.0,exploratory_unweighted_not_clinical_reference
2021-2023,BPXO_L,BPXOPLS2,male,0-11,291,80.96907216494846,13.195443525164615,62.0,65.0,72.0,80.0,89.0,98.0,104.5,exploratory_unweighted_not_clinical_reference
2021-2023,BPXO_L,BPXOPLS2,male,12-17,405,76.04444444444445,13.455574132957864,57.2,61.0,67.0,74.0,83.0,95.0,101.0,exploratory_unweighted_not_clinical_reference
2021-2023,BPXO_L,BPXOPLS2,male,18-29,407,70.91154791154791,13.204419297242065,52.0,56.0,62.0,70.0,78.0,87.0,95.0,exploratory_unweighted_not_clinical_reference
2021-2023,BPXO_L,BPXOPLS2,male,30-39,379,71.89973614775725,12.607861616204884,54.900000000000006,58.0,63.0,70.0,80.0,90.0,96.19999999999993,exploratory_unweighted_not_clinical_reference
2021-2023,BPXO_L,BPXOPLS2,male,40-49,339,70.78171091445428,11.895233818494518,52.0,56.800000000000004,63.0,70.0,79.0,85.0,91.09999999999997,exploratory_unweighted_not_clinical_reference
2021-2023,BPXO_L,BPXOPLS2,male,50-59,412,71.6626213592233,12.322324050170145,53.55,56.0,63.0,70.5,80.0,88.0,94.0,exploratory_unweighted_not_clinical_reference
2021-2023,BPXO_L,BPXOPLS2,male,60-69,645,68.64496124031008,12.421661112301688,51.0,54.0,60.0,67.0,76.0,85.60000000000002,90.0,exploratory_unweighted_not_clinical_reference
2021-2023,BPXO_L,BPXOPLS2,male,70-79,440,67.57272727272728,12.34762920511277,50.95,54.0,59.0,66.0,75.0,85.0,92.0,exploratory_unweighted_not_clinical_reference
2021-2023,BPXO_L,BPXOPLS2,male,80+,151,67.3907284768212,12.595223173851148,48.0,52.0,59.0,67.0,75.5,83.0,89.5,exploratory_unweighted_not_clinical_reference
2021-2023,BPXO_L,BPXOPLS3,female,0-11,269,84.56877323420075,10.921698533770492,66.0,70.0,78.0,85.0,92.0,98.0,102.0,exploratory_unweighted_not_clinical_reference
2021-2023,BPXO_L,BPXOPLS3,female,12-17,418,80.122009569378,11.873915703313907,62.0,65.0,71.0,80.0,88.0,96.60000000000002,101.0,exploratory_unweighted_not_clinical_reference
2021-2023,BPXO_L,BPXOPLS3,female,18-29,474,78.42616033755274,11.59389607684243,61.0,64.0,71.0,78.0,85.0,94.0,98.0,exploratory_unweighted_not_clinical_reference
2021-2023,BPXO_L,BPXOPLS3,female,30-39,488,75.62090163934427,11.052503670137172,58.0,62.0,67.0,75.0,83.0,90.0,94.0,exploratory_unweighted_not_clinical_reference
2021-2023,BPXO_L,BPXOPLS3,female,40-49,429,74.46620046620046,11.998516254333857,57.400000000000006,60.800000000000004,67.0,72.0,81.0,90.0,96.59999999999997,exploratory_unweighted_not_clinical_reference
2021-2023,BPXO_L,BPXOPLS3,female,50-59,500,72.922,11.771876237043971,55.0,59.0,65.0,72.0,80.0,89.0,95.0,exploratory_unweighted_not_clinical_reference
2021-2023,BPXO_L,BPXOPLS3,female,60-69,799,72.30538172715895,11.773951052287872,56.0,58.0,64.0,71.0,79.0,88.0,93.0,exploratory_unweighted_not_clinical_reference
2021-2023,BPXO_L,BPXOPLS3,female,70-79,483,69.63354037267081,11.795819697503955,53.0,56.0,61.0,69.0,76.0,84.0,91.0,exploratory_unweighted_not_clinical_reference
2021-2023,BPXO_L,BPXOPLS3,female,80+,165,69.24242424242425,11.390063874396112,53.2,56.0,62.0,69.0,76.0,83.6,89.79999999999998,exploratory_unweighted_not_clinical_reference
2021-2023,BPXO_L,BPXOPLS3,male,0-11,288,82.77083333333333,13.20079120741413,64.0,67.0,73.0,81.0,90.25,99.0,105.64999999999998,exploratory_unweighted_not_clinical_reference
2021-2023,BPXO_L,BPXOPLS3,male,12-17,404,77.45049504950495,13.980845626046026,57.0,60.300000000000004,68.0,76.5,85.25,97.69999999999999,101.0,exploratory_unweighted_not_clinical_reference
2021-2023,BPXO_L,BPXOPLS3,male,18-29,405,71.77777777777777,13.175321966118744,53.0,56.0,63.0,71.0,79.0,88.60000000000002,94.0,exploratory_unweighted_not_clinical_reference
2021-2023,BPXO_L,BPXOPLS3,male,30-39,379,72.3377308707124,12.544394229434218,54.0,58.0,64.0,70.0,80.0,90.19999999999999,97.09999999999997,exploratory_unweighted_not_clinical_reference
2021-2023,BPXO_L,BPXOPLS3,male,40-49,339,71.4424778761062,12.056527157370093,52.900000000000006,57.0,63.0,71.0,80.0,86.0,92.09999999999997,exploratory_unweighted_not_clinical_reference
2021-2023,BPXO_L,BPXOPLS3,male,50-59,412,71.8252427184466,11.905898012477829,54.0,57.0,63.0,71.0,80.0,87.90000000000003,92.0,exploratory_unweighted_not_clinical_reference
2021-2023,BPXO_L,BPXOPLS3,male,60-69,639,69.21126760563381,12.52624072488899,51.0,55.0,60.0,68.0,77.0,86.0,91.0,exploratory_unweighted_not_clinical_reference
2021-2023,BPXO_L,BPXOPLS3,male,70-79,439,67.73120728929385,12.449925497213098,50.0,53.800000000000004,59.0,67.0,76.0,85.0,91.09999999999997,exploratory_unweighted_not_clinical_reference
2021-2023,BPXO_L,BPXOPLS3,male,80+,150,68.16666666666667,12.536880715555311,49.45,52.0,60.0,68.0,76.0,85.0,90.54999999999998,exploratory_unweighted_not_clinical_reference
