release,dataset,variable,sex,age_band,value,count,proportion,analysis_status
2021-2023,ALQ_L,ALQ111,female,18-29,1.0,367,0.8475750577367206,exploratory_unweighted_not_clinical_reference
2021-2023,ALQ_L,ALQ111,female,18-29,2.0,66,0.15242494226327943,exploratory_unweighted_not_clinical_reference
2021-2023,ALQ_L,ALQ111,female,30-39,1.0,381,0.9114832535885168,exploratory_unweighted_not_clinical_reference
2021-2023,ALQ_L,ALQ111,female,30-39,2.0,37,0.08851674641148326,exploratory_unweighted_not_clinical_reference
2021-2023,ALQ_L,ALQ111,female,40-49,1.0,333,0.9098360655737705,exploratory_unweighted_not_clinical_reference
2021-2023,ALQ_L,ALQ111,female,40-49,2.0,33,0.09016393442622951,exploratory_unweighted_not_clinical_reference
2021-2023,ALQ_L,ALQ111,female,50-59,1.0,416,0.930648769574944,exploratory_unweighted_not_clinical_reference
2021-2023,ALQ_L,ALQ111,female,50-59,2.0,30,0.06711409395973154,exploratory_unweighted_not_clinical_reference
2021-2023,ALQ_L,ALQ111,female,50-59,9.0,1,0.0022371364653243847,exploratory_unweighted_not_clinical_reference
2021-2023,ALQ_L,ALQ111,female,60-69,1.0,672,0.900804289544236,exploratory_unweighted_not_clinical_reference
2021-2023,ALQ_L,ALQ111,female,60-69,2.0,73,0.09785522788203753,exploratory_unweighted_not_clinical_reference
2021-2023,ALQ_L,ALQ111,female,60-69,9.0,1,0.0013404825737265416,exploratory_unweighted_not_clinical_reference
2021-2023,ALQ_L,ALQ111,female,70-79,1.0,370,0.8564814814814815,exploratory_unweighted_not_clinical_reference
2021-2023,ALQ_L,ALQ111,female,70-79,2.0,61,0.1412037037037037,exploratory_unweighted_not_clinical_reference
2021-2023,ALQ_L,ALQ111,female,70-79,9.0,1,0.0023148148148148147,exploratory_unweighted_not_clinical_reference
2021-2023,ALQ_L,ALQ111,female,80+,1.0,106,0.7969924812030075,exploratory_unweighted_not_clinical_reference
2021-2023,ALQ_L,ALQ111,female,80+,2.0,27,0.20300751879699247,exploratory_unweighted_not_clinical_reference
2021-2023,ALQ_L,ALQ111,male,18-29,1.0,308,0.8,exploratory_unweighted_not_clinical_reference
2021-2023,ALQ_L,ALQ111,male,18-29,2.0,77,0.2,exploratory_unweighted_not_clinical_reference
2021-2023,ALQ_L,ALQ111,male,30-39,1.0,331,0.9538904899135446,exploratory_unweighted_not_clinical_reference
2021-2023,ALQ_L,ALQ111,male,30-39,2.0,16,0.04610951008645533,exploratory_unweighted_not_clinical_reference
2021-2023,ALQ_L,ALQ111,male,40-49,1.0,287,0.9379084967320261,exploratory_unweighted_not_clinical_reference
2021-2023,ALQ_L,ALQ111,male,40-49,2.0,19,0.06209150326797386,exploratory_unweighted_not_clinical_reference
2021-2023,ALQ_L,ALQ111,male,50-59,1.0,335,0.9203296703296703,exploratory_unweighted_not_clinical_reference
2021-2023,ALQ_L,ALQ111,male,50-59,2.0,29,0.07967032967032966,exploratory_unweighted_not_clinical_reference
2021-2023,ALQ_L,ALQ111,male,60-69,1.0,561,0.9460370994940978,exploratory_unweighted_not_clinical_reference
2021-2023,ALQ_L,ALQ111,male,60-69,2.0,32,0.05396290050590219,exploratory_unweighted_not_clinical_reference
2021-2023,ALQ_L,ALQ111,male,70-79,1.0,353,0.9051282051282051,exploratory_unweighted_not_clinical_reference
2021-2023,ALQ_L,ALQ111,male,70-79,2.0,36,0.09230769230769231,exploratory_unweighted_not_clinical_reference
2021-2023,ALQ_L,ALQ111,male,70-79,9.0,1,0.002564102564102564,exploratory_unweighted_not_clinical_reference
2021-2023,ALQ_L,ALQ111,male,80+,1.0,98,0.8099173553719008,exploratory_unweighted_not_clinical_reference
2021-2023,ALQ_L,ALQ111,male,80+,2.0,22,0.18181818181818182,exploratory_unweighted_not_clinical_reference
2021-2023,ALQ_L,ALQ111,male,80+,9.0,1,0.008264462809917356,exploratory_unweighted_not_clinical_reference
2021-2023,ALQ_L,ALQ121,female,18-29,6.0,73,0.1989100817438692,exploratory_unweighted_not_clinical_reference
2021-2023,ALQ_L,ALQ121,female,18-29,9.0,50,0.1362397820163488,exploratory_unweighted_not_clinical_reference
2021-2023,ALQ_L,ALQ121,female,18-29,10.0,49,0.1335149863760218,exploratory_unweighted_not_clinical_reference
2021-2023,ALQ_L,ALQ121,female,18-29,7.0,45,0.1226158038147139,exploratory_unweighted_not_clinical_reference
2021-2023,ALQ_L,ALQ121,female,18-29,5.0,45,0.1226158038147139,exploratory_unweighted_not_clinical_reference
2021-2023,ALQ_L,ALQ121,female,18-29,4.0,34,0.09264305177111716,exploratory_unweighted_not_clinical_reference
2021-2023,ALQ_L,ALQ121,female,18-29,8.0,24,0.0653950953678474,exploratory_unweighted_not_clinical_reference
2021-2023,ALQ_L,ALQ121,female,18-29,3.0,24,0.0653950953678474,exploratory_unweighted_not_clinical_reference
2021-2023,ALQ_L,ALQ121,female,18-29,5.397605346934028e-79,18,0.04904632152588556,exploratory_unweighted_not_clinical_reference
2021-2023,ALQ_L,ALQ121,female,18-29,2.0,5,0.013623978201634877,exploratory_unweighted_not_clinical_reference
2021-2023,ALQ_L,ALQ121,female,30-39,10.0,53,0.13910761154855644,exploratory_unweighted_not_clinical_reference
2021-2023,ALQ_L,ALQ121,female,30-39,6.0,51,0.13385826771653545,exploratory_unweighted_not_clinical_reference
2021-2023,ALQ_L,ALQ121,female,30-39,9.0,46,0.12073490813648294,exploratory_unweighted_not_clinical_reference
2021-2023,ALQ_L,ALQ121,female,30-39,4.0,45,0.11811023622047244,exploratory_unweighted_not_clinical_reference
2021-2023,ALQ_L,ALQ121,female,30-39,5.0,40,0.10498687664041995,exploratory_unweighted_not_clinical_reference
2021-2023,ALQ_L,ALQ121,female,30-39,5.397605346934028e-79,39,0.10236220472440945,exploratory_unweighted_not_clinical_reference
2021-2023,ALQ_L,ALQ121,female,30-39,7.0,33,0.08661417322834646,exploratory_unweighted_not_clinical_reference
2021-2023,ALQ_L,ALQ121,female,30-39,3.0,32,0.08398950131233596,exploratory_unweighted_not_clinical_reference
2021-2023,ALQ_L,ALQ121,female,30-39,8.0,27,0.07086614173228346,exploratory_unweighted_not_clinical_reference
2021-2023,ALQ_L,ALQ121,female,30-39,2.0,11,0.028871391076115485,exploratory_unweighted_not_clinical_reference
2021-2023,ALQ_L,ALQ121,female,30-39,1.0,4,0.010498687664041995,exploratory_unweighted_not_clinical_reference
2021-2023,ALQ_L,ALQ121,female,40-49,10.0,53,0.15963855421686746,exploratory_unweighted_not_clinical_reference
2021-2023,ALQ_L,ALQ121,female,40-49,6.0,49,0.14759036144578314,exploratory_unweighted_not_clinical_reference
2021-2023,ALQ_L,ALQ121,female,40-49,9.0,46,0.13855421686746988,exploratory_unweighted_not_clinical_reference
2021-2023,ALQ_L,ALQ121,female,40-49,5.397605346934028e-79,42,0.12650602409638553,exploratory_unweighted_not_clinical_reference
2021-2023,ALQ_L,ALQ121,female,40-49,4.0,31,0.09337349397590361,exploratory_unweighted_not_clinical_reference
2021-2023,ALQ_L,ALQ121,female,40-49,5.0,29,0.08734939759036145,exploratory_unweighted_not_clinical_reference
2021-2023,ALQ_L,ALQ121,female,40-49,7.0,25,0.07530120481927711,exploratory_unweighted_not_clinical_reference
2021-2023,ALQ_L,ALQ121,female,40-49,2.0,20,0.060240963855421686,exploratory_unweighted_not_clinical_reference
2021-2023,ALQ_L,ALQ121,female,40-49,3.0,19,0.0572289156626506,exploratory_unweighted_not_clinical_reference
2021-2023,ALQ_L,ALQ121,female,40-49,8.0,16,0.04819277108433735,exploratory_unweighted_not_clinical_reference
2021-2023,ALQ_L,ALQ121,female,40-49,1.0,2,0.006024096385542169,exploratory_unweighted_not_clinical_reference
2021-2023,ALQ_L,ALQ121,female,50-59,10.0,66,0.15827338129496402,exploratory_unweighted_not_clinical_reference
2021-2023,ALQ_L,ALQ121,female,50-59,5.397605346934028e-79,65,0.15587529976019185,exploratory_unweighted_not_clinical_reference
2021-2023,ALQ_L,ALQ121,female,50-59,6.0,57,0.1366906474820144,exploratory_unweighted_not_clinical_reference
2021-2023,ALQ_L,ALQ121,female,50-59,9.0,52,0.12470023980815348,exploratory_unweighted_not_clinical_reference
2021-2023,ALQ_L,ALQ121,female,50-59,4.0,35,0.08393285371702638,exploratory_unweighted_not_clinical_reference
2021-2023,ALQ_L,ALQ121,female,50-59,3.0,32,0.07673860911270983,exploratory_unweighted_not_clinical_reference
2021-2023,ALQ_L,ALQ121,female,50-59,7.0,32,0.07673860911270983,exploratory_unweighted_not_clinical_reference
2021-2023,ALQ_L,ALQ121,female,50-59,5.0,30,0.07194244604316546,exploratory_unweighted_not_clinical_reference
2021-2023,ALQ_L,ALQ121,female,50-59,8.0,23,0.05515587529976019,exploratory_unweighted_not_clinical_reference
2021-2023,ALQ_L,ALQ121,female,50-59,2.0,17,0.0407673860911271,exploratory_unweighted_not_clinical_reference
2021-2023,ALQ_L,ALQ121,female,50-59,1.0,7,0.016786570743405275,exploratory_unweighted_not_clinical_reference
2021-2023,ALQ_L,ALQ121,female,50-59,77.0,1,0.002398081534772182,exploratory_unweighted_not_clinical_reference
2021-2023,ALQ_L,ALQ121,female,60-69,5.397605346934028e-79,155,0.2303120356612184,exploratory_unweighted_not_clinical_reference
2021-2023,ALQ_L,ALQ121,female,60-69,10.0,93,0.13818722139673106,exploratory_unweighted_not_clinical_reference
2021-2023,ALQ_L,ALQ121,female,60-69,9.0,85,0.1263001485884101,exploratory_unweighted_not_clinical_reference
2021-2023,ALQ_L,ALQ121,female,60-69,6.0,68,0.10104011887072809,exploratory_unweighted_not_clinical_reference
2021-2023,ALQ_L,ALQ121,female,60-69,3.0,57,0.08469539375928678,exploratory_unweighted_not_clinical_reference
2021-2023,ALQ_L,ALQ121,female,60-69,4.0,52,0.07726597325408618,exploratory_unweighted_not_clinical_reference
2021-2023,ALQ_L,ALQ121,female,60-69,5.0,38,0.05646359583952452,exploratory_unweighted_not_clinical_reference
2021-2023,ALQ_L,ALQ121,female,60-69,2.0,37,0.0549777117384844,exploratory_unweighted_not_clinical_reference
2021-2023,ALQ_L,ALQ121,female,60-69,8.0,35,0.05200594353640416,exploratory_unweighted_not_clinical_reference
2021-2023,ALQ_L,ALQ121,female,60-69,7.0,35,0.05200594353640416,exploratory_unweighted_not_clinical_reference
2021-2023,ALQ_L,ALQ121,female,60-69,1.0,18,0.02674591381872214,exploratory_unweighted_not_clinical_reference
2021-2023,ALQ_L,ALQ121,female,70-79,5.397605346934028e-79,105,0.2830188679245283,exploratory_unweighted_not_clinical_reference
2021-2023,ALQ_L,ALQ121,female,70-79,10.0,49,0.1320754716981132,exploratory_unweighted_not_clinical_reference
2021-2023,ALQ_L,ALQ121,female,70-79,9.0,46,0.12398921832884097,exploratory_unweighted_not_clinical_reference
2021-2023,ALQ_L,ALQ121,female,70-79,6.0,31,0.08355795148247978,exploratory_unweighted_not_clinical_reference
2021-2023,ALQ_L,ALQ121,female,70-79,3.0,28,0.07547169811320754,exploratory_unweighted_not_clinical_reference
2021-2023,ALQ_L,ALQ121,female,70-79,2.0,22,0.05929919137466307,exploratory_unweighted_not_clinical_reference
2021-2023,ALQ_L,ALQ121,female,70-79,7.0,21,0.05660377358490566,exploratory_unweighted_not_clinical_reference
2021-2023,ALQ_L,ALQ121,female,70-79,8.0,19,0.05121293800539083,exploratory_unweighted_not_clinical_reference
2021-2023,ALQ_L,ALQ121,female,70-79,1.0,18,0.04851752021563342,exploratory_unweighted_not_clinical_reference
2021-2023,ALQ_L,ALQ121,female,70-79,5.0,17,0.04582210242587601,exploratory_unweighted_not_clinical_reference
2021-2023,ALQ_L,ALQ121,female,70-79,4.0,15,0.04043126684636118,exploratory_unweighted_not_clinical_reference
2021-2023,ALQ_L,ALQ121,female,80+,5.397605346934028e-79,31,0.29245283018867924,exploratory_unweighted_not_clinical_reference
2021-2023,ALQ_L,ALQ121,female,80+,3.0,14,0.1320754716981132,exploratory_unweighted_not_clinical_reference
2021-2023,ALQ_L,ALQ121,female,80+,9.0,11,0.10377358490566038,exploratory_unweighted_not_clinical_reference
2021-2023,ALQ_L,ALQ121,female,80+,10.0,8,0.07547169811320754,exploratory_unweighted_not_clinical_reference
2021-2023,ALQ_L,ALQ121,female,80+,1.0,8,0.07547169811320754,exploratory_unweighted_not_clinical_reference
2021-2023,ALQ_L,ALQ121,female,80+,7.0,7,0.0660377358490566,exploratory_unweighted_not_clinical_reference
2021-2023,ALQ_L,ALQ121,female,80+,5.0,7,0.0660377358490566,exploratory_unweighted_not_clinical_reference
2021-2023,ALQ_L,ALQ121,female,80+,6.0,6,0.05660377358490566,exploratory_unweighted_not_clinical_reference
2021-2023,ALQ_L,ALQ121,female,80+,4.0,5,0.04716981132075472,exploratory_unweighted_not_clinical_reference
2021-2023,ALQ_L,ALQ121,female,80+,8.0,4,0.03773584905660377,exploratory_unweighted_not_clinical_reference
2021-2023,ALQ_L,ALQ121,female,80+,2.0,4,0.03773584905660377,exploratory_unweighted_not_clinical_reference
2021-2023,ALQ_L,ALQ121,female,80+,99.0,1,0.009433962264150943,exploratory_unweighted_not_clinical_reference
2021-2023,ALQ_L,ALQ121,male,18-29,6.0,47,0.1525974025974026,exploratory_unweighted_not_clinical_reference
2021-2023,ALQ_L,ALQ121,male,18-29,4.0,47,0.1525974025974026,exploratory_unweighted_not_clinical_reference
2021-2023,ALQ_L,ALQ121,male,18-29,9.0,39,0.1266233766233766,exploratory_unweighted_not_clinical_reference
2021-2023,ALQ_L,ALQ121,male,18-29,10.0,34,0.11038961038961038,exploratory_unweighted_not_clinical_reference
2021-2023,ALQ_L,ALQ121,male,18-29,5.0,31,0.10064935064935066,exploratory_unweighted_not_clinical_reference
2021-2023,ALQ_L,ALQ121,male,18-29,5.397605346934028e-79,27,0.08766233766233766,exploratory_unweighted_not_clinical_reference
2021-2023,ALQ_L,ALQ121,male,18-29,7.0,24,0.07792207792207792,exploratory_unweighted_not_clinical_reference
2021-2023,ALQ_L,ALQ121,male,18-29,3.0,23,0.07467532467532467,exploratory_unweighted_not_clinical_reference
2021-2023,ALQ_L,ALQ121,male,18-29,8.0,23,0.07467532467532467,exploratory_unweighted_not_clinical_reference
2021-2023,ALQ_L,ALQ121,male,18-29,2.0,12,0.03896103896103896,exploratory_unweighted_not_clinical_reference
2021-2023,ALQ_L,ALQ121,male,18-29,1.0,1,0.003246753246753247,exploratory_unweighted_not_clinical_reference
2021-2023,ALQ_L,ALQ121,male,30-39,6.0,51,0.1540785498489426,exploratory_unweighted_not_clinical_reference
2021-2023,ALQ_L,ALQ121,male,30-39,3.0,44,0.13293051359516617,exploratory_unweighted_not_clinical_reference
2021-2023,ALQ_L,ALQ121,male,30-39,4.0,41,0.12386706948640483,exploratory_unweighted_not_clinical_reference
2021-2023,ALQ_L,ALQ121,male,30-39,5.0,35,0.10574018126888217,exploratory_unweighted_not_clinical_reference
2021-2023,ALQ_L,ALQ121,male,30-39,7.0,33,0.09969788519637462,exploratory_unweighted_not_clinical_reference
2021-2023,ALQ_L,ALQ121,male,30-39,8.0,25,0.0755287009063444,exploratory_unweighted_not_clinical_reference
2021-2023,ALQ_L,ALQ121,male,30-39,9.0,25,0.0755287009063444,exploratory_unweighted_not_clinical_reference
2021-2023,ALQ_L,ALQ121,male,30-39,5.397605346934028e-79,23,0.06948640483383686,exploratory_unweighted_not_clinical_reference
2021-2023,ALQ_L,ALQ121,male,30-39,2.0,22,0.06646525679758308,exploratory_unweighted_not_clinical_reference
2021-2023,ALQ_L,ALQ121,male,30-39,10.0,19,0.05740181268882175,exploratory_unweighted_not_clinical_reference
2021-2023,ALQ_L,ALQ121,male,30-39,1.0,13,0.03927492447129909,exploratory_unweighted_not_clinical_reference
2021-2023,ALQ_L,ALQ121,male,40-49,3.0,44,0.15331010452961671,exploratory_unweighted_not_clinical_reference
2021-2023,ALQ_L,ALQ121,male,40-49,5.397605346934028e-79,35,0.12195121951219512,exploratory_unweighted_not_clinical_reference
2021-2023,ALQ_L,ALQ121,male,40-49,6.0,35,0.12195121951219512,exploratory_unweighted_not_clinical_reference
2021-2023,ALQ_L,ALQ121,male,40-49,5.0,34,0.11846689895470383,exploratory_unweighted_not_clinical_reference
2021-2023,ALQ_L,ALQ121,male,40-49,4.0,33,0.11498257839721254,exploratory_unweighted_not_clinical_reference
2021-2023,ALQ_L,ALQ121,male,40-49,9.0,26,0.09059233449477352,exploratory_unweighted_not_clinical_reference
2021-2023,ALQ_L,ALQ121,male,40-49,10.0,20,0.06968641114982578,exploratory_unweighted_not_clinical_reference
2021-2023,ALQ_L,ALQ121,male,40-49,2.0,20,0.06968641114982578,exploratory_unweighted_not_clinical_reference
2021-2023,ALQ_L,ALQ121,male,40-49,7.0,17,0.059233449477351915,exploratory_unweighted_not_clinical_reference
2021-2023,ALQ_L,ALQ121,male,40-49,8.0,12,0.041811846689895474,exploratory_unweighted_not_clinical_reference
2021-2023,ALQ_L,ALQ121,male,40-49,1.0,11,0.03832752613240418,exploratory_unweighted_not_clinical_reference
2021-2023,ALQ_L,ALQ121,male,50-59,5.397605346934028e-79,63,0.1880597014925373,exploratory_unweighted_not_clinical_reference
2021-2023,ALQ_L,ALQ121,male,50-59,4.0,41,0.12238805970149254,exploratory_unweighted_not_clinical_reference
2021-2023,ALQ_L,ALQ121,male,50-59,5.0,40,0.11940298507462686,exploratory_unweighted_not_clinical_reference
2021-2023,ALQ_L,ALQ121,male,50-59,3.0,34,0.10149253731343283,exploratory_unweighted_not_clinical_reference
2021-2023,ALQ_L,ALQ121,male,50-59,7.0,29,0.08656716417910448,exploratory_unweighted_not_clinical_reference
2021-2023,ALQ_L,ALQ121,male,50-59,2.0,28,0.08358208955223881,exploratory_unweighted_not_clinical_reference
2021-2023,ALQ_L,ALQ121,male,50-59,6.0,25,0.07462686567164178,exploratory_unweighted_not_clinical_reference
2021-2023,ALQ_L,ALQ121,male,50-59,10.0,25,0.07462686567164178,exploratory_unweighted_not_clinical_reference
2021-2023,ALQ_L,ALQ121,male,50-59,9.0,18,0.05373134328358209,exploratory_unweighted_not_clinical_reference
2021-2023,ALQ_L,ALQ121,male,50-59,1.0,18,0.05373134328358209,exploratory_unweighted_not_clinical_reference
2021-2023,ALQ_L,ALQ121,male,50-59,8.0,14,0.041791044776119404,exploratory_unweighted_not_clinical_reference
2021-2023,ALQ_L,ALQ121,male,60-69,5.397605346934028e-79,116,0.20677361853832443,exploratory_unweighted_not_clinical_reference
2021-2023,ALQ_L,ALQ121,male,60-69,4.0,66,0.11764705882352941,exploratory_unweighted_not_clinical_reference
2021-2023,ALQ_L,ALQ121,male,60-69,2.0,55,0.09803921568627451,exploratory_unweighted_not_clinical_reference
2021-2023,ALQ_L,ALQ121,male,60-69,3.0,53,0.0944741532976827,exploratory_unweighted_not_clinical_reference
2021-2023,ALQ_L,ALQ121,male,60-69,6.0,49,0.0873440285204991,exploratory_unweighted_not_clinical_reference
2021-2023,ALQ_L,ALQ121,male,60-69,10.0,47,0.08377896613190731,exploratory_unweighted_not_clinical_reference
2021-2023,ALQ_L,ALQ121,male,60-69,5.0,41,0.07308377896613191,exploratory_unweighted_not_clinical_reference
2021-2023,ALQ_L,ALQ121,male,60-69,7.0,37,0.0659536541889483,exploratory_unweighted_not_clinical_reference
2021-2023,ALQ_L,ALQ121,male,60-69,9.0,36,0.06417112299465241,exploratory_unweighted_not_clinical_reference
2021-2023,ALQ_L,ALQ121,male,60-69,1.0,36,0.06417112299465241,exploratory_unweighted_not_clinical_reference
2021-2023,ALQ_L,ALQ121,male,60-69,8.0,23,0.040998217468805706,exploratory_unweighted_not_clinical_reference
2021-2023,ALQ_L,ALQ121,male,60-69,99.0,2,0.0035650623885918,exploratory_unweighted_not_clinical_reference
2021-2023,ALQ_L,ALQ121,male,70-79,5.397605346934028e-79,89,0.2514124293785311,exploratory_unweighted_not_clinical_reference
2021-2023,ALQ_L,ALQ121,male,70-79,2.0,42,0.11864406779661017,exploratory_unweighted_not_clinical_reference
2021-2023,ALQ_L,ALQ121,male,70-79,3.0,41,0.11581920903954802,exploratory_unweighted_not_clinical_reference
2021-2023,ALQ_L,ALQ121,male,70-79,4.0,35,0.09887005649717515,exploratory_unweighted_not_clinical_reference
2021-2023,ALQ_L,ALQ121,male,70-79,9.0,30,0.0847457627118644,exploratory_unweighted_not_clinical_reference
2021-2023,ALQ_L,ALQ121,male,70-79,5.0,24,0.06779661016949153,exploratory_unweighted_not_clinical_reference
2021-2023,ALQ_L,ALQ121,male,70-79,6.0,23,0.06497175141242938,exploratory_unweighted_not_clinical_reference
2021-2023,ALQ_L,ALQ121,male,70-79,10.0,20,0.05649717514124294,exploratory_unweighted_not_clinical_reference
2021-2023,ALQ_L,ALQ121,male,70-79,1.0,19,0.05367231638418079,exploratory_unweighted_not_clinical_reference
2021-2023,ALQ_L,ALQ121,male,70-79,7.0,18,0.05084745762711865,exploratory_unweighted_not_clinical_reference
2021-2023,ALQ_L,ALQ121,male,70-79,8.0,12,0.03389830508474576,exploratory_unweighted_not_clinical_reference
2021-2023,ALQ_L,ALQ121,male,70-79,77.0,1,0.002824858757062147,exploratory_unweighted_not_clinical_reference
2021-2023,ALQ_L,ALQ121,male,80+,5.397605346934028e-79,28,0.2828282828282828,exploratory_unweighted_not_clinical_reference
2021-2023,ALQ_L,ALQ121,male,80+,3.0,13,0.13131313131313133,exploratory_unweighted_not_clinical_reference
2021-2023,ALQ_L,ALQ121,male,80+,5.0,9,0.09090909090909091,exploratory_unweighted_not_clinical_reference
2021-2023,ALQ_L,ALQ121,male,80+,6.0,9,0.09090909090909091,exploratory_unweighted_not_clinical_reference
2021-2023,ALQ_L,ALQ121,male,80+,1.0,8,0.08080808080808081,exploratory_unweighted_not_clinical_reference
2021-2023,ALQ_L,ALQ121,male,80+,9.0,7,0.0707070707070707,exploratory_unweighted_not_clinical_reference
2021-2023,ALQ_L,ALQ121,male,80+,10.0,6,0.06060606060606061,exploratory_unweighted_not_clinical_reference
2021-2023,ALQ_L,ALQ121,male,80+,7.0,6,0.06060606060606061,exploratory_unweighted_not_clinical_reference
2021-2023,ALQ_L,ALQ121,male,80+,2.0,6,0.06060606060606061,exploratory_unweighted_not_clinical_reference
2021-2023,ALQ_L,ALQ121,male,80+,8.0,4,0.04040404040404041,exploratory_unweighted_not_clinical_reference
2021-2023,ALQ_L,ALQ121,male,80+,4.0,3,0.030303030303030304,exploratory_unweighted_not_clinical_reference
2021-2023,ALQ_L,ALQ130,female,18-29,2.0,109,0.3123209169054441,exploratory_unweighted_not_clinical_reference
2021-2023,ALQ_L,ALQ130,female,18-29,1.0,84,0.24068767908309455,exploratory_unweighted_not_clinical_reference
2021-2023,ALQ_L,ALQ130,female,18-29,3.0,63,0.18051575931232092,exploratory_unweighted_not_clinical_reference
2021-2023,ALQ_L,ALQ130,female,18-29,4.0,32,0.09169054441260745,exploratory_unweighted_not_clinical_reference
2021-2023,ALQ_L,ALQ130,female,18-29,5.0,24,0.06876790830945559,exploratory_unweighted_not_clinical_reference
2021-2023,ALQ_L,ALQ130,female,18-29,6.0,14,0.04011461318051576,exploratory_unweighted_not_clinical_reference
2021-2023,ALQ_L,ALQ130,female,18-29,12.0,6,0.017191977077363897,exploratory_unweighted_not_clinical_reference
2021-2023,ALQ_L,ALQ130,female,18-29,8.0,5,0.014326647564469915,exploratory_unweighted_not_clinical_reference
2021-2023,ALQ_L,ALQ130,female,18-29,7.0,5,0.014326647564469915,exploratory_unweighted_not_clinical_reference
2021-2023,ALQ_L,ALQ130,female,18-29,10.0,3,0.008595988538681949,exploratory_unweighted_not_clinical_reference
2021-2023,ALQ_L,ALQ130,female,18-29,15.0,2,0.0057306590257879654,exploratory_unweighted_not_clinical_reference
2021-2023,ALQ_L,ALQ130,female,18-29,777.0,1,0.0028653295128939827,exploratory_unweighted_not_clinical_reference
2021-2023,ALQ_L,ALQ130,female,18-29,999.0,1,0.0028653295128939827,exploratory_unweighted_not_clinical_reference
2021-2023,ALQ_L,ALQ130,female,30-39,2.0,106,0.31176470588235294,exploratory_unweighted_not_clinical_reference
2021-2023,ALQ_L,ALQ130,female,30-39,1.0,100,0.29411764705882354,exploratory_unweighted_not_clinical_reference
2021-2023,ALQ_L,ALQ130,female,30-39,3.0,62,0.18235294117647058,exploratory_unweighted_not_clinical_reference
2021-2023,ALQ_L,ALQ130,female,30-39,4.0,28,0.08235294117647059,exploratory_unweighted_not_clinical_reference
2021-2023,ALQ_L,ALQ130,female,30-39,5.0,26,0.07647058823529412,exploratory_unweighted_not_clinical_reference
2021-2023,ALQ_L,ALQ130,female,30-39,6.0,9,0.026470588235294117,exploratory_unweighted_not_clinical_reference
2021-2023,ALQ_L,ALQ130,female,30-39,10.0,3,0.008823529411764706,exploratory_unweighted_not_clinical_reference
2021-2023,ALQ_L,ALQ130,female,30-39,12.0,3,0.008823529411764706,exploratory_unweighted_not_clinical_reference
2021-2023,ALQ_L,ALQ130,female,30-39,8.0,2,0.0058823529411764705,exploratory_unweighted_not_clinical_reference
2021-2023,ALQ_L,ALQ130,female,30-39,7.0,1,0.0029411764705882353,exploratory_unweighted_not_clinical_reference
2021-2023,ALQ_L,ALQ130,female,40-49,1.0,112,0.38620689655172413,exploratory_unweighted_not_clinical_reference
2021-2023,ALQ_L,ALQ130,female,40-49,2.0,96,0.3310344827586207,exploratory_unweighted_not_clinical_reference
2021-2023,ALQ_L,ALQ130,female,40-49,3.0,46,0.15862068965517243,exploratory_unweighted_not_clinical_reference
2021-2023,ALQ_L,ALQ130,female,40-49,4.0,12,0.041379310344827586,exploratory_unweighted_not_clinical_reference
2021-2023,ALQ_L,ALQ130,female,40-49,5.0,10,0.034482758620689655,exploratory_unweighted_not_clinical_reference
2021-2023,ALQ_L,ALQ130,female,40-49,12.0,4,0.013793103448275862,exploratory_unweighted_not_clinical_reference
2021-2023,ALQ_L,ALQ130,female,40-49,6.0,4,0.013793103448275862,exploratory_unweighted_not_clinical_reference
2021-2023,ALQ_L,ALQ130,female,40-49,10.0,2,0.006896551724137931,exploratory_unweighted_not_clinical_reference
2021-2023,ALQ_L,ALQ130,female,40-49,8.0,2,0.006896551724137931,exploratory_unweighted_not_clinical_reference
2021-2023,ALQ_L,ALQ130,female,40-49,7.0,1,0.0034482758620689655,exploratory_unweighted_not_clinical_reference
2021-2023,ALQ_L,ALQ130,female,40-49,15.0,1,0.0034482758620689655,exploratory_unweighted_not_clinical_reference
2021-2023,ALQ_L,ALQ130,female,50-59,1.0,137,0.3903133903133903,exploratory_unweighted_not_clinical_reference
2021-2023,ALQ_L,ALQ130,female,50-59,2.0,122,0.3475783475783476,exploratory_unweighted_not_clinical_reference
2021-2023,ALQ_L,ALQ130,female,50-59,3.0,43,0.1225071225071225,exploratory_unweighted_not_clinical_reference
2021-2023,ALQ_L,ALQ130,female,50-59,5.0,19,0.05413105413105413,exploratory_unweighted_not_clinical_reference
2021-2023,ALQ_L,ALQ130,female,50-59,4.0,14,0.039886039886039885,exploratory_unweighted_not_clinical_reference
2021-2023,ALQ_L,ALQ130,female,50-59,6.0,11,0.03133903133903134,exploratory_unweighted_not_clinical_reference
2021-2023,ALQ_L,ALQ130,female,50-59,15.0,2,0.005698005698005698,exploratory_unweighted_not_clinical_reference
2021-2023,ALQ_L,ALQ130,female,50-59,9.0,1,0.002849002849002849,exploratory_unweighted_not_clinical_reference
2021-2023,ALQ_L,ALQ130,female,50-59,7.0,1,0.002849002849002849,exploratory_unweighted_not_clinical_reference
2021-2023,ALQ_L,ALQ130,female,50-59,10.0,1,0.002849002849002849,exploratory_unweighted_not_clinical_reference
2021-2023,ALQ_L,ALQ130,female,60-69,1.0,222,0.42940038684719534,exploratory_unweighted_not_clinical_reference
2021-2023,ALQ_L,ALQ130,female,60-69,2.0,181,0.35009671179883944,exploratory_unweighted_not_clinical_reference
2021-2023,ALQ_L,ALQ130,female,60-69,3.0,64,0.12379110251450677,exploratory_unweighted_not_clinical_reference
2021-2023,ALQ_L,ALQ130,female,60-69,5.0,18,0.03481624758220503,exploratory_unweighted_not_clinical_reference
2021-2023,ALQ_L,ALQ130,female,60-69,4.0,13,0.025145067698259187,exploratory_unweighted_not_clinical_reference
2021-2023,ALQ_L,ALQ130,female,60-69,12.0,7,0.013539651837524178,exploratory_unweighted_not_clinical_reference
2021-2023,ALQ_L,ALQ130,female,60-69,6.0,3,0.005802707930367505,exploratory_unweighted_not_clinical_reference
2021-2023,ALQ_L,ALQ130,female,60-69,10.0,2,0.0038684719535783366,exploratory_unweighted_not_clinical_reference
2021-2023,ALQ_L,ALQ130,female,60-69,9.0,2,0.0038684719535783366,exploratory_unweighted_not_clinical_reference
2021-2023,ALQ_L,ALQ130,female,60-69,15.0,1,0.0019342359767891683,exploratory_unweighted_not_clinical_reference
2021-2023,ALQ_L,ALQ130,female,60-69,999.0,1,0.0019342359767891683,exploratory_unweighted_not_clinical_reference
2021-2023,ALQ_L,ALQ130,female,60-69,8.0,1,0.0019342359767891683,exploratory_unweighted_not_clinical_reference
2021-2023,ALQ_L,ALQ130,female,60-69,7.0,1,0.0019342359767891683,exploratory_unweighted_not_clinical_reference
2021-2023,ALQ_L,ALQ130,female,60-69,777.0,1,0.0019342359767891683,exploratory_unweighted_not_clinical_reference
2021-2023,ALQ_L,ALQ130,female,70-79,1.0,139,0.5225563909774437,exploratory_unweighted_not_clinical_reference
2021-2023,ALQ_L,ALQ130,female,70-79,2.0,87,0.32706766917293234,exploratory_unweighted_not_clinical_reference
2021-2023,ALQ_L,ALQ130,female,70-79,3.0,13,0.04887218045112782,exploratory_unweighted_not_clinical_reference
2021-2023,ALQ_L,ALQ130,female,70-79,5.0,6,0.022556390977443608,exploratory_unweighted_not_clinical_reference
2021-2023,ALQ_L,ALQ130,female,70-79,4.0,5,0.018796992481203006,exploratory_unweighted_not_clinical_reference
2021-2023,ALQ_L,ALQ130,female,70-79,12.0,5,0.018796992481203006,exploratory_unweighted_not_clinical_reference
2021-2023,ALQ_L,ALQ130,female,70-79,6.0,4,0.015037593984962405,exploratory_unweighted_not_clinical_reference
2021-2023,ALQ_L,ALQ130,female,70-79,11.0,3,0.011278195488721804,exploratory_unweighted_not_clinical_reference
2021-2023,ALQ_L,ALQ130,female,70-79,999.0,2,0.007518796992481203,exploratory_unweighted_not_clinical_reference
2021-2023,ALQ_L,ALQ130,female,70-79,8.0,1,0.0037593984962406013,exploratory_unweighted_not_clinical_reference
2021-2023,ALQ_L,ALQ130,female,70-79,15.0,1,0.0037593984962406013,exploratory_unweighted_not_clinical_reference
2021-2023,ALQ_L,ALQ130,female,80+,1.0,44,0.5866666666666667,exploratory_unweighted_not_clinical_reference
2021-2023,ALQ_L,ALQ130,female,80+,2.0,16,0.21333333333333335,exploratory_unweighted_not_clinical_reference
2021-2023,ALQ_L,ALQ130,female,80+,5.0,6,0.08,exploratory_unweighted_not_clinical_reference
2021-2023,ALQ_L,ALQ130,female,80+,3.0,3,0.04,exploratory_unweighted_not_clinical_reference
2021-2023,ALQ_L,ALQ130,female,80+,6.0,2,0.02666666666666667,exploratory_unweighted_not_clinical_reference
2021-2023,ALQ_L,ALQ130,female,80+,777.0,1,0.013333333333333334,exploratory_unweighted_not_clinical_reference
2021-2023,ALQ_L,ALQ130,female,80+,8.0,1,0.013333333333333334,exploratory_unweighted_not_clinical_reference
2021-2023,ALQ_L,ALQ130,female,80+,15.0,1,0.013333333333333334,exploratory_unweighted_not_clinical_reference
2021-2023,ALQ_L,ALQ130,female,80+,9.0,1,0.013333333333333334,exploratory_unweighted_not_clinical_reference
2021-2023,ALQ_L,ALQ130,male,18-29,2.0,70,0.2517985611510791,exploratory_unweighted_not_clinical_reference
2021-2023,ALQ_L,ALQ130,male,18-29,1.0,54,0.19424460431654678,exploratory_unweighted_not_clinical_reference
2021-2023,ALQ_L,ALQ130,male,18-29,3.0,48,0.17266187050359713,exploratory_unweighted_not_clinical_reference
2021-2023,ALQ_L,ALQ130,male,18-29,4.0,37,0.13309352517985612,exploratory_unweighted_not_clinical_reference
2021-2023,ALQ_L,ALQ130,male,18-29,5.0,25,0.08992805755395683,exploratory_unweighted_not_clinical_reference
2021-2023,ALQ_L,ALQ130,male,18-29,6.0,15,0.0539568345323741,exploratory_unweighted_not_clinical_reference
2021-2023,ALQ_L,ALQ130,male,18-29,10.0,9,0.03237410071942446,exploratory_unweighted_not_clinical_reference
2021-2023,ALQ_L,ALQ130,male,18-29,15.0,5,0.017985611510791366,exploratory_unweighted_not_clinical_reference
2021-2023,ALQ_L,ALQ130,male,18-29,9.0,4,0.014388489208633094,exploratory_unweighted_not_clinical_reference
2021-2023,ALQ_L,ALQ130,male,18-29,12.0,4,0.014388489208633094,exploratory_unweighted_not_clinical_reference
2021-2023,ALQ_L,ALQ130,male,18-29,7.0,3,0.01079136690647482,exploratory_unweighted_not_clinical_reference
2021-2023,ALQ_L,ALQ130,male,18-29,8.0,3,0.01079136690647482,exploratory_unweighted_not_clinical_reference
2021-2023,ALQ_L,ALQ130,male,18-29,13.0,1,0.0035971223021582736,exploratory_unweighted_not_clinical_reference
2021-2023,ALQ_L,ALQ130,male,30-39,2.0,104,0.33986928104575165,exploratory_unweighted_not_clinical_reference
2021-2023,ALQ_L,ALQ130,male,30-39,3.0,65,0.21241830065359477,exploratory_unweighted_not_clinical_reference
2021-2023,ALQ_L,ALQ130,male,30-39,1.0,45,0.14705882352941177,exploratory_unweighted_not_clinical_reference
2021-2023,ALQ_L,ALQ130,male,30-39,5.0,23,0.07516339869281045,exploratory_unweighted_not_clinical_reference
2021-2023,ALQ_L,ALQ130,male,30-39,4.0,22,0.0718954248366013,exploratory_unweighted_not_clinical_reference
2021-2023,ALQ_L,ALQ130,male,30-39,6.0,21,0.06862745098039216,exploratory_unweighted_not_clinical_reference
2021-2023,ALQ_L,ALQ130,male,30-39,8.0,8,0.026143790849673203,exploratory_unweighted_not_clinical_reference
2021-2023,ALQ_L,ALQ130,male,30-39,12.0,6,0.0196078431372549,exploratory_unweighted_not_clinical_reference
2021-2023,ALQ_L,ALQ130,male,30-39,10.0,5,0.016339869281045753,exploratory_unweighted_not_clinical_reference
2021-2023,ALQ_L,ALQ130,male,30-39,7.0,3,0.00980392156862745,exploratory_unweighted_not_clinical_reference
2021-2023,ALQ_L,ALQ130,male,30-39,15.0,2,0.006535947712418301,exploratory_unweighted_not_clinical_reference
2021-2023,ALQ_L,ALQ130,male,30-39,9.0,1,0.0032679738562091504,exploratory_unweighted_not_clinical_reference
2021-2023,ALQ_L,ALQ130,male,30-39,14.0,1,0.0032679738562091504,exploratory_unweighted_not_clinical_reference
2021-2023,ALQ_L,ALQ130,male,40-49,2.0,71,0.28174603174603174,exploratory_unweighted_not_clinical_reference
2021-2023,ALQ_L,ALQ130,male,40-49,1.0,62,0.24603174603174602,exploratory_unweighted_not_clinical_reference
2021-2023,ALQ_L,ALQ130,male,40-49,3.0,43,0.17063492063492064,exploratory_unweighted_not_clinical_reference
2021-2023,ALQ_L,ALQ130,male,40-49,4.0,26,0.10317460317460317,exploratory_unweighted_not_clinical_reference
2021-2023,ALQ_L,ALQ130,male,40-49,5.0,22,0.0873015873015873,exploratory_unweighted_not_clinical_reference
2021-2023,ALQ_L,ALQ130,male,40-49,6.0,11,0.04365079365079365,exploratory_unweighted_not_clinical_reference
2021-2023,ALQ_L,ALQ130,male,40-49,8.0,7,0.027777777777777776,exploratory_unweighted_not_clinical_reference
2021-2023,ALQ_L,ALQ130,male,40-49,12.0,5,0.01984126984126984,exploratory_unweighted_not_clinical_reference
2021-2023,ALQ_L,ALQ130,male,40-49,9.0,3,0.011904761904761904,exploratory_unweighted_not_clinical_reference
2021-2023,ALQ_L,ALQ130,male,40-49,10.0,2,0.007936507936507936,exploratory_unweighted_not_clinical_reference
2021-2023,ALQ_L,ALQ130,male,50-59,2.0,97,0.35793357933579334,exploratory_unweighted_not_clinical_reference
2021-2023,ALQ_L,ALQ130,male,50-59,1.0,55,0.2029520295202952,exploratory_unweighted_not_clinical_reference
2021-2023,ALQ_L,ALQ130,male,50-59,3.0,43,0.15867158671586715,exploratory_unweighted_not_clinical_reference
2021-2023,ALQ_L,ALQ130,male,50-59,6.0,21,0.07749077490774908,exploratory_unweighted_not_clinical_reference
2021-2023,ALQ_L,ALQ130,male,50-59,4.0,21,0.07749077490774908,exploratory_unweighted_not_clinical_reference
2021-2023,ALQ_L,ALQ130,male,50-59,12.0,10,0.03690036900369004,exploratory_unweighted_not_clinical_reference
2021-2023,ALQ_L,ALQ130,male,50-59,8.0,7,0.025830258302583026,exploratory_unweighted_not_clinical_reference
2021-2023,ALQ_L,ALQ130,male,50-59,5.0,5,0.01845018450184502,exploratory_unweighted_not_clinical_reference
2021-2023,ALQ_L,ALQ130,male,50-59,9.0,4,0.014760147601476014,exploratory_unweighted_not_clinical_reference
2021-2023,ALQ_L,ALQ130,male,50-59,15.0,3,0.01107011070110701,exploratory_unweighted_not_clinical_reference
2021-2023,ALQ_L,ALQ130,male,50-59,7.0,2,0.007380073800738007,exploratory_unweighted_not_clinical_reference
2021-2023,ALQ_L,ALQ130,male,50-59,10.0,2,0.007380073800738007,exploratory_unweighted_not_clinical_reference
2021-2023,ALQ_L,ALQ130,male,50-59,999.0,1,0.0036900369003690036,exploratory_unweighted_not_clinical_reference
2021-2023,ALQ_L,ALQ130,male,60-69,2.0,141,0.32045454545454544,exploratory_unweighted_not_clinical_reference
2021-2023,ALQ_L,ALQ130,male,60-69,1.0,138,0.31363636363636366,exploratory_unweighted_not_clinical_reference
2021-2023,ALQ_L,ALQ130,male,60-69,3.0,71,0.16136363636363638,exploratory_unweighted_not_clinical_reference
2021-2023,ALQ_L,ALQ130,male,60-69,4.0,32,0.07272727272727272,exploratory_unweighted_not_clinical_reference
2021-2023,ALQ_L,ALQ130,male,60-69,6.0,21,0.04772727272727273,exploratory_unweighted_not_clinical_reference
2021-2023,ALQ_L,ALQ130,male,60-69,5.0,20,0.045454545454545456,exploratory_unweighted_not_clinical_reference
2021-2023,ALQ_L,ALQ130,male,60-69,8.0,4,0.00909090909090909,exploratory_unweighted_not_clinical_reference
2021-2023,ALQ_L,ALQ130,male,60-69,12.0,4,0.00909090909090909,exploratory_unweighted_not_clinical_reference
2021-2023,ALQ_L,ALQ130,male,60-69,9.0,2,0.004545454545454545,exploratory_unweighted_not_clinical_reference
2021-2023,ALQ_L,ALQ130,male,60-69,10.0,2,0.004545454545454545,exploratory_unweighted_not_clinical_reference
2021-2023,ALQ_L,ALQ130,male,60-69,999.0,2,0.004545454545454545,exploratory_unweighted_not_clinical_reference
2021-2023,ALQ_L,ALQ130,male,60-69,15.0,1,0.0022727272727272726,exploratory_unweighted_not_clinical_reference
2021-2023,ALQ_L,ALQ130,male,60-69,14.0,1,0.0022727272727272726,exploratory_unweighted_not_clinical_reference
2021-2023,ALQ_L,ALQ130,male,60-69,11.0,1,0.0022727272727272726,exploratory_unweighted_not_clinical_reference
2021-2023,ALQ_L,ALQ130,male,70-79,1.0,116,0.4393939393939394,exploratory_unweighted_not_clinical_reference
2021-2023,ALQ_L,ALQ130,male,70-79,2.0,91,0.3446969696969697,exploratory_unweighted_not_clinical_reference
2021-2023,ALQ_L,ALQ130,male,70-79,3.0,31,0.11742424242424243,exploratory_unweighted_not_clinical_reference
2021-2023,ALQ_L,ALQ130,male,70-79,5.0,9,0.03409090909090909,exploratory_unweighted_not_clinical_reference
2021-2023,ALQ_L,ALQ130,male,70-79,4.0,8,0.030303030303030304,exploratory_unweighted_not_clinical_reference
2021-2023,ALQ_L,ALQ130,male,70-79,6.0,4,0.015151515151515152,exploratory_unweighted_not_clinical_reference
2021-2023,ALQ_L,ALQ130,male,70-79,999.0,2,0.007575757575757576,exploratory_unweighted_not_clinical_reference
2021-2023,ALQ_L,ALQ130,male,70-79,12.0,1,0.003787878787878788,exploratory_unweighted_not_clinical_reference
2021-2023,ALQ_L,ALQ130,male,70-79,9.0,1,0.003787878787878788,exploratory_unweighted_not_clinical_reference
2021-2023,ALQ_L,ALQ130,male,70-79,8.0,1,0.003787878787878788,exploratory_unweighted_not_clinical_reference
2021-2023,ALQ_L,ALQ130,male,80+,1.0,37,0.5285714285714286,exploratory_unweighted_not_clinical_reference
2021-2023,ALQ_L,ALQ130,male,80+,2.0,21,0.3,exploratory_unweighted_not_clinical_reference
2021-2023,ALQ_L,ALQ130,male,80+,3.0,4,0.05714285714285714,exploratory_unweighted_not_clinical_reference
2021-2023,ALQ_L,ALQ130,male,80+,5.0,3,0.04285714285714286,exploratory_unweighted_not_clinical_reference
2021-2023,ALQ_L,ALQ130,male,80+,777.0,1,0.014285714285714285,exploratory_unweighted_not_clinical_reference
2021-2023,ALQ_L,ALQ130,male,80+,999.0,1,0.014285714285714285,exploratory_unweighted_not_clinical_reference
2021-2023,ALQ_L,ALQ130,male,80+,4.0,1,0.014285714285714285,exploratory_unweighted_not_clinical_reference
2021-2023,ALQ_L,ALQ130,male,80+,6.0,1,0.014285714285714285,exploratory_unweighted_not_clinical_reference
2021-2023,ALQ_L,ALQ130,male,80+,15.0,1,0.014285714285714285,exploratory_unweighted_not_clinical_reference
2021-2023,ALQ_L,ALQ142,female,18-29,10.0,96,0.27507163323782235,exploratory_unweighted_not_clinical_reference
2021-2023,ALQ_L,ALQ142,female,18-29,5.397605346934028e-79,91,0.2607449856733524,exploratory_unweighted_not_clinical_reference
2021-2023,ALQ_L,ALQ142,female,18-29,9.0,57,0.16332378223495703,exploratory_unweighted_not_clinical_reference
2021-2023,ALQ_L,ALQ142,female,18-29,7.0,30,0.08595988538681948,exploratory_unweighted_not_clinical_reference
2021-2023,ALQ_L,ALQ142,female,18-29,6.0,28,0.08022922636103152,exploratory_unweighted_not_clinical_reference
2021-2023,ALQ_L,ALQ142,female,18-29,5.0,17,0.04871060171919771,exploratory_unweighted_not_clinical_reference
2021-2023,ALQ_L,ALQ142,female,18-29,8.0,16,0.045845272206303724,exploratory_unweighted_not_clinical_reference
2021-2023,ALQ_L,ALQ142,female,18-29,4.0,6,0.017191977077363897,exploratory_unweighted_not_clinical_reference
2021-2023,ALQ_L,ALQ142,female,18-29,3.0,6,0.017191977077363897,exploratory_unweighted_not_clinical_reference
2021-2023,ALQ_L,ALQ142,female,18-29,2.0,1,0.0028653295128939827,exploratory_unweighted_not_clinical_reference
2021-2023,ALQ_L,ALQ142,female,18-29,99.0,1,0.0028653295128939827,exploratory_unweighted_not_clinical_reference
2021-2023,ALQ_L,ALQ142,female,30-39,5.397605346934028e-79,111,0.32456140350877194,exploratory_unweighted_not_clinical_reference
2021-2023,ALQ_L,ALQ142,female,30-39,10.0,75,0.21929824561403508,exploratory_unweighted_not_clinical_reference
2021-2023,ALQ_L,ALQ142,female,30-39,9.0,51,0.14912280701754385,exploratory_unweighted_not_clinical_reference
2021-2023,ALQ_L,ALQ142,female,30-39,7.0,35,0.1023391812865497,exploratory_unweighted_not_clinical_reference
2021-2023,ALQ_L,ALQ142,female,30-39,6.0,22,0.06432748538011696,exploratory_unweighted_not_clinical_reference
2021-2023,ALQ_L,ALQ142,female,30-39,4.0,12,0.03508771929824561,exploratory_unweighted_not_clinical_reference
2021-2023,ALQ_L,ALQ142,female,30-39,3.0,12,0.03508771929824561,exploratory_unweighted_not_clinical_reference
2021-2023,ALQ_L,ALQ142,female,30-39,5.0,11,0.03216374269005848,exploratory_unweighted_not_clinical_reference
2021-2023,ALQ_L,ALQ142,female,30-39,8.0,9,0.02631578947368421,exploratory_unweighted_not_clinical_reference
2021-2023,ALQ_L,ALQ142,female,30-39,2.0,3,0.008771929824561403,exploratory_unweighted_not_clinical_reference
2021-2023,ALQ_L,ALQ142,female,30-39,77.0,1,0.0029239766081871343,exploratory_unweighted_not_clinical_reference
2021-2023,ALQ_L,ALQ142,female,40-49,5.397605346934028e-79,116,0.4,exploratory_unweighted_not_clinical_reference
2021-2023,ALQ_L,ALQ142,female,40-49,10.0,70,0.2413793103448276,exploratory_unweighted_not_clinical_reference
2021-2023,ALQ_L,ALQ142,female,40-49,9.0,28,0.09655172413793103,exploratory_unweighted_not_clinical_reference
2021-2023,ALQ_L,ALQ142,female,40-49,7.0,24,0.08275862068965517,exploratory_unweighted_not_clinical_reference
2021-2023,ALQ_L,ALQ142,female,40-49,6.0,18,0.06206896551724138,exploratory_unweighted_not_clinical_reference
2021-2023,ALQ_L,ALQ142,female,40-49,5.0,14,0.04827586206896552,exploratory_unweighted_not_clinical_reference
2021-2023,ALQ_L,ALQ142,female,40-49,8.0,6,0.020689655172413793,exploratory_unweighted_not_clinical_reference
2021-2023,ALQ_L,ALQ142,female,40-49,2.0,5,0.017241379310344827,exploratory_unweighted_not_clinical_reference
2021-2023,ALQ_L,ALQ142,female,40-49,4.0,5,0.017241379310344827,exploratory_unweighted_not_clinical_reference
2021-2023,ALQ_L,ALQ142,female,40-49,3.0,3,0.010344827586206896,exploratory_unweighted_not_clinical_reference
2021-2023,ALQ_L,ALQ142,female,40-49,1.0,1,0.0034482758620689655,exploratory_unweighted_not_clinical_reference
2021-2023,ALQ_L,ALQ142,female,50-59,5.397605346934028e-79,175,0.4985754985754986,exploratory_unweighted_not_clinical_reference
2021-2023,ALQ_L,ALQ142,female,50-59,10.0,68,0.19373219373219372,exploratory_unweighted_not_clinical_reference
2021-2023,ALQ_L,ALQ142,female,50-59,6.0,23,0.06552706552706553,exploratory_unweighted_not_clinical_reference
2021-2023,ALQ_L,ALQ142,female,50-59,9.0,21,0.05982905982905983,exploratory_unweighted_not_clinical_reference
2021-2023,ALQ_L,ALQ142,female,50-59,7.0,19,0.05413105413105413,exploratory_unweighted_not_clinical_reference
2021-2023,ALQ_L,ALQ142,female,50-59,5.0,10,0.02849002849002849,exploratory_unweighted_not_clinical_reference
2021-2023,ALQ_L,ALQ142,female,50-59,8.0,9,0.02564102564102564,exploratory_unweighted_not_clinical_reference
2021-2023,ALQ_L,ALQ142,female,50-59,4.0,7,0.019943019943019943,exploratory_unweighted_not_clinical_reference
2021-2023,ALQ_L,ALQ142,female,50-59,3.0,7,0.019943019943019943,exploratory_unweighted_not_clinical_reference
2021-2023,ALQ_L,ALQ142,female,50-59,2.0,5,0.014245014245014245,exploratory_unweighted_not_clinical_reference
2021-2023,ALQ_L,ALQ142,female,50-59,1.0,5,0.014245014245014245,exploratory_unweighted_not_clinical_reference
2021-2023,ALQ_L,ALQ142,female,50-59,99.0,1,0.002849002849002849,exploratory_unweighted_not_clinical_reference
2021-2023,ALQ_L,ALQ142,female,50-59,77.0,1,0.002849002849002849,exploratory_unweighted_not_clinical_reference
2021-2023,ALQ_L,ALQ142,female,60-69,5.397605346934028e-79,291,0.562862669245648,exploratory_unweighted_not_clinical_reference
2021-2023,ALQ_L,ALQ142,female,60-69,10.0,84,0.16247582205029013,exploratory_unweighted_not_clinical_reference
2021-2023,ALQ_L,ALQ142,female,60-69,9.0,35,0.06769825918762089,exploratory_unweighted_not_clinical_reference
2021-2023,ALQ_L,ALQ142,female,60-69,7.0,28,0.05415860735009671,exploratory_unweighted_not_clinical_reference
2021-2023,ALQ_L,ALQ142,female,60-69,6.0,19,0.0367504835589942,exploratory_unweighted_not_clinical_reference
2021-2023,ALQ_L,ALQ142,female,60-69,5.0,16,0.030947775628626693,exploratory_unweighted_not_clinical_reference
2021-2023,ALQ_L,ALQ142,female,60-69,3.0,16,0.030947775628626693,exploratory_unweighted_not_clinical_reference
2021-2023,ALQ_L,ALQ142,female,60-69,8.0,15,0.029013539651837523,exploratory_unweighted_not_clinical_reference
2021-2023,ALQ_L,ALQ142,female,60-69,4.0,6,0.01160541586073501,exploratory_unweighted_not_clinical_reference
2021-2023,ALQ_L,ALQ142,female,60-69,2.0,3,0.005802707930367505,exploratory_unweighted_not_clinical_reference
2021-2023,ALQ_L,ALQ142,female,60-69,99.0,2,0.0038684719535783366,exploratory_unweighted_not_clinical_reference
2021-2023,ALQ_L,ALQ142,female,60-69,77.0,1,0.0019342359767891683,exploratory_unweighted_not_clinical_reference
2021-2023,ALQ_L,ALQ142,female,60-69,1.0,1,0.0019342359767891683,exploratory_unweighted_not_clinical_reference
2021-2023,ALQ_L,ALQ142,female,70-79,5.397605346934028e-79,174,0.6541353383458647,exploratory_unweighted_not_clinical_reference
2021-2023,ALQ_L,ALQ142,female,70-79,10.0,33,0.12406015037593984,exploratory_unweighted_not_clinical_reference
2021-2023,ALQ_L,ALQ142,female,70-79,9.0,18,0.06766917293233082,exploratory_unweighted_not_clinical_reference
2021-2023,ALQ_L,ALQ142,female,70-79,7.0,8,0.03007518796992481,exploratory_unweighted_not_clinical_reference
2021-2023,ALQ_L,ALQ142,female,70-79,5.0,8,0.03007518796992481,exploratory_unweighted_not_clinical_reference
2021-2023,ALQ_L,ALQ142,female,70-79,6.0,8,0.03007518796992481,exploratory_unweighted_not_clinical_reference
2021-2023,ALQ_L,ALQ142,female,70-79,2.0,4,0.015037593984962405,exploratory_unweighted_not_clinical_reference
2021-2023,ALQ_L,ALQ142,female,70-79,4.0,4,0.015037593984962405,exploratory_unweighted_not_clinical_reference
2021-2023,ALQ_L,ALQ142,female,70-79,8.0,3,0.011278195488721804,exploratory_unweighted_not_clinical_reference
2021-2023,ALQ_L,ALQ142,female,70-79,1.0,2,0.007518796992481203,exploratory_unweighted_not_clinical_reference
2021-2023,ALQ_L,ALQ142,female,70-79,3.0,2,0.007518796992481203,exploratory_unweighted_not_clinical_reference
2021-2023,ALQ_L,ALQ142,female,70-79,99.0,1,0.0037593984962406013,exploratory_unweighted_not_clinical_reference
2021-2023,ALQ_L,ALQ142,female,70-79,77.0,1,0.0037593984962406013,exploratory_unweighted_not_clinical_reference
2021-2023,ALQ_L,ALQ142,female,80+,5.397605346934028e-79,46,0.6133333333333333,exploratory_unweighted_not_clinical_reference
2021-2023,ALQ_L,ALQ142,female,80+,10.0,14,0.18666666666666668,exploratory_unweighted_not_clinical_reference
2021-2023,ALQ_L,ALQ142,female,80+,9.0,4,0.05333333333333334,exploratory_unweighted_not_clinical_reference
2021-2023,ALQ_L,ALQ142,female,80+,3.0,4,0.05333333333333334,exploratory_unweighted_not_clinical_reference
2021-2023,ALQ_L,ALQ142,female,80+,7.0,3,0.04,exploratory_unweighted_not_clinical_reference
2021-2023,ALQ_L,ALQ142,female,80+,8.0,3,0.04,exploratory_unweighted_not_clinical_reference
2021-2023,ALQ_L,ALQ142,female,80+,5.0,1,0.013333333333333334,exploratory_unweighted_not_clinical_reference
2021-2023,ALQ_L,ALQ142,male,18-29,5.397605346934028e-79,75,0.2669039145907473,exploratory_unweighted_not_clinical_reference
2021-2023,ALQ_L,ALQ142,male,18-29,10.0,57,0.20284697508896798,exploratory_unweighted_not_clinical_reference
2021-2023,ALQ_L,ALQ142,male,18-29,9.0,38,0.13523131672597866,exploratory_unweighted_not_clinical_reference
2021-2023,ALQ_L,ALQ142,male,18-29,7.0,31,0.1103202846975089,exploratory_unweighted_not_clinical_reference
2021-2023,ALQ_L,ALQ142,male,18-29,6.0,21,0.07473309608540925,exploratory_unweighted_not_clinical_reference
2021-2023,ALQ_L,ALQ142,male,18-29,4.0,19,0.06761565836298933,exploratory_unweighted_not_clinical_reference
2021-2023,ALQ_L,ALQ142,male,18-29,8.0,16,0.05693950177935943,exploratory_unweighted_not_clinical_reference
2021-2023,ALQ_L,ALQ142,male,18-29,5.0,10,0.03558718861209965,exploratory_unweighted_not_clinical_reference
2021-2023,ALQ_L,ALQ142,male,18-29,3.0,7,0.02491103202846975,exploratory_unweighted_not_clinical_reference
2021-2023,ALQ_L,ALQ142,male,18-29,2.0,6,0.021352313167259787,exploratory_unweighted_not_clinical_reference
2021-2023,ALQ_L,ALQ142,male,18-29,1.0,1,0.0035587188612099642,exploratory_unweighted_not_clinical_reference
2021-2023,ALQ_L,ALQ142,male,30-39,5.397605346934028e-79,69,0.22402597402597402,exploratory_unweighted_not_clinical_reference
2021-2023,ALQ_L,ALQ142,male,30-39,10.0,50,0.16233766233766234,exploratory_unweighted_not_clinical_reference
2021-2023,ALQ_L,ALQ142,male,30-39,9.0,45,0.1461038961038961,exploratory_unweighted_not_clinical_reference
2021-2023,ALQ_L,ALQ142,male,30-39,5.0,31,0.10064935064935066,exploratory_unweighted_not_clinical_reference
2021-2023,ALQ_L,ALQ142,male,30-39,7.0,29,0.09415584415584416,exploratory_unweighted_not_clinical_reference
2021-2023,ALQ_L,ALQ142,male,30-39,6.0,27,0.08766233766233766,exploratory_unweighted_not_clinical_reference
2021-2023,ALQ_L,ALQ142,male,30-39,8.0,23,0.07467532467532467,exploratory_unweighted_not_clinical_reference
2021-2023,ALQ_L,ALQ142,male,30-39,3.0,14,0.045454545454545456,exploratory_unweighted_not_clinical_reference
2021-2023,ALQ_L,ALQ142,male,30-39,2.0,10,0.032467532467532464,exploratory_unweighted_not_clinical_reference
2021-2023,ALQ_L,ALQ142,male,30-39,4.0,6,0.01948051948051948,exploratory_unweighted_not_clinical_reference
2021-2023,ALQ_L,ALQ142,male,30-39,1.0,4,0.012987012987012988,exploratory_unweighted_not_clinical_reference
2021-2023,ALQ_L,ALQ142,male,40-49,5.397605346934028e-79,77,0.3055555555555556,exploratory_unweighted_not_clinical_reference
2021-2023,ALQ_L,ALQ142,male,40-49,10.0,39,0.15476190476190477,exploratory_unweighted_not_clinical_reference
2021-2023,ALQ_L,ALQ142,male,40-49,9.0,27,0.10714285714285714,exploratory_unweighted_not_clinical_reference
2021-2023,ALQ_L,ALQ142,male,40-49,7.0,23,0.09126984126984126,exploratory_unweighted_not_clinical_reference
2021-2023,ALQ_L,ALQ142,male,40-49,6.0,22,0.0873015873015873,exploratory_unweighted_not_clinical_reference
2021-2023,ALQ_L,ALQ142,male,40-49,5.0,19,0.07539682539682539,exploratory_unweighted_not_clinical_reference
2021-2023,ALQ_L,ALQ142,male,40-49,3.0,15,0.05952380952380952,exploratory_unweighted_not_clinical_reference
2021-2023,ALQ_L,ALQ142,male,40-49,4.0,13,0.051587301587301584,exploratory_unweighted_not_clinical_reference
2021-2023,ALQ_L,ALQ142,male,40-49,8.0,10,0.03968253968253968,exploratory_unweighted_not_clinical_reference
2021-2023,ALQ_L,ALQ142,male,40-49,1.0,6,0.023809523809523808,exploratory_unweighted_not_clinical_reference
2021-2023,ALQ_L,ALQ142,male,40-49,2.0,1,0.003968253968253968,exploratory_unweighted_not_clinical_reference
2021-2023,ALQ_L,ALQ142,male,50-59,5.397605346934028e-79,85,0.31365313653136534,exploratory_unweighted_not_clinical_reference
2021-2023,ALQ_L,ALQ142,male,50-59,10.0,47,0.17343173431734318,exploratory_unweighted_not_clinical_reference
2021-2023,ALQ_L,ALQ142,male,50-59,5.0,30,0.11070110701107011,exploratory_unweighted_not_clinical_reference
2021-2023,ALQ_L,ALQ142,male,50-59,7.0,22,0.08118081180811808,exploratory_unweighted_not_clinical_reference
2021-2023,ALQ_L,ALQ142,male,50-59,6.0,22,0.08118081180811808,exploratory_unweighted_not_clinical_reference
2021-2023,ALQ_L,ALQ142,male,50-59,3.0,14,0.05166051660516605,exploratory_unweighted_not_clinical_reference
2021-2023,ALQ_L,ALQ142,male,50-59,8.0,14,0.05166051660516605,exploratory_unweighted_not_clinical_reference
2021-2023,ALQ_L,ALQ142,male,50-59,9.0,12,0.04428044280442804,exploratory_unweighted_not_clinical_reference
2021-2023,ALQ_L,ALQ142,male,50-59,2.0,9,0.033210332103321034,exploratory_unweighted_not_clinical_reference
2021-2023,ALQ_L,ALQ142,male,50-59,4.0,8,0.02952029520295203,exploratory_unweighted_not_clinical_reference
2021-2023,ALQ_L,ALQ142,male,50-59,1.0,6,0.02214022140221402,exploratory_unweighted_not_clinical_reference
2021-2023,ALQ_L,ALQ142,male,50-59,99.0,1,0.0036900369003690036,exploratory_unweighted_not_clinical_reference
2021-2023,ALQ_L,ALQ142,male,50-59,77.0,1,0.0036900369003690036,exploratory_unweighted_not_clinical_reference
2021-2023,ALQ_L,ALQ142,male,60-69,5.397605346934028e-79,206,0.46292134831460674,exploratory_unweighted_not_clinical_reference
2021-2023,ALQ_L,ALQ142,male,60-69,10.0,53,0.11910112359550562,exploratory_unweighted_not_clinical_reference
2021-2023,ALQ_L,ALQ142,male,60-69,9.0,36,0.08089887640449438,exploratory_unweighted_not_clinical_reference
2021-2023,ALQ_L,ALQ142,male,60-69,6.0,26,0.058426966292134834,exploratory_unweighted_not_clinical_reference
2021-2023,ALQ_L,ALQ142,male,60-69,7.0,25,0.056179775280898875,exploratory_unweighted_not_clinical_reference
2021-2023,ALQ_L,ALQ142,male,60-69,5.0,25,0.056179775280898875,exploratory_unweighted_not_clinical_reference
2021-2023,ALQ_L,ALQ142,male,60-69,4.0,22,0.04943820224719101,exploratory_unweighted_not_clinical_reference
2021-2023,ALQ_L,ALQ142,male,60-69,8.0,13,0.029213483146067417,exploratory_unweighted_not_clinical_reference
2021-2023,ALQ_L,ALQ142,male,60-69,3.0,12,0.02696629213483146,exploratory_unweighted_not_clinical_reference
2021-2023,ALQ_L,ALQ142,male,60-69,1.0,12,0.02696629213483146,exploratory_unweighted_not_clinical_reference
2021-2023,ALQ_L,ALQ142,male,60-69,2.0,10,0.02247191011235955,exploratory_unweighted_not_clinical_reference
2021-2023,ALQ_L,ALQ142,male,60-69,99.0,4,0.008988764044943821,exploratory_unweighted_not_clinical_reference
2021-2023,ALQ_L,ALQ142,male,60-69,77.0,1,0.0022471910112359553,exploratory_unweighted_not_clinical_reference
2021-2023,ALQ_L,ALQ142,male,70-79,5.397605346934028e-79,146,0.553030303030303,exploratory_unweighted_not_clinical_reference
2021-2023,ALQ_L,ALQ142,male,70-79,10.0,38,0.14393939393939395,exploratory_unweighted_not_clinical_reference
2021-2023,ALQ_L,ALQ142,male,70-79,9.0,21,0.07954545454545454,exploratory_unweighted_not_clinical_reference
2021-2023,ALQ_L,ALQ142,male,70-79,5.0,12,0.045454545454545456,exploratory_unweighted_not_clinical_reference
2021-2023,ALQ_L,ALQ142,male,70-79,7.0,12,0.045454545454545456,exploratory_unweighted_not_clinical_reference
2021-2023,ALQ_L,ALQ142,male,70-79,6.0,10,0.03787878787878788,exploratory_unweighted_not_clinical_reference
2021-2023,ALQ_L,ALQ142,male,70-79,3.0,8,0.030303030303030304,exploratory_unweighted_not_clinical_reference
2021-2023,ALQ_L,ALQ142,male,70-79,2.0,5,0.01893939393939394,exploratory_unweighted_not_clinical_reference
2021-2023,ALQ_L,ALQ142,male,70-79,4.0,5,0.01893939393939394,exploratory_unweighted_not_clinical_reference
2021-2023,ALQ_L,ALQ142,male,70-79,8.0,4,0.015151515151515152,exploratory_unweighted_not_clinical_reference
2021-2023,ALQ_L,ALQ142,male,70-79,99.0,1,0.003787878787878788,exploratory_unweighted_not_clinical_reference
2021-2023,ALQ_L,ALQ142,male,70-79,77.0,1,0.003787878787878788,exploratory_unweighted_not_clinical_reference
2021-2023,ALQ_L,ALQ142,male,70-79,1.0,1,0.003787878787878788,exploratory_unweighted_not_clinical_reference
2021-2023,ALQ_L,ALQ142,male,80+,5.397605346934028e-79,47,0.6619718309859155,exploratory_unweighted_not_clinical_reference
2021-2023,ALQ_L,ALQ142,male,80+,10.0,5,0.07042253521126761,exploratory_unweighted_not_clinical_reference
2021-2023,ALQ_L,ALQ142,male,80+,9.0,5,0.07042253521126761,exploratory_unweighted_not_clinical_reference
2021-2023,ALQ_L,ALQ142,male,80+,5.0,3,0.04225352112676056,exploratory_unweighted_not_clinical_reference
2021-2023,ALQ_L,ALQ142,male,80+,6.0,3,0.04225352112676056,exploratory_unweighted_not_clinical_reference
2021-2023,ALQ_L,ALQ142,male,80+,3.0,2,0.028169014084507043,exploratory_unweighted_not_clinical_reference
2021-2023,ALQ_L,ALQ142,male,80+,77.0,1,0.014084507042253521,exploratory_unweighted_not_clinical_reference
2021-2023,ALQ_L,ALQ142,male,80+,7.0,1,0.014084507042253521,exploratory_unweighted_not_clinical_reference
2021-2023,ALQ_L,ALQ142,male,80+,4.0,1,0.014084507042253521,exploratory_unweighted_not_clinical_reference
2021-2023,ALQ_L,ALQ142,male,80+,99.0,1,0.014084507042253521,exploratory_unweighted_not_clinical_reference
2021-2023,ALQ_L,ALQ142,male,80+,2.0,1,0.014084507042253521,exploratory_unweighted_not_clinical_reference
2021-2023,ALQ_L,ALQ142,male,80+,8.0,1,0.014084507042253521,exploratory_unweighted_not_clinical_reference
2021-2023,ALQ_L,ALQ270,female,18-29,5.397605346934028e-79,86,0.3333333333333333,exploratory_unweighted_not_clinical_reference
2021-2023,ALQ_L,ALQ270,female,18-29,10.0,78,0.3023255813953488,exploratory_unweighted_not_clinical_reference
2021-2023,ALQ_L,ALQ270,female,18-29,9.0,21,0.08139534883720931,exploratory_unweighted_not_clinical_reference
2021-2023,ALQ_L,ALQ270,female,18-29,7.0,20,0.07751937984496124,exploratory_unweighted_not_clinical_reference
2021-2023,ALQ_L,ALQ270,female,18-29,6.0,19,0.07364341085271318,exploratory_unweighted_not_clinical_reference
2021-2023,ALQ_L,ALQ270,female,18-29,8.0,14,0.05426356589147287,exploratory_unweighted_not_clinical_reference
2021-2023,ALQ_L,ALQ270,female,18-29,5.0,9,0.03488372093023256,exploratory_unweighted_not_clinical_reference
2021-2023,ALQ_L,ALQ270,female,18-29,3.0,5,0.01937984496124031,exploratory_unweighted_not_clinical_reference
2021-2023,ALQ_L,ALQ270,female,18-29,4.0,4,0.015503875968992248,exploratory_unweighted_not_clinical_reference
2021-2023,ALQ_L,ALQ270,female,18-29,2.0,1,0.003875968992248062,exploratory_unweighted_not_clinical_reference
2021-2023,ALQ_L,ALQ270,female,18-29,99.0,1,0.003875968992248062,exploratory_unweighted_not_clinical_reference
2021-2023,ALQ_L,ALQ270,female,30-39,5.397605346934028e-79,102,0.44155844155844154,exploratory_unweighted_not_clinical_reference
2021-2023,ALQ_L,ALQ270,female,30-39,10.0,57,0.24675324675324675,exploratory_unweighted_not_clinical_reference
2021-2023,ALQ_L,ALQ270,female,30-39,9.0,20,0.08658008658008658,exploratory_unweighted_not_clinical_reference
2021-2023,ALQ_L,ALQ270,female,30-39,7.0,19,0.08225108225108226,exploratory_unweighted_not_clinical_reference
2021-2023,ALQ_L,ALQ270,female,30-39,6.0,8,0.03463203463203463,exploratory_unweighted_not_clinical_reference
2021-2023,ALQ_L,ALQ270,female,30-39,4.0,7,0.030303030303030304,exploratory_unweighted_not_clinical_reference
2021-2023,ALQ_L,ALQ270,female,30-39,5.0,7,0.030303030303030304,exploratory_unweighted_not_clinical_reference
2021-2023,ALQ_L,ALQ270,female,30-39,3.0,5,0.021645021645021644,exploratory_unweighted_not_clinical_reference
2021-2023,ALQ_L,ALQ270,female,30-39,2.0,3,0.012987012987012988,exploratory_unweighted_not_clinical_reference
2021-2023,ALQ_L,ALQ270,female,30-39,8.0,2,0.008658008658008658,exploratory_unweighted_not_clinical_reference
2021-2023,ALQ_L,ALQ270,female,30-39,77.0,1,0.004329004329004329,exploratory_unweighted_not_clinical_reference
2021-2023,ALQ_L,ALQ270,female,40-49,5.397605346934028e-79,77,0.4425287356321839,exploratory_unweighted_not_clinical_reference
2021-2023,ALQ_L,ALQ270,female,40-49,10.0,39,0.22413793103448276,exploratory_unweighted_not_clinical_reference
2021-2023,ALQ_L,ALQ270,female,40-49,7.0,19,0.10919540229885058,exploratory_unweighted_not_clinical_reference
2021-2023,ALQ_L,ALQ270,female,40-49,9.0,11,0.06321839080459771,exploratory_unweighted_not_clinical_reference
2021-2023,ALQ_L,ALQ270,female,40-49,6.0,9,0.05172413793103448,exploratory_unweighted_not_clinical_reference
2021-2023,ALQ_L,ALQ270,female,40-49,5.0,7,0.040229885057471264,exploratory_unweighted_not_clinical_reference
2021-2023,ALQ_L,ALQ270,female,40-49,8.0,6,0.034482758620689655,exploratory_unweighted_not_clinical_reference
2021-2023,ALQ_L,ALQ270,female,40-49,2.0,3,0.017241379310344827,exploratory_unweighted_not_clinical_reference
2021-2023,ALQ_L,ALQ270,female,40-49,77.0,1,0.005747126436781609,exploratory_unweighted_not_clinical_reference
2021-2023,ALQ_L,ALQ270,female,40-49,3.0,1,0.005747126436781609,exploratory_unweighted_not_clinical_reference
2021-2023,ALQ_L,ALQ270,female,40-49,4.0,1,0.005747126436781609,exploratory_unweighted_not_clinical_reference
2021-2023,ALQ_L,ALQ270,female,50-59,5.397605346934028e-79,86,0.49710982658959535,exploratory_unweighted_not_clinical_reference
2021-2023,ALQ_L,ALQ270,female,50-59,10.0,33,0.1907514450867052,exploratory_unweighted_not_clinical_reference
2021-2023,ALQ_L,ALQ270,female,50-59,6.0,13,0.07514450867052024,exploratory_unweighted_not_clinical_reference
2021-2023,ALQ_L,ALQ270,female,50-59,7.0,11,0.06358381502890173,exploratory_unweighted_not_clinical_reference
2021-2023,ALQ_L,ALQ270,female,50-59,3.0,7,0.04046242774566474,exploratory_unweighted_not_clinical_reference
2021-2023,ALQ_L,ALQ270,female,50-59,9.0,7,0.04046242774566474,exploratory_unweighted_not_clinical_reference
2021-2023,ALQ_L,ALQ270,female,50-59,5.0,5,0.028901734104046242,exploratory_unweighted_not_clinical_reference
2021-2023,ALQ_L,ALQ270,female,50-59,8.0,3,0.017341040462427744,exploratory_unweighted_not_clinical_reference
2021-2023,ALQ_L,ALQ270,female,50-59,4.0,3,0.017341040462427744,exploratory_unweighted_not_clinical_reference
2021-2023,ALQ_L,ALQ270,female,50-59,2.0,2,0.011560693641618497,exploratory_unweighted_not_clinical_reference
2021-2023,ALQ_L,ALQ270,female,50-59,99.0,2,0.011560693641618497,exploratory_unweighted_not_clinical_reference
2021-2023,ALQ_L,ALQ270,female,50-59,1.0,1,0.005780346820809248,exploratory_unweighted_not_clinical_reference
2021-2023,ALQ_L,ALQ270,female,60-69,5.397605346934028e-79,118,0.5221238938053098,exploratory_unweighted_not_clinical_reference
2021-2023,ALQ_L,ALQ270,female,60-69,10.0,49,0.2168141592920354,exploratory_unweighted_not_clinical_reference
2021-2023,ALQ_L,ALQ270,female,60-69,7.0,16,0.07079646017699115,exploratory_unweighted_not_clinical_reference
2021-2023,ALQ_L,ALQ270,female,60-69,9.0,15,0.06637168141592921,exploratory_unweighted_not_clinical_reference
2021-2023,ALQ_L,ALQ270,female,60-69,6.0,8,0.035398230088495575,exploratory_unweighted_not_clinical_reference
2021-2023,ALQ_L,ALQ270,female,60-69,8.0,7,0.030973451327433628,exploratory_unweighted_not_clinical_reference
2021-2023,ALQ_L,ALQ270,female,60-69,5.0,5,0.022123893805309734,exploratory_unweighted_not_clinical_reference
2021-2023,ALQ_L,ALQ270,female,60-69,3.0,5,0.022123893805309734,exploratory_unweighted_not_clinical_reference
2021-2023,ALQ_L,ALQ270,female,60-69,4.0,2,0.008849557522123894,exploratory_unweighted_not_clinical_reference
2021-2023,ALQ_L,ALQ270,female,60-69,99.0,1,0.004424778761061947,exploratory_unweighted_not_clinical_reference
2021-2023,ALQ_L,ALQ270,female,70-79,5.397605346934028e-79,58,0.6304347826086957,exploratory_unweighted_not_clinical_reference
2021-2023,ALQ_L,ALQ270,female,70-79,10.0,14,0.15217391304347827,exploratory_unweighted_not_clinical_reference
2021-2023,ALQ_L,ALQ270,female,70-79,9.0,4,0.043478260869565216,exploratory_unweighted_not_clinical_reference
2021-2023,ALQ_L,ALQ270,female,70-79,4.0,4,0.043478260869565216,exploratory_unweighted_not_clinical_reference
2021-2023,ALQ_L,ALQ270,female,70-79,7.0,3,0.03260869565217391,exploratory_unweighted_not_clinical_reference
2021-2023,ALQ_L,ALQ270,female,70-79,8.0,3,0.03260869565217391,exploratory_unweighted_not_clinical_reference
2021-2023,ALQ_L,ALQ270,female,70-79,6.0,2,0.021739130434782608,exploratory_unweighted_not_clinical_reference
2021-2023,ALQ_L,ALQ270,female,70-79,5.0,2,0.021739130434782608,exploratory_unweighted_not_clinical_reference
2021-2023,ALQ_L,ALQ270,female,70-79,77.0,1,0.010869565217391304,exploratory_unweighted_not_clinical_reference
2021-2023,ALQ_L,ALQ270,female,70-79,99.0,1,0.010869565217391304,exploratory_unweighted_not_clinical_reference
2021-2023,ALQ_L,ALQ270,female,80+,5.397605346934028e-79,19,0.6551724137931034,exploratory_unweighted_not_clinical_reference
2021-2023,ALQ_L,ALQ270,female,80+,10.0,5,0.1724137931034483,exploratory_unweighted_not_clinical_reference
2021-2023,ALQ_L,ALQ270,female,80+,7.0,2,0.06896551724137931,exploratory_unweighted_not_clinical_reference
2021-2023,ALQ_L,ALQ270,female,80+,9.0,2,0.06896551724137931,exploratory_unweighted_not_clinical_reference
2021-2023,ALQ_L,ALQ270,female,80+,4.0,1,0.034482758620689655,exploratory_unweighted_not_clinical_reference
2021-2023,ALQ_L,ALQ270,male,18-29,10.0,66,0.32038834951456313,exploratory_unweighted_not_clinical_reference
2021-2023,ALQ_L,ALQ270,male,18-29,5.397605346934028e-79,40,0.1941747572815534,exploratory_unweighted_not_clinical_reference
2021-2023,ALQ_L,ALQ270,male,18-29,9.0,27,0.13106796116504854,exploratory_unweighted_not_clinical_reference
2021-2023,ALQ_L,ALQ270,male,18-29,7.0,20,0.0970873786407767,exploratory_unweighted_not_clinical_reference
2021-2023,ALQ_L,ALQ270,male,18-29,6.0,15,0.07281553398058252,exploratory_unweighted_not_clinical_reference
2021-2023,ALQ_L,ALQ270,male,18-29,8.0,13,0.06310679611650485,exploratory_unweighted_not_clinical_reference
2021-2023,ALQ_L,ALQ270,male,18-29,4.0,10,0.04854368932038835,exploratory_unweighted_not_clinical_reference
2021-2023,ALQ_L,ALQ270,male,18-29,5.0,9,0.043689320388349516,exploratory_unweighted_not_clinical_reference
2021-2023,ALQ_L,ALQ270,male,18-29,2.0,3,0.014563106796116505,exploratory_unweighted_not_clinical_reference
2021-2023,ALQ_L,ALQ270,male,18-29,3.0,3,0.014563106796116505,exploratory_unweighted_not_clinical_reference
2021-2023,ALQ_L,ALQ270,male,30-39,5.397605346934028e-79,80,0.33472803347280333,exploratory_unweighted_not_clinical_reference
2021-2023,ALQ_L,ALQ270,male,30-39,10.0,52,0.2175732217573222,exploratory_unweighted_not_clinical_reference
2021-2023,ALQ_L,ALQ270,male,30-39,9.0,23,0.09623430962343096,exploratory_unweighted_not_clinical_reference
2021-2023,ALQ_L,ALQ270,male,30-39,7.0,21,0.08786610878661087,exploratory_unweighted_not_clinical_reference
2021-2023,ALQ_L,ALQ270,male,30-39,6.0,17,0.07112970711297072,exploratory_unweighted_not_clinical_reference
2021-2023,ALQ_L,ALQ270,male,30-39,4.0,11,0.04602510460251046,exploratory_unweighted_not_clinical_reference
2021-2023,ALQ_L,ALQ270,male,30-39,8.0,10,0.04184100418410042,exploratory_unweighted_not_clinical_reference
2021-2023,ALQ_L,ALQ270,male,30-39,5.0,9,0.03765690376569038,exploratory_unweighted_not_clinical_reference
2021-2023,ALQ_L,ALQ270,male,30-39,2.0,7,0.029288702928870293,exploratory_unweighted_not_clinical_reference
2021-2023,ALQ_L,ALQ270,male,30-39,3.0,6,0.02510460251046025,exploratory_unweighted_not_clinical_reference
2021-2023,ALQ_L,ALQ270,male,30-39,1.0,2,0.008368200836820083,exploratory_unweighted_not_clinical_reference
2021-2023,ALQ_L,ALQ270,male,30-39,99.0,1,0.0041841004184100415,exploratory_unweighted_not_clinical_reference
2021-2023,ALQ_L,ALQ270,male,40-49,5.397605346934028e-79,82,0.4685714285714286,exploratory_unweighted_not_clinical_reference
2021-2023,ALQ_L,ALQ270,male,40-49,10.0,27,0.15428571428571428,exploratory_unweighted_not_clinical_reference
2021-2023,ALQ_L,ALQ270,male,40-49,7.0,16,0.09142857142857143,exploratory_unweighted_not_clinical_reference
2021-2023,ALQ_L,ALQ270,male,40-49,6.0,11,0.06285714285714286,exploratory_unweighted_not_clinical_reference
2021-2023,ALQ_L,ALQ270,male,40-49,5.0,10,0.05714285714285714,exploratory_unweighted_not_clinical_reference
2021-2023,ALQ_L,ALQ270,male,40-49,9.0,9,0.05142857142857143,exploratory_unweighted_not_clinical_reference
2021-2023,ALQ_L,ALQ270,male,40-49,1.0,5,0.02857142857142857,exploratory_unweighted_not_clinical_reference
2021-2023,ALQ_L,ALQ270,male,40-49,4.0,5,0.02857142857142857,exploratory_unweighted_not_clinical_reference
2021-2023,ALQ_L,ALQ270,male,40-49,8.0,5,0.02857142857142857,exploratory_unweighted_not_clinical_reference
2021-2023,ALQ_L,ALQ270,male,40-49,3.0,3,0.017142857142857144,exploratory_unweighted_not_clinical_reference
2021-2023,ALQ_L,ALQ270,male,40-49,2.0,1,0.005714285714285714,exploratory_unweighted_not_clinical_reference
2021-2023,ALQ_L,ALQ270,male,40-49,99.0,1,0.005714285714285714,exploratory_unweighted_not_clinical_reference
2021-2023,ALQ_L,ALQ270,male,50-59,5.397605346934028e-79,89,0.483695652173913,exploratory_unweighted_not_clinical_reference
2021-2023,ALQ_L,ALQ270,male,50-59,10.0,29,0.15760869565217392,exploratory_unweighted_not_clinical_reference
2021-2023,ALQ_L,ALQ270,male,50-59,5.0,19,0.10326086956521739,exploratory_unweighted_not_clinical_reference
2021-2023,ALQ_L,ALQ270,male,50-59,4.0,9,0.04891304347826087,exploratory_unweighted_not_clinical_reference
2021-2023,ALQ_L,ALQ270,male,50-59,7.0,9,0.04891304347826087,exploratory_unweighted_not_clinical_reference
2021-2023,ALQ_L,ALQ270,male,50-59,9.0,7,0.03804347826086957,exploratory_unweighted_not_clinical_reference
2021-2023,ALQ_L,ALQ270,male,50-59,6.0,6,0.03260869565217391,exploratory_unweighted_not_clinical_reference
2021-2023,ALQ_L,ALQ270,male,50-59,2.0,5,0.02717391304347826,exploratory_unweighted_not_clinical_reference
2021-2023,ALQ_L,ALQ270,male,50-59,3.0,5,0.02717391304347826,exploratory_unweighted_not_clinical_reference
2021-2023,ALQ_L,ALQ270,male,50-59,8.0,4,0.021739130434782608,exploratory_unweighted_not_clinical_reference
2021-2023,ALQ_L,ALQ270,male,50-59,1.0,2,0.010869565217391304,exploratory_unweighted_not_clinical_reference
2021-2023,ALQ_L,ALQ270,male,60-69,5.397605346934028e-79,104,0.4388185654008439,exploratory_unweighted_not_clinical_reference
2021-2023,ALQ_L,ALQ270,male,60-69,10.0,40,0.16877637130801687,exploratory_unweighted_not_clinical_reference
2021-2023,ALQ_L,ALQ270,male,60-69,7.0,19,0.08016877637130802,exploratory_unweighted_not_clinical_reference
2021-2023,ALQ_L,ALQ270,male,60-69,6.0,13,0.05485232067510549,exploratory_unweighted_not_clinical_reference
2021-2023,ALQ_L,ALQ270,male,60-69,9.0,13,0.05485232067510549,exploratory_unweighted_not_clinical_reference
2021-2023,ALQ_L,ALQ270,male,60-69,3.0,11,0.046413502109704644,exploratory_unweighted_not_clinical_reference
2021-2023,ALQ_L,ALQ270,male,60-69,5.0,11,0.046413502109704644,exploratory_unweighted_not_clinical_reference
2021-2023,ALQ_L,ALQ270,male,60-69,4.0,10,0.04219409282700422,exploratory_unweighted_not_clinical_reference
2021-2023,ALQ_L,ALQ270,male,60-69,2.0,7,0.029535864978902954,exploratory_unweighted_not_clinical_reference
2021-2023,ALQ_L,ALQ270,male,60-69,8.0,7,0.029535864978902954,exploratory_unweighted_not_clinical_reference
2021-2023,ALQ_L,ALQ270,male,60-69,1.0,2,0.008438818565400843,exploratory_unweighted_not_clinical_reference
2021-2023,ALQ_L,ALQ270,male,70-79,5.397605346934028e-79,67,0.5677966101694916,exploratory_unweighted_not_clinical_reference
2021-2023,ALQ_L,ALQ270,male,70-79,10.0,15,0.1271186440677966,exploratory_unweighted_not_clinical_reference
2021-2023,ALQ_L,ALQ270,male,70-79,7.0,7,0.059322033898305086,exploratory_unweighted_not_clinical_reference
2021-2023,ALQ_L,ALQ270,male,70-79,3.0,6,0.05084745762711865,exploratory_unweighted_not_clinical_reference
2021-2023,ALQ_L,ALQ270,male,70-79,8.0,5,0.0423728813559322,exploratory_unweighted_not_clinical_reference
2021-2023,ALQ_L,ALQ270,male,70-79,6.0,4,0.03389830508474576,exploratory_unweighted_not_clinical_reference
2021-2023,ALQ_L,ALQ270,male,70-79,5.0,4,0.03389830508474576,exploratory_unweighted_not_clinical_reference
2021-2023,ALQ_L,ALQ270,male,70-79,9.0,4,0.03389830508474576,exploratory_unweighted_not_clinical_reference
2021-2023,ALQ_L,ALQ270,male,70-79,4.0,3,0.025423728813559324,exploratory_unweighted_not_clinical_reference
2021-2023,ALQ_L,ALQ270,male,70-79,2.0,2,0.01694915254237288,exploratory_unweighted_not_clinical_reference
2021-2023,ALQ_L,ALQ270,male,70-79,99.0,1,0.00847457627118644,exploratory_unweighted_not_clinical_reference
2021-2023,ALQ_L,ALQ270,male,80+,5.397605346934028e-79,12,0.5,exploratory_unweighted_not_clinical_reference
2021-2023,ALQ_L,ALQ270,male,80+,6.0,3,0.125,exploratory_unweighted_not_clinical_reference
2021-2023,ALQ_L,ALQ270,male,80+,10.0,3,0.125,exploratory_unweighted_not_clinical_reference
2021-2023,ALQ_L,ALQ270,male,80+,5.0,2,0.08333333333333333,exploratory_unweighted_not_clinical_reference
2021-2023,ALQ_L,ALQ270,male,80+,77.0,1,0.041666666666666664,exploratory_unweighted_not_clinical_reference
2021-2023,ALQ_L,ALQ270,male,80+,4.0,1,0.041666666666666664,exploratory_unweighted_not_clinical_reference
2021-2023,ALQ_L,ALQ270,male,80+,99.0,1,0.041666666666666664,exploratory_unweighted_not_clinical_reference
2021-2023,ALQ_L,ALQ270,male,80+,7.0,1,0.041666666666666664,exploratory_unweighted_not_clinical_reference
2021-2023,ALQ_L,ALQ280,female,18-29,5.397605346934028e-79,177,0.686046511627907,exploratory_unweighted_not_clinical_reference
2021-2023,ALQ_L,ALQ280,female,18-29,10.0,32,0.12403100775193798,exploratory_unweighted_not_clinical_reference
2021-2023,ALQ_L,ALQ280,female,18-29,7.0,13,0.050387596899224806,exploratory_unweighted_not_clinical_reference
2021-2023,ALQ_L,ALQ280,female,18-29,9.0,12,0.046511627906976744,exploratory_unweighted_not_clinical_reference
2021-2023,ALQ_L,ALQ280,female,18-29,8.0,11,0.04263565891472868,exploratory_unweighted_not_clinical_reference
2021-2023,ALQ_L,ALQ280,female,18-29,6.0,6,0.023255813953488372,exploratory_unweighted_not_clinical_reference
2021-2023,ALQ_L,ALQ280,female,18-29,5.0,3,0.011627906976744186,exploratory_unweighted_not_clinical_reference
2021-2023,ALQ_L,ALQ280,female,18-29,2.0,2,0.007751937984496124,exploratory_unweighted_not_clinical_reference
2021-2023,ALQ_L,ALQ280,female,18-29,4.0,1,0.003875968992248062,exploratory_unweighted_not_clinical_reference
2021-2023,ALQ_L,ALQ280,female,18-29,3.0,1,0.003875968992248062,exploratory_unweighted_not_clinical_reference
2021-2023,ALQ_L,ALQ280,female,30-39,5.397605346934028e-79,157,0.6796536796536796,exploratory_unweighted_not_clinical_reference
2021-2023,ALQ_L,ALQ280,female,30-39,10.0,37,0.16017316017316016,exploratory_unweighted_not_clinical_reference
2021-2023,ALQ_L,ALQ280,female,30-39,7.0,8,0.03463203463203463,exploratory_unweighted_not_clinical_reference
2021-2023,ALQ_L,ALQ280,female,30-39,8.0,6,0.025974025974025976,exploratory_unweighted_not_clinical_reference
2021-2023,ALQ_L,ALQ280,female,30-39,9.0,6,0.025974025974025976,exploratory_unweighted_not_clinical_reference
2021-2023,ALQ_L,ALQ280,female,30-39,6.0,6,0.025974025974025976,exploratory_unweighted_not_clinical_reference
2021-2023,ALQ_L,ALQ280,female,30-39,4.0,4,0.017316017316017316,exploratory_unweighted_not_clinical_reference
2021-2023,ALQ_L,ALQ280,female,30-39,5.0,4,0.017316017316017316,exploratory_unweighted_not_clinical_reference
2021-2023,ALQ_L,ALQ280,female,30-39,3.0,2,0.008658008658008658,exploratory_unweighted_not_clinical_reference
2021-2023,ALQ_L,ALQ280,female,30-39,77.0,1,0.004329004329004329,exploratory_unweighted_not_clinical_reference
2021-2023,ALQ_L,ALQ280,female,40-49,5.397605346934028e-79,123,0.7109826589595376,exploratory_unweighted_not_clinical_reference
2021-2023,ALQ_L,ALQ280,female,40-49,10.0,27,0.15606936416184972,exploratory_unweighted_not_clinical_reference
2021-2023,ALQ_L,ALQ280,female,40-49,7.0,7,0.04046242774566474,exploratory_unweighted_not_clinical_reference
2021-2023,ALQ_L,ALQ280,female,40-49,6.0,7,0.04046242774566474,exploratory_unweighted_not_clinical_reference
2021-2023,ALQ_L,ALQ280,female,40-49,8.0,4,0.023121387283236993,exploratory_unweighted_not_clinical_reference
2021-2023,ALQ_L,ALQ280,female,40-49,5.0,3,0.017341040462427744,exploratory_unweighted_not_clinical_reference
2021-2023,ALQ_L,ALQ280,female,40-49,3.0,1,0.005780346820809248,exploratory_unweighted_not_clinical_reference
2021-2023,ALQ_L,ALQ280,female,40-49,9.0,1,0.005780346820809248,exploratory_unweighted_not_clinical_reference
2021-2023,ALQ_L,ALQ280,female,50-59,5.397605346934028e-79,112,0.6511627906976745,exploratory_unweighted_not_clinical_reference
2021-2023,ALQ_L,ALQ280,female,50-59,10.0,22,0.12790697674418605,exploratory_unweighted_not_clinical_reference
2021-2023,ALQ_L,ALQ280,female,50-59,7.0,12,0.06976744186046512,exploratory_unweighted_not_clinical_reference
2021-2023,ALQ_L,ALQ280,female,50-59,9.0,7,0.040697674418604654,exploratory_unweighted_not_clinical_reference
2021-2023,ALQ_L,ALQ280,female,50-59,6.0,6,0.03488372093023256,exploratory_unweighted_not_clinical_reference
2021-2023,ALQ_L,ALQ280,female,50-59,3.0,5,0.029069767441860465,exploratory_unweighted_not_clinical_reference
2021-2023,ALQ_L,ALQ280,female,50-59,5.0,3,0.01744186046511628,exploratory_unweighted_not_clinical_reference
2021-2023,ALQ_L,ALQ280,female,50-59,8.0,2,0.011627906976744186,exploratory_unweighted_not_clinical_reference
2021-2023,ALQ_L,ALQ280,female,50-59,4.0,1,0.005813953488372093,exploratory_unweighted_not_clinical_reference
2021-2023,ALQ_L,ALQ280,female,50-59,1.0,1,0.005813953488372093,exploratory_unweighted_not_clinical_reference
2021-2023,ALQ_L,ALQ280,female,50-59,2.0,1,0.005813953488372093,exploratory_unweighted_not_clinical_reference
2021-2023,ALQ_L,ALQ280,female,60-69,5.397605346934028e-79,169,0.7477876106194691,exploratory_unweighted_not_clinical_reference
2021-2023,ALQ_L,ALQ280,female,60-69,10.0,22,0.09734513274336283,exploratory_unweighted_not_clinical_reference
2021-2023,ALQ_L,ALQ280,female,60-69,7.0,7,0.030973451327433628,exploratory_unweighted_not_clinical_reference
2021-2023,ALQ_L,ALQ280,female,60-69,9.0,7,0.030973451327433628,exploratory_unweighted_not_clinical_reference
2021-2023,ALQ_L,ALQ280,female,60-69,8.0,6,0.02654867256637168,exploratory_unweighted_not_clinical_reference
2021-2023,ALQ_L,ALQ280,female,60-69,6.0,5,0.022123893805309734,exploratory_unweighted_not_clinical_reference
2021-2023,ALQ_L,ALQ280,female,60-69,99.0,3,0.01327433628318584,exploratory_unweighted_not_clinical_reference
2021-2023,ALQ_L,ALQ280,female,60-69,3.0,2,0.008849557522123894,exploratory_unweighted_not_clinical_reference
2021-2023,ALQ_L,ALQ280,female,60-69,4.0,2,0.008849557522123894,exploratory_unweighted_not_clinical_reference
2021-2023,ALQ_L,ALQ280,female,60-69,77.0,1,0.004424778761061947,exploratory_unweighted_not_clinical_reference
2021-2023,ALQ_L,ALQ280,female,60-69,2.0,1,0.004424778761061947,exploratory_unweighted_not_clinical_reference
2021-2023,ALQ_L,ALQ280,female,60-69,5.0,1,0.004424778761061947,exploratory_unweighted_not_clinical_reference
2021-2023,ALQ_L,ALQ280,female,70-79,5.397605346934028e-79,75,0.8241758241758241,exploratory_unweighted_not_clinical_reference
2021-2023,ALQ_L,ALQ280,female,70-79,10.0,7,0.07692307692307693,exploratory_unweighted_not_clinical_reference
2021-2023,ALQ_L,ALQ280,female,70-79,7.0,3,0.03296703296703297,exploratory_unweighted_not_clinical_reference
2021-2023,ALQ_L,ALQ280,female,70-79,8.0,2,0.02197802197802198,exploratory_unweighted_not_clinical_reference
2021-2023,ALQ_L,ALQ280,female,70-79,9.0,1,0.01098901098901099,exploratory_unweighted_not_clinical_reference
2021-2023,ALQ_L,ALQ280,female,70-79,6.0,1,0.01098901098901099,exploratory_unweighted_not_clinical_reference
2021-2023,ALQ_L,ALQ280,female,70-79,99.0,1,0.01098901098901099,exploratory_unweighted_not_clinical_reference
2021-2023,ALQ_L,ALQ280,female,70-79,5.0,1,0.01098901098901099,exploratory_unweighted_not_clinical_reference
2021-2023,ALQ_L,ALQ280,female,80+,5.397605346934028e-79,25,0.8620689655172413,exploratory_unweighted_not_clinical_reference
2021-2023,ALQ_L,ALQ280,female,80+,7.0,3,0.10344827586206896,exploratory_unweighted_not_clinical_reference
2021-2023,ALQ_L,ALQ280,female,80+,10.0,1,0.034482758620689655,exploratory_unweighted_not_clinical_reference
2021-2023,ALQ_L,ALQ280,male,18-29,5.397605346934028e-79,88,0.42718446601941745,exploratory_unweighted_not_clinical_reference
2021-2023,ALQ_L,ALQ280,male,18-29,10.0,41,0.19902912621359223,exploratory_unweighted_not_clinical_reference
2021-2023,ALQ_L,ALQ280,male,18-29,9.0,17,0.0825242718446602,exploratory_unweighted_not_clinical_reference
2021-2023,ALQ_L,ALQ280,male,18-29,8.0,15,0.07281553398058252,exploratory_unweighted_not_clinical_reference
2021-2023,ALQ_L,ALQ280,male,18-29,7.0,13,0.06310679611650485,exploratory_unweighted_not_clinical_reference
2021-2023,ALQ_L,ALQ280,male,18-29,6.0,9,0.043689320388349516,exploratory_unweighted_not_clinical_reference
2021-2023,ALQ_L,ALQ280,male,18-29,4.0,8,0.038834951456310676,exploratory_unweighted_not_clinical_reference
2021-2023,ALQ_L,ALQ280,male,18-29,5.0,7,0.03398058252427184,exploratory_unweighted_not_clinical_reference
2021-2023,ALQ_L,ALQ280,male,18-29,3.0,5,0.024271844660194174,exploratory_unweighted_not_clinical_reference
2021-2023,ALQ_L,ALQ280,male,18-29,2.0,3,0.014563106796116505,exploratory_unweighted_not_clinical_reference
2021-2023,ALQ_L,ALQ280,male,30-39,5.397605346934028e-79,92,0.38493723849372385,exploratory_unweighted_not_clinical_reference
2021-2023,ALQ_L,ALQ280,male,30-39,10.0,57,0.2384937238493724,exploratory_unweighted_not_clinical_reference
2021-2023,ALQ_L,ALQ280,male,30-39,9.0,21,0.08786610878661087,exploratory_unweighted_not_clinical_reference
2021-2023,ALQ_L,ALQ280,male,30-39,8.0,14,0.058577405857740586,exploratory_unweighted_not_clinical_reference
2021-2023,ALQ_L,ALQ280,male,30-39,7.0,14,0.058577405857740586,exploratory_unweighted_not_clinical_reference
2021-2023,ALQ_L,ALQ280,male,30-39,5.0,12,0.0502092050209205,exploratory_unweighted_not_clinical_reference
2021-2023,ALQ_L,ALQ280,male,30-39,6.0,10,0.04184100418410042,exploratory_unweighted_not_clinical_reference
2021-2023,ALQ_L,ALQ280,male,30-39,3.0,8,0.03347280334728033,exploratory_unweighted_not_clinical_reference
2021-2023,ALQ_L,ALQ280,male,30-39,4.0,6,0.02510460251046025,exploratory_unweighted_not_clinical_reference
2021-2023,ALQ_L,ALQ280,male,30-39,2.0,3,0.012552301255230125,exploratory_unweighted_not_clinical_reference
2021-2023,ALQ_L,ALQ280,male,30-39,1.0,2,0.008368200836820083,exploratory_unweighted_not_clinical_reference
2021-2023,ALQ_L,ALQ280,male,40-49,5.397605346934028e-79,76,0.4342857142857143,exploratory_unweighted_not_clinical_reference
2021-2023,ALQ_L,ALQ280,male,40-49,10.0,34,0.19428571428571428,exploratory_unweighted_not_clinical_reference
2021-2023,ALQ_L,ALQ280,male,40-49,7.0,17,0.09714285714285714,exploratory_unweighted_not_clinical_reference
2021-2023,ALQ_L,ALQ280,male,40-49,9.0,10,0.05714285714285714,exploratory_unweighted_not_clinical_reference
2021-2023,ALQ_L,ALQ280,male,40-49,8.0,8,0.045714285714285714,exploratory_unweighted_not_clinical_reference
2021-2023,ALQ_L,ALQ280,male,40-49,6.0,8,0.045714285714285714,exploratory_unweighted_not_clinical_reference
2021-2023,ALQ_L,ALQ280,male,40-49,4.0,8,0.045714285714285714,exploratory_unweighted_not_clinical_reference
2021-2023,ALQ_L,ALQ280,male,40-49,5.0,7,0.04,exploratory_unweighted_not_clinical_reference
2021-2023,ALQ_L,ALQ280,male,40-49,1.0,4,0.022857142857142857,exploratory_unweighted_not_clinical_reference
2021-2023,ALQ_L,ALQ280,male,40-49,3.0,3,0.017142857142857144,exploratory_unweighted_not_clinical_reference
2021-2023,ALQ_L,ALQ280,male,50-59,5.397605346934028e-79,82,0.44808743169398907,exploratory_unweighted_not_clinical_reference
2021-2023,ALQ_L,ALQ280,male,50-59,10.0,31,0.16939890710382513,exploratory_unweighted_not_clinical_reference
2021-2023,ALQ_L,ALQ280,male,50-59,5.0,18,0.09836065573770492,exploratory_unweighted_not_clinical_reference
2021-2023,ALQ_L,ALQ280,male,50-59,9.0,12,0.06557377049180328,exploratory_unweighted_not_clinical_reference
2021-2023,ALQ_L,ALQ280,male,50-59,4.0,9,0.04918032786885246,exploratory_unweighted_not_clinical_reference
2021-2023,ALQ_L,ALQ280,male,50-59,7.0,9,0.04918032786885246,exploratory_unweighted_not_clinical_reference
2021-2023,ALQ_L,ALQ280,male,50-59,3.0,6,0.03278688524590164,exploratory_unweighted_not_clinical_reference
2021-2023,ALQ_L,ALQ280,male,50-59,6.0,6,0.03278688524590164,exploratory_unweighted_not_clinical_reference
2021-2023,ALQ_L,ALQ280,male,50-59,8.0,5,0.0273224043715847,exploratory_unweighted_not_clinical_reference
2021-2023,ALQ_L,ALQ280,male,50-59,2.0,5,0.0273224043715847,exploratory_unweighted_not_clinical_reference
2021-2023,ALQ_L,ALQ280,male,60-69,5.397605346934028e-79,114,0.4810126582278481,exploratory_unweighted_not_clinical_reference
2021-2023,ALQ_L,ALQ280,male,60-69,10.0,43,0.18143459915611815,exploratory_unweighted_not_clinical_reference
2021-2023,ALQ_L,ALQ280,male,60-69,9.0,16,0.06751054852320675,exploratory_unweighted_not_clinical_reference
2021-2023,ALQ_L,ALQ280,male,60-69,7.0,14,0.05907172995780591,exploratory_unweighted_not_clinical_reference
2021-2023,ALQ_L,ALQ280,male,60-69,5.0,13,0.05485232067510549,exploratory_unweighted_not_clinical_reference
2021-2023,ALQ_L,ALQ280,male,60-69,6.0,10,0.04219409282700422,exploratory_unweighted_not_clinical_reference
2021-2023,ALQ_L,ALQ280,male,60-69,4.0,7,0.029535864978902954,exploratory_unweighted_not_clinical_reference
2021-2023,ALQ_L,ALQ280,male,60-69,2.0,5,0.02109704641350211,exploratory_unweighted_not_clinical_reference
2021-2023,ALQ_L,ALQ280,male,60-69,1.0,5,0.02109704641350211,exploratory_unweighted_not_clinical_reference
2021-2023,ALQ_L,ALQ280,male,60-69,8.0,4,0.016877637130801686,exploratory_unweighted_not_clinical_reference
2021-2023,ALQ_L,ALQ280,male,60-69,3.0,3,0.012658227848101266,exploratory_unweighted_not_clinical_reference
2021-2023,ALQ_L,ALQ280,male,60-69,99.0,2,0.008438818565400843,exploratory_unweighted_not_clinical_reference
2021-2023,ALQ_L,ALQ280,male,60-69,77.0,1,0.004219409282700422,exploratory_unweighted_not_clinical_reference
2021-2023,ALQ_L,ALQ280,male,70-79,5.397605346934028e-79,84,0.711864406779661,exploratory_unweighted_not_clinical_reference
2021-2023,ALQ_L,ALQ280,male,70-79,10.0,14,0.11864406779661017,exploratory_unweighted_not_clinical_reference
2021-2023,ALQ_L,ALQ280,male,70-79,6.0,7,0.059322033898305086,exploratory_unweighted_not_clinical_reference
2021-2023,ALQ_L,ALQ280,male,70-79,9.0,4,0.03389830508474576,exploratory_unweighted_not_clinical_reference
2021-2023,ALQ_L,ALQ280,male,70-79,8.0,3,0.025423728813559324,exploratory_unweighted_not_clinical_reference
2021-2023,ALQ_L,ALQ280,male,70-79,4.0,2,0.01694915254237288,exploratory_unweighted_not_clinical_reference
2021-2023,ALQ_L,ALQ280,male,70-79,5.0,2,0.01694915254237288,exploratory_unweighted_not_clinical_reference
2021-2023,ALQ_L,ALQ280,male,70-79,7.0,1,0.00847457627118644,exploratory_unweighted_not_clinical_reference
2021-2023,ALQ_L,ALQ280,male,70-79,2.0,1,0.00847457627118644,exploratory_unweighted_not_clinical_reference
2021-2023,ALQ_L,ALQ280,male,80+,5.397605346934028e-79,17,0.7083333333333334,exploratory_unweighted_not_clinical_reference
2021-2023,ALQ_L,ALQ280,male,80+,10.0,3,0.125,exploratory_unweighted_not_clinical_reference
2021-2023,ALQ_L,ALQ280,male,80+,4.0,1,0.041666666666666664,exploratory_unweighted_not_clinical_reference
2021-2023,ALQ_L,ALQ280,male,80+,99.0,1,0.041666666666666664,exploratory_unweighted_not_clinical_reference
2021-2023,ALQ_L,ALQ280,male,80+,6.0,1,0.041666666666666664,exploratory_unweighted_not_clinical_reference
2021-2023,ALQ_L,ALQ280,male,80+,7.0,1,0.041666666666666664,exploratory_unweighted_not_clinical_reference
2021-2023,ALQ_L,ALQ151,female,18-29,2.0,337,0.9182561307901907,exploratory_unweighted_not_clinical_reference
2021-2023,ALQ_L,ALQ151,female,18-29,1.0,30,0.08174386920980926,exploratory_unweighted_not_clinical_reference
2021-2023,ALQ_L,ALQ151,female,30-39,2.0,311,0.8184210526315789,exploratory_unweighted_not_clinical_reference
2021-2023,ALQ_L,ALQ151,female,30-39,1.0,69,0.18157894736842106,exploratory_unweighted_not_clinical_reference
2021-2023,ALQ_L,ALQ151,female,40-49,2.0,269,0.8126888217522659,exploratory_unweighted_not_clinical_reference
2021-2023,ALQ_L,ALQ151,female,40-49,1.0,62,0.18731117824773413,exploratory_unweighted_not_clinical_reference
2021-2023,ALQ_L,ALQ151,female,50-59,2.0,337,0.8179611650485437,exploratory_unweighted_not_clinical_reference
2021-2023,ALQ_L,ALQ151,female,50-59,1.0,75,0.1820388349514563,exploratory_unweighted_not_clinical_reference
2021-2023,ALQ_L,ALQ151,female,60-69,2.0,578,0.8626865671641791,exploratory_unweighted_not_clinical_reference
2021-2023,ALQ_L,ALQ151,female,60-69,1.0,92,0.1373134328358209,exploratory_unweighted_not_clinical_reference
2021-2023,ALQ_L,ALQ151,female,70-79,2.0,324,0.8756756756756757,exploratory_unweighted_not_clinical_reference
2021-2023,ALQ_L,ALQ151,female,70-79,1.0,45,0.12162162162162163,exploratory_unweighted_not_clinical_reference
2021-2023,ALQ_L,ALQ151,female,70-79,9.0,1,0.002702702702702703,exploratory_unweighted_not_clinical_reference
2021-2023,ALQ_L,ALQ151,female,80+,2.0,93,0.8773584905660378,exploratory_unweighted_not_clinical_reference
2021-2023,ALQ_L,ALQ151,female,80+,1.0,11,0.10377358490566038,exploratory_unweighted_not_clinical_reference
2021-2023,ALQ_L,ALQ151,female,80+,9.0,2,0.018867924528301886,exploratory_unweighted_not_clinical_reference
2021-2023,ALQ_L,ALQ151,male,18-29,2.0,254,0.8246753246753247,exploratory_unweighted_not_clinical_reference
2021-2023,ALQ_L,ALQ151,male,18-29,1.0,53,0.17207792207792208,exploratory_unweighted_not_clinical_reference
2021-2023,ALQ_L,ALQ151,male,18-29,9.0,1,0.003246753246753247,exploratory_unweighted_not_clinical_reference
2021-2023,ALQ_L,ALQ151,male,30-39,2.0,249,0.7545454545454545,exploratory_unweighted_not_clinical_reference
2021-2023,ALQ_L,ALQ151,male,30-39,1.0,81,0.24545454545454545,exploratory_unweighted_not_clinical_reference
2021-2023,ALQ_L,ALQ151,male,40-49,2.0,215,0.7491289198606271,exploratory_unweighted_not_clinical_reference
2021-2023,ALQ_L,ALQ151,male,40-49,1.0,72,0.2508710801393728,exploratory_unweighted_not_clinical_reference
2021-2023,ALQ_L,ALQ151,male,50-59,2.0,241,0.7280966767371602,exploratory_unweighted_not_clinical_reference
2021-2023,ALQ_L,ALQ151,male,50-59,1.0,90,0.2719033232628399,exploratory_unweighted_not_clinical_reference
2021-2023,ALQ_L,ALQ151,male,60-69,2.0,407,0.7293906810035843,exploratory_unweighted_not_clinical_reference
2021-2023,ALQ_L,ALQ151,male,60-69,1.0,150,0.26881720430107525,exploratory_unweighted_not_clinical_reference
2021-2023,ALQ_L,ALQ151,male,60-69,7.0,1,0.0017921146953405018,exploratory_unweighted_not_clinical_reference
2021-2023,ALQ_L,ALQ151,male,70-79,2.0,288,0.8181818181818182,exploratory_unweighted_not_clinical_reference
2021-2023,ALQ_L,ALQ151,male,70-79,1.0,64,0.18181818181818182,exploratory_unweighted_not_clinical_reference
2021-2023,ALQ_L,ALQ151,male,80+,2.0,76,0.7676767676767676,exploratory_unweighted_not_clinical_reference
2021-2023,ALQ_L,ALQ151,male,80+,1.0,22,0.2222222222222222,exploratory_unweighted_not_clinical_reference
2021-2023,ALQ_L,ALQ151,male,80+,9.0,1,0.010101010101010102,exploratory_unweighted_not_clinical_reference
2021-2023,ALQ_L,ALQ170,female,18-29,5.397605346934028e-79,114,0.4418604651162791,exploratory_unweighted_not_clinical_reference
2021-2023,ALQ_L,ALQ170,female,18-29,1.0,69,0.26744186046511625,exploratory_unweighted_not_clinical_reference
2021-2023,ALQ_L,ALQ170,female,18-29,2.0,38,0.14728682170542637,exploratory_unweighted_not_clinical_reference
2021-2023,ALQ_L,ALQ170,female,18-29,3.0,12,0.046511627906976744,exploratory_unweighted_not_clinical_reference
2021-2023,ALQ_L,ALQ170,female,18-29,5.0,6,0.023255813953488372,exploratory_unweighted_not_clinical_reference
2021-2023,ALQ_L,ALQ170,female,18-29,4.0,6,0.023255813953488372,exploratory_unweighted_not_clinical_reference
2021-2023,ALQ_L,ALQ170,female,18-29,8.0,3,0.011627906976744186,exploratory_unweighted_not_clinical_reference
2021-2023,ALQ_L,ALQ170,female,18-29,6.0,2,0.007751937984496124,exploratory_unweighted_not_clinical_reference
2021-2023,ALQ_L,ALQ170,female,18-29,10.0,2,0.007751937984496124,exploratory_unweighted_not_clinical_reference
2021-2023,ALQ_L,ALQ170,female,18-29,7.0,1,0.003875968992248062,exploratory_unweighted_not_clinical_reference
2021-2023,ALQ_L,ALQ170,female,18-29,9.0,1,0.003875968992248062,exploratory_unweighted_not_clinical_reference
2021-2023,ALQ_L,ALQ170,female,18-29,18.0,1,0.003875968992248062,exploratory_unweighted_not_clinical_reference
2021-2023,ALQ_L,ALQ170,female,18-29,30.0,1,0.003875968992248062,exploratory_unweighted_not_clinical_reference
2021-2023,ALQ_L,ALQ170,female,18-29,777.0,1,0.003875968992248062,exploratory_unweighted_not_clinical_reference
2021-2023,ALQ_L,ALQ170,female,18-29,999.0,1,0.003875968992248062,exploratory_unweighted_not_clinical_reference
2021-2023,ALQ_L,ALQ170,female,30-39,5.397605346934028e-79,118,0.5130434782608696,exploratory_unweighted_not_clinical_reference
2021-2023,ALQ_L,ALQ170,female,30-39,1.0,49,0.21304347826086956,exploratory_unweighted_not_clinical_reference
2021-2023,ALQ_L,ALQ170,female,30-39,2.0,24,0.10434782608695652,exploratory_unweighted_not_clinical_reference
2021-2023,ALQ_L,ALQ170,female,30-39,3.0,14,0.06086956521739131,exploratory_unweighted_not_clinical_reference
2021-2023,ALQ_L,ALQ170,female,30-39,4.0,8,0.034782608695652174,exploratory_unweighted_not_clinical_reference
2021-2023,ALQ_L,ALQ170,female,30-39,5.0,5,0.021739130434782608,exploratory_unweighted_not_clinical_reference
2021-2023,ALQ_L,ALQ170,female,30-39,6.0,4,0.017391304347826087,exploratory_unweighted_not_clinical_reference
2021-2023,ALQ_L,ALQ170,female,30-39,10.0,3,0.013043478260869565,exploratory_unweighted_not_clinical_reference
2021-2023,ALQ_L,ALQ170,female,30-39,8.0,2,0.008695652173913044,exploratory_unweighted_not_clinical_reference
2021-2023,ALQ_L,ALQ170,female,30-39,15.0,2,0.008695652173913044,exploratory_unweighted_not_clinical_reference
2021-2023,ALQ_L,ALQ170,female,30-39,7.0,1,0.004347826086956522,exploratory_unweighted_not_clinical_reference
2021-2023,ALQ_L,ALQ170,female,40-49,5.397605346934028e-79,92,0.5317919075144508,exploratory_unweighted_not_clinical_reference
2021-2023,ALQ_L,ALQ170,female,40-49,1.0,38,0.21965317919075145,exploratory_unweighted_not_clinical_reference
2021-2023,ALQ_L,ALQ170,female,40-49,2.0,20,0.11560693641618497,exploratory_unweighted_not_clinical_reference
2021-2023,ALQ_L,ALQ170,female,40-49,4.0,6,0.03468208092485549,exploratory_unweighted_not_clinical_reference
2021-2023,ALQ_L,ALQ170,female,40-49,3.0,6,0.03468208092485549,exploratory_unweighted_not_clinical_reference
2021-2023,ALQ_L,ALQ170,female,40-49,5.0,3,0.017341040462427744,exploratory_unweighted_not_clinical_reference
2021-2023,ALQ_L,ALQ170,female,40-49,20.0,2,0.011560693641618497,exploratory_unweighted_not_clinical_reference
2021-2023,ALQ_L,ALQ170,female,40-49,15.0,1,0.005780346820809248,exploratory_unweighted_not_clinical_reference
2021-2023,ALQ_L,ALQ170,female,40-49,10.0,1,0.005780346820809248,exploratory_unweighted_not_clinical_reference
2021-2023,ALQ_L,ALQ170,female,40-49,17.0,1,0.005780346820809248,exploratory_unweighted_not_clinical_reference
2021-2023,ALQ_L,ALQ170,female,40-49,6.0,1,0.005780346820809248,exploratory_unweighted_not_clinical_reference
2021-2023,ALQ_L,ALQ170,female,40-49,8.0,1,0.005780346820809248,exploratory_unweighted_not_clinical_reference
2021-2023,ALQ_L,ALQ170,female,40-49,30.0,1,0.005780346820809248,exploratory_unweighted_not_clinical_reference
2021-2023,ALQ_L,ALQ170,female,50-59,5.397605346934028e-79,86,0.5,exploratory_unweighted_not_clinical_reference
2021-2023,ALQ_L,ALQ170,female,50-59,1.0,29,0.1686046511627907,exploratory_unweighted_not_clinical_reference
2021-2023,ALQ_L,ALQ170,female,50-59,2.0,21,0.12209302325581395,exploratory_unweighted_not_clinical_reference
2021-2023,ALQ_L,ALQ170,female,50-59,3.0,11,0.06395348837209303,exploratory_unweighted_not_clinical_reference
2021-2023,ALQ_L,ALQ170,female,50-59,4.0,9,0.05232558139534884,exploratory_unweighted_not_clinical_reference
2021-2023,ALQ_L,ALQ170,female,50-59,30.0,6,0.03488372093023256,exploratory_unweighted_not_clinical_reference
2021-2023,ALQ_L,ALQ170,female,50-59,5.0,5,0.029069767441860465,exploratory_unweighted_not_clinical_reference
2021-2023,ALQ_L,ALQ170,female,50-59,20.0,2,0.011627906976744186,exploratory_unweighted_not_clinical_reference
2021-2023,ALQ_L,ALQ170,female,50-59,6.0,1,0.005813953488372093,exploratory_unweighted_not_clinical_reference
2021-2023,ALQ_L,ALQ170,female,50-59,8.0,1,0.005813953488372093,exploratory_unweighted_not_clinical_reference
2021-2023,ALQ_L,ALQ170,female,50-59,9.0,1,0.005813953488372093,exploratory_unweighted_not_clinical_reference
2021-2023,ALQ_L,ALQ170,female,60-69,5.397605346934028e-79,112,0.49557522123893805,exploratory_unweighted_not_clinical_reference
2021-2023,ALQ_L,ALQ170,female,60-69,1.0,48,0.21238938053097345,exploratory_unweighted_not_clinical_reference
2021-2023,ALQ_L,ALQ170,female,60-69,2.0,20,0.08849557522123894,exploratory_unweighted_not_clinical_reference
2021-2023,ALQ_L,ALQ170,female,60-69,3.0,15,0.06637168141592921,exploratory_unweighted_not_clinical_reference
2021-2023,ALQ_L,ALQ170,female,60-69,4.0,9,0.03982300884955752,exploratory_unweighted_not_clinical_reference
2021-2023,ALQ_L,ALQ170,female,60-69,5.0,6,0.02654867256637168,exploratory_unweighted_not_clinical_reference
2021-2023,ALQ_L,ALQ170,female,60-69,20.0,5,0.022123893805309734,exploratory_unweighted_not_clinical_reference
2021-2023,ALQ_L,ALQ170,female,60-69,30.0,4,0.017699115044247787,exploratory_unweighted_not_clinical_reference
2021-2023,ALQ_L,ALQ170,female,60-69,6.0,2,0.008849557522123894,exploratory_unweighted_not_clinical_reference
2021-2023,ALQ_L,ALQ170,female,60-69,7.0,2,0.008849557522123894,exploratory_unweighted_not_clinical_reference
2021-2023,ALQ_L,ALQ170,female,60-69,8.0,2,0.008849557522123894,exploratory_unweighted_not_clinical_reference
2021-2023,ALQ_L,ALQ170,female,60-69,9.0,1,0.004424778761061947,exploratory_unweighted_not_clinical_reference
2021-2023,ALQ_L,ALQ170,female,70-79,5.397605346934028e-79,61,0.6703296703296703,exploratory_unweighted_not_clinical_reference
2021-2023,ALQ_L,ALQ170,female,70-79,1.0,12,0.13186813186813187,exploratory_unweighted_not_clinical_reference
2021-2023,ALQ_L,ALQ170,female,70-79,2.0,6,0.06593406593406594,exploratory_unweighted_not_clinical_reference
2021-2023,ALQ_L,ALQ170,female,70-79,20.0,3,0.03296703296703297,exploratory_unweighted_not_clinical_reference
2021-2023,ALQ_L,ALQ170,female,70-79,4.0,2,0.02197802197802198,exploratory_unweighted_not_clinical_reference
2021-2023,ALQ_L,ALQ170,female,70-79,3.0,2,0.02197802197802198,exploratory_unweighted_not_clinical_reference
2021-2023,ALQ_L,ALQ170,female,70-79,30.0,2,0.02197802197802198,exploratory_unweighted_not_clinical_reference
2021-2023,ALQ_L,ALQ170,female,70-79,999.0,1,0.01098901098901099,exploratory_unweighted_not_clinical_reference
2021-2023,ALQ_L,ALQ170,female,70-79,777.0,1,0.01098901098901099,exploratory_unweighted_not_clinical_reference
2021-2023,ALQ_L,ALQ170,female,70-79,6.0,1,0.01098901098901099,exploratory_unweighted_not_clinical_reference
2021-2023,ALQ_L,ALQ170,female,80+,5.397605346934028e-79,23,0.7931034482758621,exploratory_unweighted_not_clinical_reference
2021-2023,ALQ_L,ALQ170,female,80+,2.0,3,0.10344827586206896,exploratory_unweighted_not_clinical_reference
2021-2023,ALQ_L,ALQ170,female,80+,1.0,2,0.06896551724137931,exploratory_unweighted_not_clinical_reference
2021-2023,ALQ_L,ALQ170,female,80+,7.0,1,0.034482758620689655,exploratory_unweighted_not_clinical_reference
2021-2023,ALQ_L,ALQ170,male,18-29,5.397605346934028e-79,91,0.441747572815534,exploratory_unweighted_not_clinical_reference
2021-2023,ALQ_L,ALQ170,male,18-29,1.0,35,0.16990291262135923,exploratory_unweighted_not_clinical_reference
2021-2023,ALQ_L,ALQ170,male,18-29,3.0,22,0.10679611650485436,exploratory_unweighted_not_clinical_reference
2021-2023,ALQ_L,ALQ170,male,18-29,2.0,20,0.0970873786407767,exploratory_unweighted_not_clinical_reference
2021-2023,ALQ_L,ALQ170,male,18-29,4.0,9,0.043689320388349516,exploratory_unweighted_not_clinical_reference
2021-2023,ALQ_L,ALQ170,male,18-29,5.0,7,0.03398058252427184,exploratory_unweighted_not_clinical_reference
2021-2023,ALQ_L,ALQ170,male,18-29,6.0,6,0.02912621359223301,exploratory_unweighted_not_clinical_reference
2021-2023,ALQ_L,ALQ170,male,18-29,20.0,4,0.019417475728155338,exploratory_unweighted_not_clinical_reference
2021-2023,ALQ_L,ALQ170,male,18-29,10.0,3,0.014563106796116505,exploratory_unweighted_not_clinical_reference
2021-2023,ALQ_L,ALQ170,male,18-29,30.0,3,0.014563106796116505,exploratory_unweighted_not_clinical_reference
2021-2023,ALQ_L,ALQ170,male,18-29,15.0,2,0.009708737864077669,exploratory_unweighted_not_clinical_reference
2021-2023,ALQ_L,ALQ170,male,18-29,8.0,2,0.009708737864077669,exploratory_unweighted_not_clinical_reference
2021-2023,ALQ_L,ALQ170,male,18-29,12.0,1,0.0048543689320388345,exploratory_unweighted_not_clinical_reference
2021-2023,ALQ_L,ALQ170,male,18-29,7.0,1,0.0048543689320388345,exploratory_unweighted_not_clinical_reference
2021-2023,ALQ_L,ALQ170,male,30-39,5.397605346934028e-79,91,0.38235294117647056,exploratory_unweighted_not_clinical_reference
2021-2023,ALQ_L,ALQ170,male,30-39,1.0,52,0.2184873949579832,exploratory_unweighted_not_clinical_reference
2021-2023,ALQ_L,ALQ170,male,30-39,2.0,29,0.12184873949579832,exploratory_unweighted_not_clinical_reference
2021-2023,ALQ_L,ALQ170,male,30-39,3.0,20,0.08403361344537816,exploratory_unweighted_not_clinical_reference
2021-2023,ALQ_L,ALQ170,male,30-39,4.0,11,0.046218487394957986,exploratory_unweighted_not_clinical_reference
2021-2023,ALQ_L,ALQ170,male,30-39,5.0,9,0.037815126050420166,exploratory_unweighted_not_clinical_reference
2021-2023,ALQ_L,ALQ170,male,30-39,8.0,7,0.029411764705882353,exploratory_unweighted_not_clinical_reference
2021-2023,ALQ_L,ALQ170,male,30-39,30.0,6,0.025210084033613446,exploratory_unweighted_not_clinical_reference
2021-2023,ALQ_L,ALQ170,male,30-39,20.0,4,0.01680672268907563,exploratory_unweighted_not_clinical_reference
2021-2023,ALQ_L,ALQ170,male,30-39,15.0,3,0.012605042016806723,exploratory_unweighted_not_clinical_reference
2021-2023,ALQ_L,ALQ170,male,30-39,12.0,2,0.008403361344537815,exploratory_unweighted_not_clinical_reference
2021-2023,ALQ_L,ALQ170,male,30-39,6.0,2,0.008403361344537815,exploratory_unweighted_not_clinical_reference
2021-2023,ALQ_L,ALQ170,male,30-39,13.0,1,0.004201680672268907,exploratory_unweighted_not_clinical_reference
2021-2023,ALQ_L,ALQ170,male,30-39,18.0,1,0.004201680672268907,exploratory_unweighted_not_clinical_reference
2021-2023,ALQ_L,ALQ170,male,40-49,5.397605346934028e-79,71,0.4057142857142857,exploratory_unweighted_not_clinical_reference
2021-2023,ALQ_L,ALQ170,male,40-49,1.0,35,0.2,exploratory_unweighted_not_clinical_reference
2021-2023,ALQ_L,ALQ170,male,40-49,2.0,24,0.13714285714285715,exploratory_unweighted_not_clinical_reference
2021-2023,ALQ_L,ALQ170,male,40-49,4.0,11,0.06285714285714286,exploratory_unweighted_not_clinical_reference
2021-2023,ALQ_L,ALQ170,male,40-49,3.0,10,0.05714285714285714,exploratory_unweighted_not_clinical_reference
2021-2023,ALQ_L,ALQ170,male,40-49,30.0,7,0.04,exploratory_unweighted_not_clinical_reference
2021-2023,ALQ_L,ALQ170,male,40-49,5.0,7,0.04,exploratory_unweighted_not_clinical_reference
2021-2023,ALQ_L,ALQ170,male,40-49,8.0,2,0.011428571428571429,exploratory_unweighted_not_clinical_reference
2021-2023,ALQ_L,ALQ170,male,40-49,6.0,1,0.005714285714285714,exploratory_unweighted_not_clinical_reference
2021-2023,ALQ_L,ALQ170,male,40-49,15.0,1,0.005714285714285714,exploratory_unweighted_not_clinical_reference
2021-2023,ALQ_L,ALQ170,male,40-49,7.0,1,0.005714285714285714,exploratory_unweighted_not_clinical_reference
2021-2023,ALQ_L,ALQ170,male,40-49,20.0,1,0.005714285714285714,exploratory_unweighted_not_clinical_reference
2021-2023,ALQ_L,ALQ170,male,40-49,12.0,1,0.005714285714285714,exploratory_unweighted_not_clinical_reference
2021-2023,ALQ_L,ALQ170,male,40-49,9.0,1,0.005714285714285714,exploratory_unweighted_not_clinical_reference
2021-2023,ALQ_L,ALQ170,male,40-49,10.0,1,0.005714285714285714,exploratory_unweighted_not_clinical_reference
2021-2023,ALQ_L,ALQ170,male,40-49,777.0,1,0.005714285714285714,exploratory_unweighted_not_clinical_reference
2021-2023,ALQ_L,ALQ170,male,50-59,5.397605346934028e-79,74,0.40437158469945356,exploratory_unweighted_not_clinical_reference
2021-2023,ALQ_L,ALQ170,male,50-59,1.0,36,0.19672131147540983,exploratory_unweighted_not_clinical_reference
2021-2023,ALQ_L,ALQ170,male,50-59,2.0,27,0.14754098360655737,exploratory_unweighted_not_clinical_reference
2021-2023,ALQ_L,ALQ170,male,50-59,3.0,9,0.04918032786885246,exploratory_unweighted_not_clinical_reference
2021-2023,ALQ_L,ALQ170,male,50-59,20.0,8,0.04371584699453552,exploratory_unweighted_not_clinical_reference
2021-2023,ALQ_L,ALQ170,male,50-59,4.0,7,0.03825136612021858,exploratory_unweighted_not_clinical_reference
2021-2023,ALQ_L,ALQ170,male,50-59,8.0,4,0.02185792349726776,exploratory_unweighted_not_clinical_reference
2021-2023,ALQ_L,ALQ170,male,50-59,6.0,4,0.02185792349726776,exploratory_unweighted_not_clinical_reference
2021-2023,ALQ_L,ALQ170,male,50-59,9.0,4,0.02185792349726776,exploratory_unweighted_not_clinical_reference
2021-2023,ALQ_L,ALQ170,male,50-59,5.0,4,0.02185792349726776,exploratory_unweighted_not_clinical_reference
2021-2023,ALQ_L,ALQ170,male,50-59,30.0,3,0.01639344262295082,exploratory_unweighted_not_clinical_reference
2021-2023,ALQ_L,ALQ170,male,50-59,14.0,1,0.00546448087431694,exploratory_unweighted_not_clinical_reference
2021-2023,ALQ_L,ALQ170,male,50-59,10.0,1,0.00546448087431694,exploratory_unweighted_not_clinical_reference
2021-2023,ALQ_L,ALQ170,male,50-59,7.0,1,0.00546448087431694,exploratory_unweighted_not_clinical_reference
2021-2023,ALQ_L,ALQ170,male,60-69,5.397605346934028e-79,108,0.4576271186440678,exploratory_unweighted_not_clinical_reference
2021-2023,ALQ_L,ALQ170,male,60-69,1.0,41,0.17372881355932204,exploratory_unweighted_not_clinical_reference
2021-2023,ALQ_L,ALQ170,male,60-69,2.0,29,0.1228813559322034,exploratory_unweighted_not_clinical_reference
2021-2023,ALQ_L,ALQ170,male,60-69,3.0,15,0.0635593220338983,exploratory_unweighted_not_clinical_reference
2021-2023,ALQ_L,ALQ170,male,60-69,5.0,11,0.046610169491525424,exploratory_unweighted_not_clinical_reference
2021-2023,ALQ_L,ALQ170,male,60-69,30.0,8,0.03389830508474576,exploratory_unweighted_not_clinical_reference
2021-2023,ALQ_L,ALQ170,male,60-69,4.0,8,0.03389830508474576,exploratory_unweighted_not_clinical_reference
2021-2023,ALQ_L,ALQ170,male,60-69,6.0,4,0.01694915254237288,exploratory_unweighted_not_clinical_reference
2021-2023,ALQ_L,ALQ170,male,60-69,7.0,3,0.012711864406779662,exploratory_unweighted_not_clinical_reference
2021-2023,ALQ_L,ALQ170,male,60-69,8.0,2,0.00847457627118644,exploratory_unweighted_not_clinical_reference
2021-2023,ALQ_L,ALQ170,male,60-69,10.0,2,0.00847457627118644,exploratory_unweighted_not_clinical_reference
2021-2023,ALQ_L,ALQ170,male,60-69,20.0,2,0.00847457627118644,exploratory_unweighted_not_clinical_reference
2021-2023,ALQ_L,ALQ170,male,60-69,18.0,1,0.00423728813559322,exploratory_unweighted_not_clinical_reference
2021-2023,ALQ_L,ALQ170,male,60-69,15.0,1,0.00423728813559322,exploratory_unweighted_not_clinical_reference
2021-2023,ALQ_L,ALQ170,male,60-69,999.0,1,0.00423728813559322,exploratory_unweighted_not_clinical_reference
2021-2023,ALQ_L,ALQ170,male,70-79,5.397605346934028e-79,72,0.6153846153846154,exploratory_unweighted_not_clinical_reference
2021-2023,ALQ_L,ALQ170,male,70-79,1.0,16,0.13675213675213677,exploratory_unweighted_not_clinical_reference
2021-2023,ALQ_L,ALQ170,male,70-79,2.0,10,0.08547008547008547,exploratory_unweighted_not_clinical_reference
2021-2023,ALQ_L,ALQ170,male,70-79,3.0,6,0.05128205128205128,exploratory_unweighted_not_clinical_reference
2021-2023,ALQ_L,ALQ170,male,70-79,4.0,4,0.03418803418803419,exploratory_unweighted_not_clinical_reference
2021-2023,ALQ_L,ALQ170,male,70-79,6.0,3,0.02564102564102564,exploratory_unweighted_not_clinical_reference
2021-2023,ALQ_L,ALQ170,male,70-79,5.0,2,0.017094017094017096,exploratory_unweighted_not_clinical_reference
2021-2023,ALQ_L,ALQ170,male,70-79,30.0,2,0.017094017094017096,exploratory_unweighted_not_clinical_reference
2021-2023,ALQ_L,ALQ170,male,70-79,9.0,1,0.008547008547008548,exploratory_unweighted_not_clinical_reference
2021-2023,ALQ_L,ALQ170,male,70-79,8.0,1,0.008547008547008548,exploratory_unweighted_not_clinical_reference
2021-2023,ALQ_L,ALQ170,male,80+,5.397605346934028e-79,16,0.6666666666666666,exploratory_unweighted_not_clinical_reference
2021-2023,ALQ_L,ALQ170,male,80+,1.0,3,0.125,exploratory_unweighted_not_clinical_reference
2021-2023,ALQ_L,ALQ170,male,80+,8.0,2,0.08333333333333333,exploratory_unweighted_not_clinical_reference
2021-2023,ALQ_L,ALQ170,male,80+,2.0,2,0.08333333333333333,exploratory_unweighted_not_clinical_reference
2021-2023,ALQ_L,ALQ170,male,80+,4.0,1,0.041666666666666664,exploratory_unweighted_not_clinical_reference
2021-2023,BPQ_L,BPQ020,female,12-17,2.0,172,0.9772727272727273,exploratory_unweighted_not_clinical_reference
2021-2023,BPQ_L,BPQ020,female,12-17,1.0,4,0.022727272727272728,exploratory_unweighted_not_clinical_reference
2021-2023,BPQ_L,BPQ020,female,18-29,2.0,637,0.9493293591654247,exploratory_unweighted_not_clinical_reference
2021-2023,BPQ_L,BPQ020,female,18-29,1.0,33,0.04918032786885246,exploratory_unweighted_not_clinical_reference
2021-2023,BPQ_L,BPQ020,female,18-29,9.0,1,0.0014903129657228018,exploratory_unweighted_not_clinical_reference
2021-2023,BPQ_L,BPQ020,female,30-39,2.0,586,0.861764705882353,exploratory_unweighted_not_clinical_reference
2021-2023,BPQ_L,BPQ020,female,30-39,1.0,94,0.13823529411764707,exploratory_unweighted_not_clinical_reference
2021-2023,BPQ_L,BPQ020,female,40-49,2.0,433,0.7478411053540587,exploratory_unweighted_not_clinical_reference
2021-2023,BPQ_L,BPQ020,female,40-49,1.0,145,0.2504317789291883,exploratory_unweighted_not_clinical_reference
2021-2023,BPQ_L,BPQ020,female,40-49,9.0,1,0.0017271157167530224,exploratory_unweighted_not_clinical_reference
2021-2023,BPQ_L,BPQ020,female,50-59,2.0,389,0.5984615384615385,exploratory_unweighted_not_clinical_reference
2021-2023,BPQ_L,BPQ020,female,50-59,1.0,261,0.4015384615384615,exploratory_unweighted_not_clinical_reference
2021-2023,BPQ_L,BPQ020,female,60-69,1.0,491,0.5067079463364293,exploratory_unweighted_not_clinical_reference
2021-2023,BPQ_L,BPQ020,female,60-69,2.0,477,0.49226006191950467,exploratory_unweighted_not_clinical_reference
2021-2023,BPQ_L,BPQ020,female,60-69,9.0,1,0.0010319917440660474,exploratory_unweighted_not_clinical_reference
2021-2023,BPQ_L,BPQ020,female,70-79,1.0,386,0.5902140672782875,exploratory_unweighted_not_clinical_reference
2021-2023,BPQ_L,BPQ020,female,70-79,2.0,267,0.40825688073394495,exploratory_unweighted_not_clinical_reference
2021-2023,BPQ_L,BPQ020,female,70-79,9.0,1,0.0015290519877675841,exploratory_unweighted_not_clinical_reference
2021-2023,BPQ_L,BPQ020,female,80+,1.0,193,0.660958904109589,exploratory_unweighted_not_clinical_reference
2021-2023,BPQ_L,BPQ020,female,80+,2.0,98,0.3356164383561644,exploratory_unweighted_not_clinical_reference
2021-2023,BPQ_L,BPQ020,female,80+,9.0,1,0.003424657534246575,exploratory_unweighted_not_clinical_reference
2021-2023,BPQ_L,BPQ020,male,12-17,2.0,163,0.9476744186046512,exploratory_unweighted_not_clinical_reference
2021-2023,BPQ_L,BPQ020,male,12-17,1.0,9,0.05232558139534884,exploratory_unweighted_not_clinical_reference
2021-2023,BPQ_L,BPQ020,male,18-29,2.0,539,0.9357638888888888,exploratory_unweighted_not_clinical_reference
2021-2023,BPQ_L,BPQ020,male,18-29,1.0,37,0.0642361111111111,exploratory_unweighted_not_clinical_reference
2021-2023,BPQ_L,BPQ020,male,30-39,2.0,431,0.862,exploratory_unweighted_not_clinical_reference
2021-2023,BPQ_L,BPQ020,male,30-39,1.0,69,0.138,exploratory_unweighted_not_clinical_reference
2021-2023,BPQ_L,BPQ020,male,40-49,2.0,339,0.7321814254859611,exploratory_unweighted_not_clinical_reference
2021-2023,BPQ_L,BPQ020,male,40-49,1.0,124,0.2678185745140389,exploratory_unweighted_not_clinical_reference
2021-2023,BPQ_L,BPQ020,male,50-59,2.0,298,0.5643939393939394,exploratory_unweighted_not_clinical_reference
2021-2023,BPQ_L,BPQ020,male,50-59,1.0,229,0.4337121212121212,exploratory_unweighted_not_clinical_reference
2021-2023,BPQ_L,BPQ020,male,50-59,9.0,1,0.001893939393939394,exploratory_unweighted_not_clinical_reference
2021-2023,BPQ_L,BPQ020,male,60-69,1.0,420,0.5276381909547738,exploratory_unweighted_not_clinical_reference
2021-2023,BPQ_L,BPQ020,male,60-69,2.0,375,0.47110552763819097,exploratory_unweighted_not_clinical_reference
2021-2023,BPQ_L,BPQ020,male,60-69,9.0,1,0.001256281407035176,exploratory_unweighted_not_clinical_reference
2021-2023,BPQ_L,BPQ020,male,70-79,1.0,347,0.6196428571428572,exploratory_unweighted_not_clinical_reference
2021-2023,BPQ_L,BPQ020,male,70-79,2.0,212,0.37857142857142856,exploratory_unweighted_not_clinical_reference
2021-2023,BPQ_L,BPQ020,male,70-79,7.0,1,0.0017857142857142857,exploratory_unweighted_not_clinical_reference
2021-2023,BPQ_L,BPQ020,male,80+,1.0,127,0.5474137931034483,exploratory_unweighted_not_clinical_reference
2021-2023,BPQ_L,BPQ020,male,80+,2.0,102,0.4396551724137931,exploratory_unweighted_not_clinical_reference
2021-2023,BPQ_L,BPQ020,male,80+,9.0,3,0.01293103448275862,exploratory_unweighted_not_clinical_reference
2021-2023,BPQ_L,BPQ030,female,18-29,1.0,25,0.7575757575757576,exploratory_unweighted_not_clinical_reference
2021-2023,BPQ_L,BPQ030,female,18-29,2.0,8,0.24242424242424243,exploratory_unweighted_not_clinical_reference
2021-2023,BPQ_L,BPQ030,female,30-39,1.0,71,0.7553191489361702,exploratory_unweighted_not_clinical_reference
2021-2023,BPQ_L,BPQ030,female,30-39,2.0,22,0.23404255319148937,exploratory_unweighted_not_clinical_reference
2021-2023,BPQ_L,BPQ030,female,30-39,9.0,1,0.010638297872340425,exploratory_unweighted_not_clinical_reference
2021-2023,BPQ_L,BPQ030,female,40-49,1.0,119,0.8206896551724138,exploratory_unweighted_not_clinical_reference
2021-2023,BPQ_L,BPQ030,female,40-49,2.0,26,0.1793103448275862,exploratory_unweighted_not_clinical_reference
2021-2023,BPQ_L,BPQ030,female,50-59,1.0,217,0.8314176245210728,exploratory_unweighted_not_clinical_reference
2021-2023,BPQ_L,BPQ030,female,50-59,2.0,42,0.16091954022988506,exploratory_unweighted_not_clinical_reference
2021-2023,BPQ_L,BPQ030,female,50-59,9.0,2,0.007662835249042145,exploratory_unweighted_not_clinical_reference
2021-2023,BPQ_L,BPQ030,female,60-69,1.0,429,0.8737270875763747,exploratory_unweighted_not_clinical_reference
2021-2023,BPQ_L,BPQ030,female,60-69,2.0,62,0.12627291242362526,exploratory_unweighted_not_clinical_reference
2021-2023,BPQ_L,BPQ030,female,70-79,1.0,326,0.844559585492228,exploratory_unweighted_not_clinical_reference
2021-2023,BPQ_L,BPQ030,female,70-79,2.0,58,0.15025906735751296,exploratory_unweighted_not_clinical_reference
2021-2023,BPQ_L,BPQ030,female,70-79,9.0,2,0.0051813471502590676,exploratory_unweighted_not_clinical_reference
2021-2023,BPQ_L,BPQ030,female,80+,1.0,167,0.8652849740932642,exploratory_unweighted_not_clinical_reference
2021-2023,BPQ_L,BPQ030,female,80+,2.0,21,0.10880829015544041,exploratory_unweighted_not_clinical_reference
2021-2023,BPQ_L,BPQ030,female,80+,9.0,5,0.025906735751295335,exploratory_unweighted_not_clinical_reference
2021-2023,BPQ_L,BPQ030,male,18-29,2.0,19,0.5135135135135135,exploratory_unweighted_not_clinical_reference
2021-2023,BPQ_L,BPQ030,male,18-29,1.0,17,0.4594594594594595,exploratory_unweighted_not_clinical_reference
2021-2023,BPQ_L,BPQ030,male,18-29,9.0,1,0.02702702702702703,exploratory_unweighted_not_clinical_reference
2021-2023,BPQ_L,BPQ030,male,30-39,1.0,48,0.6956521739130435,exploratory_unweighted_not_clinical_reference
2021-2023,BPQ_L,BPQ030,male,30-39,2.0,20,0.2898550724637681,exploratory_unweighted_not_clinical_reference
2021-2023,BPQ_L,BPQ030,male,30-39,9.0,1,0.014492753623188406,exploratory_unweighted_not_clinical_reference
2021-2023,BPQ_L,BPQ030,male,40-49,1.0,99,0.7983870967741935,exploratory_unweighted_not_clinical_reference
2021-2023,BPQ_L,BPQ030,male,40-49,2.0,22,0.1774193548387097,exploratory_unweighted_not_clinical_reference
2021-2023,BPQ_L,BPQ030,male,40-49,9.0,3,0.024193548387096774,exploratory_unweighted_not_clinical_reference
2021-2023,BPQ_L,BPQ030,male,50-59,1.0,198,0.8646288209606987,exploratory_unweighted_not_clinical_reference
2021-2023,BPQ_L,BPQ030,male,50-59,2.0,31,0.13537117903930132,exploratory_unweighted_not_clinical_reference
2021-2023,BPQ_L,BPQ030,male,60-69,1.0,354,0.8448687350835322,exploratory_unweighted_not_clinical_reference
2021-2023,BPQ_L,BPQ030,male,60-69,2.0,59,0.14081145584725538,exploratory_unweighted_not_clinical_reference
2021-2023,BPQ_L,BPQ030,male,60-69,9.0,6,0.014319809069212411,exploratory_unweighted_not_clinical_reference
2021-2023,BPQ_L,BPQ030,male,70-79,1.0,283,0.8155619596541787,exploratory_unweighted_not_clinical_reference
2021-2023,BPQ_L,BPQ030,male,70-79,2.0,62,0.1786743515850144,exploratory_unweighted_not_clinical_reference
2021-2023,BPQ_L,BPQ030,male,70-79,9.0,1,0.002881844380403458,exploratory_unweighted_not_clinical_reference
2021-2023,BPQ_L,BPQ030,male,70-79,7.0,1,0.002881844380403458,exploratory_unweighted_not_clinical_reference
2021-2023,BPQ_L,BPQ030,male,80+,1.0,107,0.84251968503937,exploratory_unweighted_not_clinical_reference
2021-2023,BPQ_L,BPQ030,male,80+,2.0,18,0.14173228346456693,exploratory_unweighted_not_clinical_reference
2021-2023,BPQ_L,BPQ030,male,80+,9.0,2,0.015748031496062992,exploratory_unweighted_not_clinical_reference
2021-2023,BPQ_L,BPQ150,female,18-29,2.0,25,0.7575757575757576,exploratory_unweighted_not_clinical_reference
2021-2023,BPQ_L,BPQ150,female,18-29,1.0,8,0.24242424242424243,exploratory_unweighted_not_clinical_reference
2021-2023,BPQ_L,BPQ150,female,30-39,1.0,50,0.5319148936170213,exploratory_unweighted_not_clinical_reference
2021-2023,BPQ_L,BPQ150,female,30-39,2.0,44,0.46808510638297873,exploratory_unweighted_not_clinical_reference
2021-2023,BPQ_L,BPQ150,female,40-49,1.0,91,0.6275862068965518,exploratory_unweighted_not_clinical_reference
2021-2023,BPQ_L,BPQ150,female,40-49,2.0,54,0.3724137931034483,exploratory_unweighted_not_clinical_reference
2021-2023,BPQ_L,BPQ150,female,50-59,1.0,212,0.8122605363984674,exploratory_unweighted_not_clinical_reference
2021-2023,BPQ_L,BPQ150,female,50-59,2.0,49,0.18773946360153257,exploratory_unweighted_not_clinical_reference
2021-2023,BPQ_L,BPQ150,female,60-69,1.0,436,0.8879837067209776,exploratory_unweighted_not_clinical_reference
2021-2023,BPQ_L,BPQ150,female,60-69,2.0,55,0.1120162932790224,exploratory_unweighted_not_clinical_reference
2021-2023,BPQ_L,BPQ150,female,70-79,1.0,360,0.9326424870466321,exploratory_unweighted_not_clinical_reference
2021-2023,BPQ_L,BPQ150,female,70-79,2.0,26,0.06735751295336788,exploratory_unweighted_not_clinical_reference
2021-2023,BPQ_L,BPQ150,female,80+,1.0,173,0.8963730569948186,exploratory_unweighted_not_clinical_reference
2021-2023,BPQ_L,BPQ150,female,80+,2.0,18,0.09326424870466321,exploratory_unweighted_not_clinical_reference
2021-2023,BPQ_L,BPQ150,female,80+,9.0,2,0.010362694300518135,exploratory_unweighted_not_clinical_reference
2021-2023,BPQ_L,BPQ150,male,18-29,2.0,30,0.8108108108108109,exploratory_unweighted_not_clinical_reference
2021-2023,BPQ_L,BPQ150,male,18-29,1.0,6,0.16216216216216217,exploratory_unweighted_not_clinical_reference
2021-2023,BPQ_L,BPQ150,male,18-29,9.0,1,0.02702702702702703,exploratory_unweighted_not_clinical_reference
2021-2023,BPQ_L,BPQ150,male,30-39,2.0,48,0.6956521739130435,exploratory_unweighted_not_clinical_reference
2021-2023,BPQ_L,BPQ150,male,30-39,1.0,21,0.30434782608695654,exploratory_unweighted_not_clinical_reference
2021-2023,BPQ_L,BPQ150,male,40-49,1.0,79,0.6370967741935484,exploratory_unweighted_not_clinical_reference
2021-2023,BPQ_L,BPQ150,male,40-49,2.0,44,0.3548387096774194,exploratory_unweighted_not_clinical_reference
2021-2023,BPQ_L,BPQ150,male,40-49,9.0,1,0.008064516129032258,exploratory_unweighted_not_clinical_reference
2021-2023,BPQ_L,BPQ150,male,50-59,1.0,190,0.8296943231441049,exploratory_unweighted_not_clinical_reference
2021-2023,BPQ_L,BPQ150,male,50-59,2.0,39,0.1703056768558952,exploratory_unweighted_not_clinical_reference
2021-2023,BPQ_L,BPQ150,male,60-69,1.0,374,0.8904761904761904,exploratory_unweighted_not_clinical_reference
2021-2023,BPQ_L,BPQ150,male,60-69,2.0,46,0.10952380952380952,exploratory_unweighted_not_clinical_reference
2021-2023,BPQ_L,BPQ150,male,70-79,1.0,326,0.9394812680115274,exploratory_unweighted_not_clinical_reference
2021-2023,BPQ_L,BPQ150,male,70-79,2.0,21,0.06051873198847262,exploratory_unweighted_not_clinical_reference
2021-2023,BPQ_L,BPQ150,male,80+,1.0,111,0.8740157480314961,exploratory_unweighted_not_clinical_reference
2021-2023,BPQ_L,BPQ150,male,80+,2.0,16,0.12598425196850394,exploratory_unweighted_not_clinical_reference
2021-2023,BPQ_L,BPQ080,female,12-17,2.0,163,0.9261363636363636,exploratory_unweighted_not_clinical_reference
2021-2023,BPQ_L,BPQ080,female,12-17,1.0,12,0.06818181818181818,exploratory_unweighted_not_clinical_reference
2021-2023,BPQ_L,BPQ080,female,12-17,9.0,1,0.005681818181818182,exploratory_unweighted_not_clinical_reference
2021-2023,BPQ_L,BPQ080,female,18-29,2.0,617,0.9195230998509687,exploratory_unweighted_not_clinical_reference
2021-2023,BPQ_L,BPQ080,female,18-29,1.0,52,0.07749627421758569,exploratory_unweighted_not_clinical_reference
2021-2023,BPQ_L,BPQ080,female,18-29,9.0,2,0.0029806259314456036,exploratory_unweighted_not_clinical_reference
2021-2023,BPQ_L,BPQ080,female,30-39,2.0,613,0.9014705882352941,exploratory_unweighted_not_clinical_reference
2021-2023,BPQ_L,BPQ080,female,30-39,1.0,65,0.09558823529411764,exploratory_unweighted_not_clinical_reference
2021-2023,BPQ_L,BPQ080,female,30-39,7.0,1,0.0014705882352941176,exploratory_unweighted_not_clinical_reference
2021-2023,BPQ_L,BPQ080,female,30-39,9.0,1,0.0014705882352941176,exploratory_unweighted_not_clinical_reference
2021-2023,BPQ_L,BPQ080,female,40-49,2.0,408,0.7046632124352331,exploratory_unweighted_not_clinical_reference
2021-2023,BPQ_L,BPQ080,female,40-49,1.0,169,0.2918825561312608,exploratory_unweighted_not_clinical_reference
2021-2023,BPQ_L,BPQ080,female,40-49,9.0,2,0.0034542314335060447,exploratory_unweighted_not_clinical_reference
2021-2023,BPQ_L,BPQ080,female,50-59,2.0,367,0.5646153846153846,exploratory_unweighted_not_clinical_reference
2021-2023,BPQ_L,BPQ080,female,50-59,1.0,283,0.43538461538461537,exploratory_unweighted_not_clinical_reference
2021-2023,BPQ_L,BPQ080,female,60-69,1.0,547,0.564499484004128,exploratory_unweighted_not_clinical_reference
2021-2023,BPQ_L,BPQ080,female,60-69,2.0,415,0.4282765737874097,exploratory_unweighted_not_clinical_reference
2021-2023,BPQ_L,BPQ080,female,60-69,9.0,7,0.007223942208462332,exploratory_unweighted_not_clinical_reference
2021-2023,BPQ_L,BPQ080,female,70-79,1.0,408,0.6238532110091743,exploratory_unweighted_not_clinical_reference
2021-2023,BPQ_L,BPQ080,female,70-79,2.0,241,0.36850152905198774,exploratory_unweighted_not_clinical_reference
2021-2023,BPQ_L,BPQ080,female,70-79,9.0,5,0.00764525993883792,exploratory_unweighted_not_clinical_reference
2021-2023,BPQ_L,BPQ080,female,80+,1.0,154,0.5273972602739726,exploratory_unweighted_not_clinical_reference
2021-2023,BPQ_L,BPQ080,female,80+,2.0,132,0.4520547945205479,exploratory_unweighted_not_clinical_reference
2021-2023,BPQ_L,BPQ080,female,80+,9.0,6,0.02054794520547945,exploratory_unweighted_not_clinical_reference
2021-2023,BPQ_L,BPQ080,male,12-17,2.0,159,0.9244186046511628,exploratory_unweighted_not_clinical_reference
2021-2023,BPQ_L,BPQ080,male,12-17,1.0,13,0.0755813953488372,exploratory_unweighted_not_clinical_reference
2021-2023,BPQ_L,BPQ080,male,18-29,2.0,536,0.9305555555555556,exploratory_unweighted_not_clinical_reference
2021-2023,BPQ_L,BPQ080,male,18-29,1.0,36,0.0625,exploratory_unweighted_not_clinical_reference
2021-2023,BPQ_L,BPQ080,male,18-29,9.0,4,0.006944444444444444,exploratory_unweighted_not_clinical_reference
2021-2023,BPQ_L,BPQ080,male,30-39,2.0,395,0.79,exploratory_unweighted_not_clinical_reference
2021-2023,BPQ_L,BPQ080,male,30-39,1.0,102,0.204,exploratory_unweighted_not_clinical_reference
2021-2023,BPQ_L,BPQ080,male,30-39,9.0,3,0.006,exploratory_unweighted_not_clinical_reference
2021-2023,BPQ_L,BPQ080,male,40-49,2.0,335,0.7235421166306696,exploratory_unweighted_not_clinical_reference
2021-2023,BPQ_L,BPQ080,male,40-49,1.0,128,0.27645788336933047,exploratory_unweighted_not_clinical_reference
2021-2023,BPQ_L,BPQ080,male,50-59,2.0,264,0.5,exploratory_unweighted_not_clinical_reference
2021-2023,BPQ_L,BPQ080,male,50-59,1.0,262,0.4962121212121212,exploratory_unweighted_not_clinical_reference
2021-2023,BPQ_L,BPQ080,male,50-59,9.0,2,0.003787878787878788,exploratory_unweighted_not_clinical_reference
2021-2023,BPQ_L,BPQ080,male,60-69,1.0,416,0.5226130653266332,exploratory_unweighted_not_clinical_reference
2021-2023,BPQ_L,BPQ080,male,60-69,2.0,372,0.46733668341708545,exploratory_unweighted_not_clinical_reference
2021-2023,BPQ_L,BPQ080,male,60-69,9.0,8,0.010050251256281407,exploratory_unweighted_not_clinical_reference
2021-2023,BPQ_L,BPQ080,male,70-79,1.0,337,0.6017857142857143,exploratory_unweighted_not_clinical_reference
2021-2023,BPQ_L,BPQ080,male,70-79,2.0,220,0.39285714285714285,exploratory_unweighted_not_clinical_reference
2021-2023,BPQ_L,BPQ080,male,70-79,9.0,3,0.005357142857142857,exploratory_unweighted_not_clinical_reference
2021-2023,BPQ_L,BPQ080,male,80+,1.0,112,0.4827586206896552,exploratory_unweighted_not_clinical_reference
2021-2023,BPQ_L,BPQ080,male,80+,2.0,111,0.47844827586206895,exploratory_unweighted_not_clinical_reference
2021-2023,BPQ_L,BPQ080,male,80+,9.0,9,0.03879310344827586,exploratory_unweighted_not_clinical_reference
2021-2023,BPQ_L,BPQ101D,female,12-17,2.0,176,1.0,exploratory_unweighted_not_clinical_reference
2021-2023,BPQ_L,BPQ101D,female,18-29,2.0,669,0.9970193740685543,exploratory_unweighted_not_clinical_reference
2021-2023,BPQ_L,BPQ101D,female,18-29,1.0,2,0.0029806259314456036,exploratory_unweighted_not_clinical_reference
2021-2023,BPQ_L,BPQ101D,female,30-39,2.0,668,0.9823529411764705,exploratory_unweighted_not_clinical_reference
2021-2023,BPQ_L,BPQ101D,female,30-39,1.0,12,0.01764705882352941,exploratory_unweighted_not_clinical_reference
2021-2023,BPQ_L,BPQ101D,female,40-49,2.0,528,0.9119170984455959,exploratory_unweighted_not_clinical_reference
2021-2023,BPQ_L,BPQ101D,female,40-49,1.0,51,0.08808290155440414,exploratory_unweighted_not_clinical_reference
2021-2023,BPQ_L,BPQ101D,female,50-59,2.0,491,0.7553846153846154,exploratory_unweighted_not_clinical_reference
2021-2023,BPQ_L,BPQ101D,female,50-59,1.0,158,0.24307692307692308,exploratory_unweighted_not_clinical_reference
2021-2023,BPQ_L,BPQ101D,female,50-59,9.0,1,0.0015384615384615385,exploratory_unweighted_not_clinical_reference
2021-2023,BPQ_L,BPQ101D,female,60-69,2.0,598,0.6171310629514963,exploratory_unweighted_not_clinical_reference
2021-2023,BPQ_L,BPQ101D,female,60-69,1.0,369,0.38080495356037153,exploratory_unweighted_not_clinical_reference
2021-2023,BPQ_L,BPQ101D,female,60-69,9.0,2,0.0020639834881320948,exploratory_unweighted_not_clinical_reference
2021-2023,BPQ_L,BPQ101D,female,70-79,1.0,336,0.5137614678899083,exploratory_unweighted_not_clinical_reference
2021-2023,BPQ_L,BPQ101D,female,70-79,2.0,312,0.47706422018348627,exploratory_unweighted_not_clinical_reference
2021-2023,BPQ_L,BPQ101D,female,70-79,9.0,6,0.009174311926605505,exploratory_unweighted_not_clinical_reference
2021-2023,BPQ_L,BPQ101D,female,80+,2.0,145,0.4965753424657534,exploratory_unweighted_not_clinical_reference
2021-2023,BPQ_L,BPQ101D,female,80+,1.0,141,0.4828767123287671,exploratory_unweighted_not_clinical_reference
2021-2023,BPQ_L,BPQ101D,female,80+,9.0,6,0.02054794520547945,exploratory_unweighted_not_clinical_reference
2021-2023,BPQ_L,BPQ101D,male,12-17,2.0,172,1.0,exploratory_unweighted_not_clinical_reference
2021-2023,BPQ_L,BPQ101D,male,18-29,2.0,573,0.9947916666666666,exploratory_unweighted_not_clinical_reference
2021-2023,BPQ_L,BPQ101D,male,18-29,1.0,3,0.005208333333333333,exploratory_unweighted_not_clinical_reference
2021-2023,BPQ_L,BPQ101D,male,30-39,2.0,480,0.96,exploratory_unweighted_not_clinical_reference
2021-2023,BPQ_L,BPQ101D,male,30-39,1.0,19,0.038,exploratory_unweighted_not_clinical_reference
2021-2023,BPQ_L,BPQ101D,male,30-39,9.0,1,0.002,exploratory_unweighted_not_clinical_reference
2021-2023,BPQ_L,BPQ101D,male,40-49,2.0,419,0.9049676025917927,exploratory_unweighted_not_clinical_reference
2021-2023,BPQ_L,BPQ101D,male,40-49,1.0,44,0.09503239740820735,exploratory_unweighted_not_clinical_reference
2021-2023,BPQ_L,BPQ101D,male,50-59,2.0,336,0.6363636363636364,exploratory_unweighted_not_clinical_reference
2021-2023,BPQ_L,BPQ101D,male,50-59,1.0,190,0.35984848484848486,exploratory_unweighted_not_clinical_reference
2021-2023,BPQ_L,BPQ101D,male,50-59,9.0,2,0.003787878787878788,exploratory_unweighted_not_clinical_reference
2021-2023,BPQ_L,BPQ101D,male,60-69,2.0,451,0.5665829145728644,exploratory_unweighted_not_clinical_reference
2021-2023,BPQ_L,BPQ101D,male,60-69,1.0,343,0.43090452261306533,exploratory_unweighted_not_clinical_reference
2021-2023,BPQ_L,BPQ101D,male,60-69,9.0,2,0.002512562814070352,exploratory_unweighted_not_clinical_reference
2021-2023,BPQ_L,BPQ101D,male,70-79,1.0,335,0.5982142857142857,exploratory_unweighted_not_clinical_reference
2021-2023,BPQ_L,BPQ101D,male,70-79,2.0,222,0.3964285714285714,exploratory_unweighted_not_clinical_reference
2021-2023,BPQ_L,BPQ101D,male,70-79,9.0,3,0.005357142857142857,exploratory_unweighted_not_clinical_reference
2021-2023,BPQ_L,BPQ101D,male,80+,1.0,123,0.5301724137931034,exploratory_unweighted_not_clinical_reference
2021-2023,BPQ_L,BPQ101D,male,80+,2.0,99,0.4267241379310345,exploratory_unweighted_not_clinical_reference
2021-2023,BPQ_L,BPQ101D,male,80+,9.0,10,0.04310344827586207,exploratory_unweighted_not_clinical_reference
2021-2023,DBQ_L,DBQ010,female,0-11,1.0,540,0.7692307692307693,exploratory_unweighted_not_clinical_reference
2021-2023,DBQ_L,DBQ010,female,0-11,2.0,160,0.22792022792022792,exploratory_unweighted_not_clinical_reference
2021-2023,DBQ_L,DBQ010,female,0-11,9.0,2,0.002849002849002849,exploratory_unweighted_not_clinical_reference
2021-2023,DBQ_L,DBQ010,male,0-11,1.0,581,0.7861975642760487,exploratory_unweighted_not_clinical_reference
2021-2023,DBQ_L,DBQ010,male,0-11,2.0,154,0.2083897158322057,exploratory_unweighted_not_clinical_reference
2021-2023,DBQ_L,DBQ010,male,0-11,9.0,4,0.005412719891745603,exploratory_unweighted_not_clinical_reference
2021-2023,DBQ_L,DBD041,female,0-11,1.0,247,0.35185185185185186,exploratory_unweighted_not_clinical_reference
2021-2023,DBQ_L,DBD041,female,0-11,5.397605346934028e-79,143,0.2037037037037037,exploratory_unweighted_not_clinical_reference
2021-2023,DBQ_L,DBD041,female,0-11,91.0,43,0.06125356125356125,exploratory_unweighted_not_clinical_reference
2021-2023,DBQ_L,DBD041,female,0-11,182.0,36,0.05128205128205128,exploratory_unweighted_not_clinical_reference
2021-2023,DBQ_L,DBD041,female,0-11,30.0,32,0.045584045584045586,exploratory_unweighted_not_clinical_reference
2021-2023,DBQ_L,DBD041,female,0-11,121.0,31,0.04415954415954416,exploratory_unweighted_not_clinical_reference
2021-2023,DBQ_L,DBD041,female,0-11,60.0,27,0.038461538461538464,exploratory_unweighted_not_clinical_reference
2021-2023,DBQ_L,DBD041,female,0-11,243.0,17,0.024216524216524215,exploratory_unweighted_not_clinical_reference
2021-2023,DBQ_L,DBD041,female,0-11,2.0,15,0.021367521367521368,exploratory_unweighted_not_clinical_reference
2021-2023,DBQ_L,DBD041,female,0-11,14.0,14,0.019943019943019943,exploratory_unweighted_not_clinical_reference
2021-2023,DBQ_L,DBD041,female,0-11,7.0,12,0.017094017094017096,exploratory_unweighted_not_clinical_reference
2021-2023,DBQ_L,DBD041,female,0-11,365.0,11,0.01566951566951567,exploratory_unweighted_not_clinical_reference
2021-2023,DBQ_L,DBD041,female,0-11,152.0,10,0.014245014245014245,exploratory_unweighted_not_clinical_reference
2021-2023,DBQ_L,DBD041,female,0-11,212.0,10,0.014245014245014245,exploratory_unweighted_not_clinical_reference
2021-2023,DBQ_L,DBD041,female,0-11,999999.0,9,0.01282051282051282,exploratory_unweighted_not_clinical_reference
2021-2023,DBQ_L,DBD041,female,0-11,21.0,9,0.01282051282051282,exploratory_unweighted_not_clinical_reference
2021-2023,DBQ_L,DBD041,female,0-11,273.0,6,0.008547008547008548,exploratory_unweighted_not_clinical_reference
2021-2023,DBQ_L,DBD041,female,0-11,3.0,5,0.007122507122507123,exploratory_unweighted_not_clinical_reference
2021-2023,DBQ_L,DBD041,female,0-11,666666.0,4,0.005698005698005698,exploratory_unweighted_not_clinical_reference
2021-2023,DBQ_L,DBD041,female,0-11,364.0,3,0.004273504273504274,exploratory_unweighted_not_clinical_reference
2021-2023,DBQ_L,DBD041,female,0-11,4.0,3,0.004273504273504274,exploratory_unweighted_not_clinical_reference
2021-2023,DBQ_L,DBD041,female,0-11,42.0,3,0.004273504273504274,exploratory_unweighted_not_clinical_reference
2021-2023,DBQ_L,DBD041,female,0-11,304.0,3,0.004273504273504274,exploratory_unweighted_not_clinical_reference
2021-2023,DBQ_L,DBD041,female,0-11,20.0,2,0.002849002849002849,exploratory_unweighted_not_clinical_reference
2021-2023,DBQ_L,DBD041,female,0-11,8.0,1,0.0014245014245014246,exploratory_unweighted_not_clinical_reference
2021-2023,DBQ_L,DBD041,female,0-11,56.0,1,0.0014245014245014246,exploratory_unweighted_not_clinical_reference
2021-2023,DBQ_L,DBD041,female,0-11,28.0,1,0.0014245014245014246,exploratory_unweighted_not_clinical_reference
2021-2023,DBQ_L,DBD041,female,0-11,196.0,1,0.0014245014245014246,exploratory_unweighted_not_clinical_reference
2021-2023,DBQ_L,DBD041,female,0-11,10.0,1,0.0014245014245014246,exploratory_unweighted_not_clinical_reference
2021-2023,DBQ_L,DBD041,female,0-11,77.0,1,0.0014245014245014246,exploratory_unweighted_not_clinical_reference
2021-2023,DBQ_L,DBD041,female,0-11,49.0,1,0.0014245014245014246,exploratory_unweighted_not_clinical_reference
2021-2023,DBQ_L,DBD041,male,0-11,1.0,253,0.3423545331529093,exploratory_unweighted_not_clinical_reference
2021-2023,DBQ_L,DBD041,male,0-11,5.397605346934028e-79,145,0.19621109607577808,exploratory_unweighted_not_clinical_reference
2021-2023,DBQ_L,DBD041,male,0-11,182.0,43,0.058186738836265225,exploratory_unweighted_not_clinical_reference
2021-2023,DBQ_L,DBD041,male,0-11,91.0,42,0.056833558863328824,exploratory_unweighted_not_clinical_reference
2021-2023,DBQ_L,DBD041,male,0-11,60.0,37,0.05006765899864682,exploratory_unweighted_not_clinical_reference
2021-2023,DBQ_L,DBD041,male,0-11,30.0,31,0.04194857916102842,exploratory_unweighted_not_clinical_reference
2021-2023,DBQ_L,DBD041,male,0-11,121.0,28,0.037889039242219216,exploratory_unweighted_not_clinical_reference
2021-2023,DBQ_L,DBD041,male,0-11,152.0,19,0.02571041948579161,exploratory_unweighted_not_clinical_reference
2021-2023,DBQ_L,DBD041,male,0-11,14.0,19,0.02571041948579161,exploratory_unweighted_not_clinical_reference
2021-2023,DBQ_L,DBD041,male,0-11,273.0,16,0.02165087956698241,exploratory_unweighted_not_clinical_reference
2021-2023,DBQ_L,DBD041,male,0-11,7.0,16,0.02165087956698241,exploratory_unweighted_not_clinical_reference
2021-2023,DBQ_L,DBD041,male,0-11,2.0,15,0.02029769959404601,exploratory_unweighted_not_clinical_reference
2021-2023,DBQ_L,DBD041,male,0-11,3.0,14,0.018944519621109608,exploratory_unweighted_not_clinical_reference
2021-2023,DBQ_L,DBD041,male,0-11,999999.0,8,0.010825439783491205,exploratory_unweighted_not_clinical_reference
2021-2023,DBQ_L,DBD041,male,0-11,365.0,8,0.010825439783491205,exploratory_unweighted_not_clinical_reference
2021-2023,DBQ_L,DBD041,male,0-11,42.0,7,0.009472259810554804,exploratory_unweighted_not_clinical_reference
2021-2023,DBQ_L,DBD041,male,0-11,243.0,7,0.009472259810554804,exploratory_unweighted_not_clinical_reference
2021-2023,DBQ_L,DBD041,male,0-11,212.0,4,0.005412719891745603,exploratory_unweighted_not_clinical_reference
2021-2023,DBQ_L,DBD041,male,0-11,4.0,4,0.005412719891745603,exploratory_unweighted_not_clinical_reference
2021-2023,DBQ_L,DBD041,male,0-11,666666.0,4,0.005412719891745603,exploratory_unweighted_not_clinical_reference
2021-2023,DBQ_L,DBD041,male,0-11,304.0,4,0.005412719891745603,exploratory_unweighted_not_clinical_reference
2021-2023,DBQ_L,DBD041,male,0-11,21.0,3,0.0040595399188092015,exploratory_unweighted_not_clinical_reference
2021-2023,DBQ_L,DBD041,male,0-11,28.0,3,0.0040595399188092015,exploratory_unweighted_not_clinical_reference
2021-2023,DBQ_L,DBD041,male,0-11,35.0,2,0.0027063599458728013,exploratory_unweighted_not_clinical_reference
2021-2023,DBQ_L,DBD041,male,0-11,70.0,1,0.0013531799729364006,exploratory_unweighted_not_clinical_reference
2021-2023,DBQ_L,DBD041,male,0-11,20.0,1,0.0013531799729364006,exploratory_unweighted_not_clinical_reference
2021-2023,DBQ_L,DBD041,male,0-11,364.0,1,0.0013531799729364006,exploratory_unweighted_not_clinical_reference
2021-2023,DBQ_L,DBD041,male,0-11,334.0,1,0.0013531799729364006,exploratory_unweighted_not_clinical_reference
2021-2023,DBQ_L,DBD041,male,0-11,6.0,1,0.0013531799729364006,exploratory_unweighted_not_clinical_reference
2021-2023,DBQ_L,DBD041,male,0-11,10.0,1,0.0013531799729364006,exploratory_unweighted_not_clinical_reference
2021-2023,DBQ_L,DBD041,male,0-11,40.0,1,0.0013531799729364006,exploratory_unweighted_not_clinical_reference
2021-2023,DBQ_L,DBD050,female,0-11,365.0,202,0.3613595706618962,exploratory_unweighted_not_clinical_reference
2021-2023,DBQ_L,DBD050,female,0-11,5.397605346934028e-79,75,0.13416815742397137,exploratory_unweighted_not_clinical_reference
2021-2023,DBQ_L,DBD050,female,0-11,364.0,73,0.13059033989266547,exploratory_unweighted_not_clinical_reference
2021-2023,DBQ_L,DBD050,female,0-11,730.0,29,0.0518783542039356,exploratory_unweighted_not_clinical_reference
2021-2023,DBQ_L,DBD050,female,0-11,547.0,24,0.04293381037567084,exploratory_unweighted_not_clinical_reference
2021-2023,DBQ_L,DBD050,female,0-11,334.0,22,0.03935599284436494,exploratory_unweighted_not_clinical_reference
2021-2023,DBQ_L,DBD050,female,0-11,999999.0,18,0.03220035778175313,exploratory_unweighted_not_clinical_reference
2021-2023,DBQ_L,DBD050,female,0-11,425.0,14,0.025044722719141325,exploratory_unweighted_not_clinical_reference
2021-2023,DBQ_L,DBD050,female,0-11,243.0,14,0.025044722719141325,exploratory_unweighted_not_clinical_reference
2021-2023,DBQ_L,DBD050,female,0-11,273.0,12,0.02146690518783542,exploratory_unweighted_not_clinical_reference
2021-2023,DBQ_L,DBD050,female,0-11,395.0,11,0.01967799642218247,exploratory_unweighted_not_clinical_reference
2021-2023,DBQ_L,DBD050,female,0-11,304.0,8,0.014311270125223614,exploratory_unweighted_not_clinical_reference
2021-2023,DBQ_L,DBD050,female,0-11,1095.0,7,0.012522361359570662,exploratory_unweighted_not_clinical_reference
2021-2023,DBQ_L,DBD050,female,0-11,2.0,6,0.01073345259391771,exploratory_unweighted_not_clinical_reference
2021-2023,DBQ_L,DBD050,female,0-11,456.0,5,0.008944543828264758,exploratory_unweighted_not_clinical_reference
2021-2023,DBQ_L,DBD050,female,0-11,182.0,5,0.008944543828264758,exploratory_unweighted_not_clinical_reference
2021-2023,DBQ_L,DBD050,female,0-11,212.0,5,0.008944543828264758,exploratory_unweighted_not_clinical_reference
2021-2023,DBQ_L,DBD050,female,0-11,30.0,4,0.007155635062611807,exploratory_unweighted_not_clinical_reference
2021-2023,DBQ_L,DBD050,female,0-11,91.0,3,0.005366726296958855,exploratory_unweighted_not_clinical_reference
2021-2023,DBQ_L,DBD050,female,0-11,60.0,2,0.0035778175313059034,exploratory_unweighted_not_clinical_reference
2021-2023,DBQ_L,DBD050,female,0-11,14.0,2,0.0035778175313059034,exploratory_unweighted_not_clinical_reference
2021-2023,DBQ_L,DBD050,female,0-11,7.0,2,0.0035778175313059034,exploratory_unweighted_not_clinical_reference
2021-2023,DBQ_L,DBD050,female,0-11,912.0,2,0.0035778175313059034,exploratory_unweighted_not_clinical_reference
2021-2023,DBQ_L,DBD050,female,0-11,121.0,2,0.0035778175313059034,exploratory_unweighted_not_clinical_reference
2021-2023,DBQ_L,DBD050,female,0-11,729.0,1,0.0017889087656529517,exploratory_unweighted_not_clinical_reference
2021-2023,DBQ_L,DBD050,female,0-11,35.0,1,0.0017889087656529517,exploratory_unweighted_not_clinical_reference
2021-2023,DBQ_L,DBD050,female,0-11,1094.0,1,0.0017889087656529517,exploratory_unweighted_not_clinical_reference
2021-2023,DBQ_L,DBD050,female,0-11,3.0,1,0.0017889087656529517,exploratory_unweighted_not_clinical_reference
2021-2023,DBQ_L,DBD050,female,0-11,21.0,1,0.0017889087656529517,exploratory_unweighted_not_clinical_reference
2021-2023,DBQ_L,DBD050,female,0-11,608.0,1,0.0017889087656529517,exploratory_unweighted_not_clinical_reference
2021-2023,DBQ_L,DBD050,female,0-11,666666.0,1,0.0017889087656529517,exploratory_unweighted_not_clinical_reference
2021-2023,DBQ_L,DBD050,female,0-11,638.0,1,0.0017889087656529517,exploratory_unweighted_not_clinical_reference
2021-2023,DBQ_L,DBD050,female,0-11,516.0,1,0.0017889087656529517,exploratory_unweighted_not_clinical_reference
2021-2023,DBQ_L,DBD050,female,0-11,152.0,1,0.0017889087656529517,exploratory_unweighted_not_clinical_reference
2021-2023,DBQ_L,DBD050,female,0-11,486.0,1,0.0017889087656529517,exploratory_unweighted_not_clinical_reference
2021-2023,DBQ_L,DBD050,female,0-11,5.0,1,0.0017889087656529517,exploratory_unweighted_not_clinical_reference
2021-2023,DBQ_L,DBD050,male,0-11,365.0,235,0.3956228956228956,exploratory_unweighted_not_clinical_reference
2021-2023,DBQ_L,DBD050,male,0-11,5.397605346934028e-79,92,0.15488215488215487,exploratory_unweighted_not_clinical_reference
2021-2023,DBQ_L,DBD050,male,0-11,364.0,60,0.10101010101010101,exploratory_unweighted_not_clinical_reference
2021-2023,DBQ_L,DBD050,male,0-11,547.0,27,0.045454545454545456,exploratory_unweighted_not_clinical_reference
2021-2023,DBQ_L,DBD050,male,0-11,730.0,22,0.037037037037037035,exploratory_unweighted_not_clinical_reference
2021-2023,DBQ_L,DBD050,male,0-11,243.0,18,0.030303030303030304,exploratory_unweighted_not_clinical_reference
2021-2023,DBQ_L,DBD050,male,0-11,334.0,18,0.030303030303030304,exploratory_unweighted_not_clinical_reference
2021-2023,DBQ_L,DBD050,male,0-11,999999.0,17,0.02861952861952862,exploratory_unweighted_not_clinical_reference
2021-2023,DBQ_L,DBD050,male,0-11,425.0,16,0.026936026936026935,exploratory_unweighted_not_clinical_reference
2021-2023,DBQ_L,DBD050,male,0-11,395.0,15,0.025252525252525252,exploratory_unweighted_not_clinical_reference
2021-2023,DBQ_L,DBD050,male,0-11,182.0,11,0.018518518518518517,exploratory_unweighted_not_clinical_reference
2021-2023,DBQ_L,DBD050,male,0-11,273.0,10,0.016835016835016835,exploratory_unweighted_not_clinical_reference
2021-2023,DBQ_L,DBD050,male,0-11,304.0,10,0.016835016835016835,exploratory_unweighted_not_clinical_reference
2021-2023,DBQ_L,DBD050,male,0-11,456.0,8,0.013468013468013467,exploratory_unweighted_not_clinical_reference
2021-2023,DBQ_L,DBD050,male,0-11,1095.0,6,0.010101010101010102,exploratory_unweighted_not_clinical_reference
2021-2023,DBQ_L,DBD050,male,0-11,912.0,4,0.006734006734006734,exploratory_unweighted_not_clinical_reference
2021-2023,DBQ_L,DBD050,male,0-11,121.0,4,0.006734006734006734,exploratory_unweighted_not_clinical_reference
2021-2023,DBQ_L,DBD050,male,0-11,486.0,4,0.006734006734006734,exploratory_unweighted_not_clinical_reference
2021-2023,DBQ_L,DBD050,male,0-11,5.0,3,0.005050505050505051,exploratory_unweighted_not_clinical_reference
2021-2023,DBQ_L,DBD050,male,0-11,30.0,3,0.005050505050505051,exploratory_unweighted_not_clinical_reference
2021-2023,DBQ_L,DBD050,male,0-11,91.0,2,0.003367003367003367,exploratory_unweighted_not_clinical_reference
2021-2023,DBQ_L,DBD050,male,0-11,4.0,2,0.003367003367003367,exploratory_unweighted_not_clinical_reference
2021-2023,DBQ_L,DBD050,male,0-11,666666.0,2,0.003367003367003367,exploratory_unweighted_not_clinical_reference
2021-2023,DBQ_L,DBD050,male,0-11,212.0,2,0.003367003367003367,exploratory_unweighted_not_clinical_reference
2021-2023,DBQ_L,DBD050,male,0-11,3.0,1,0.0016835016835016834,exploratory_unweighted_not_clinical_reference
2021-2023,DBQ_L,DBD050,male,0-11,516.0,1,0.0016835016835016834,exploratory_unweighted_not_clinical_reference
2021-2023,DBQ_L,DBD050,male,0-11,2.0,1,0.0016835016835016834,exploratory_unweighted_not_clinical_reference
2021-2023,DBQ_L,DBD055,female,0-11,182.0,222,0.3166904422253923,exploratory_unweighted_not_clinical_reference
2021-2023,DBQ_L,DBD055,female,0-11,121.0,85,0.12125534950071326,exploratory_unweighted_not_clinical_reference
2021-2023,DBQ_L,DBD055,female,0-11,152.0,78,0.11126961483594865,exploratory_unweighted_not_clinical_reference
2021-2023,DBQ_L,DBD055,female,0-11,365.0,60,0.08559201141226819,exploratory_unweighted_not_clinical_reference
2021-2023,DBQ_L,DBD055,female,0-11,91.0,40,0.05706134094151213,exploratory_unweighted_not_clinical_reference
2021-2023,DBQ_L,DBD055,female,0-11,5.397605346934028e-79,31,0.0442225392296719,exploratory_unweighted_not_clinical_reference
2021-2023,DBQ_L,DBD055,female,0-11,212.0,29,0.04136947218259629,exploratory_unweighted_not_clinical_reference
2021-2023,DBQ_L,DBD055,female,0-11,273.0,28,0.039942938659058486,exploratory_unweighted_not_clinical_reference
2021-2023,DBQ_L,DBD055,female,0-11,243.0,22,0.03138373751783167,exploratory_unweighted_not_clinical_reference
2021-2023,DBQ_L,DBD055,female,0-11,999999.0,16,0.02282453637660485,exploratory_unweighted_not_clinical_reference
2021-2023,DBQ_L,DBD055,female,0-11,364.0,15,0.021398002853067047,exploratory_unweighted_not_clinical_reference
2021-2023,DBQ_L,DBD055,female,0-11,547.0,15,0.021398002853067047,exploratory_unweighted_not_clinical_reference
2021-2023,DBQ_L,DBD055,female,0-11,304.0,12,0.017118402282453638,exploratory_unweighted_not_clinical_reference
2021-2023,DBQ_L,DBD055,female,0-11,60.0,9,0.012838801711840228,exploratory_unweighted_not_clinical_reference
2021-2023,DBQ_L,DBD055,female,0-11,730.0,5,0.007132667617689016,exploratory_unweighted_not_clinical_reference
2021-2023,DBQ_L,DBD055,female,0-11,30.0,4,0.005706134094151213,exploratory_unweighted_not_clinical_reference
2021-2023,DBQ_L,DBD055,female,0-11,1.0,4,0.005706134094151213,exploratory_unweighted_not_clinical_reference
2021-2023,DBQ_L,DBD055,female,0-11,334.0,4,0.005706134094151213,exploratory_unweighted_not_clinical_reference
2021-2023,DBQ_L,DBD055,female,0-11,425.0,3,0.0042796005706134095,exploratory_unweighted_not_clinical_reference
2021-2023,DBQ_L,DBD055,female,0-11,666666.0,3,0.0042796005706134095,exploratory_unweighted_not_clinical_reference
2021-2023,DBQ_L,DBD055,female,0-11,2.0,3,0.0042796005706134095,exploratory_unweighted_not_clinical_reference
2021-2023,DBQ_L,DBD055,female,0-11,516.0,2,0.0028530670470756064,exploratory_unweighted_not_clinical_reference
2021-2023,DBQ_L,DBD055,female,0-11,608.0,2,0.0028530670470756064,exploratory_unweighted_not_clinical_reference
2021-2023,DBQ_L,DBD055,female,0-11,7.0,2,0.0028530670470756064,exploratory_unweighted_not_clinical_reference
2021-2023,DBQ_L,DBD055,female,0-11,4.0,1,0.0014265335235378032,exploratory_unweighted_not_clinical_reference
2021-2023,DBQ_L,DBD055,female,0-11,8.0,1,0.0014265335235378032,exploratory_unweighted_not_clinical_reference
2021-2023,DBQ_L,DBD055,female,0-11,3.0,1,0.0014265335235378032,exploratory_unweighted_not_clinical_reference
2021-2023,DBQ_L,DBD055,female,0-11,126.0,1,0.0014265335235378032,exploratory_unweighted_not_clinical_reference
2021-2023,DBQ_L,DBD055,female,0-11,486.0,1,0.0014265335235378032,exploratory_unweighted_not_clinical_reference
2021-2023,DBQ_L,DBD055,female,0-11,14.0,1,0.0014265335235378032,exploratory_unweighted_not_clinical_reference
2021-2023,DBQ_L,DBD055,female,0-11,42.0,1,0.0014265335235378032,exploratory_unweighted_not_clinical_reference
2021-2023,DBQ_L,DBD055,male,0-11,182.0,257,0.34776725304465494,exploratory_unweighted_not_clinical_reference
2021-2023,DBQ_L,DBD055,male,0-11,121.0,105,0.14208389715832206,exploratory_unweighted_not_clinical_reference
2021-2023,DBQ_L,DBD055,male,0-11,365.0,73,0.09878213802435724,exploratory_unweighted_not_clinical_reference
2021-2023,DBQ_L,DBD055,male,0-11,152.0,67,0.09066305818673884,exploratory_unweighted_not_clinical_reference
2021-2023,DBQ_L,DBD055,male,0-11,91.0,38,0.05142083897158322,exploratory_unweighted_not_clinical_reference
2021-2023,DBQ_L,DBD055,male,0-11,212.0,32,0.04330175913396482,exploratory_unweighted_not_clinical_reference
2021-2023,DBQ_L,DBD055,male,0-11,5.397605346934028e-79,29,0.03924221921515562,exploratory_unweighted_not_clinical_reference
2021-2023,DBQ_L,DBD055,male,0-11,243.0,24,0.03247631935047361,exploratory_unweighted_not_clinical_reference
2021-2023,DBQ_L,DBD055,male,0-11,273.0,18,0.02435723951285521,exploratory_unweighted_not_clinical_reference
2021-2023,DBQ_L,DBD055,male,0-11,304.0,15,0.02029769959404601,exploratory_unweighted_not_clinical_reference
2021-2023,DBQ_L,DBD055,male,0-11,364.0,13,0.017591339648173207,exploratory_unweighted_not_clinical_reference
2021-2023,DBQ_L,DBD055,male,0-11,999999.0,10,0.013531799729364006,exploratory_unweighted_not_clinical_reference
2021-2023,DBQ_L,DBD055,male,0-11,60.0,10,0.013531799729364006,exploratory_unweighted_not_clinical_reference
2021-2023,DBQ_L,DBD055,male,0-11,547.0,9,0.012178619756427604,exploratory_unweighted_not_clinical_reference
2021-2023,DBQ_L,DBD055,male,0-11,334.0,6,0.008119079837618403,exploratory_unweighted_not_clinical_reference
2021-2023,DBQ_L,DBD055,male,0-11,730.0,5,0.006765899864682003,exploratory_unweighted_not_clinical_reference
2021-2023,DBQ_L,DBD055,male,0-11,30.0,4,0.005412719891745603,exploratory_unweighted_not_clinical_reference
2021-2023,DBQ_L,DBD055,male,0-11,14.0,4,0.005412719891745603,exploratory_unweighted_not_clinical_reference
2021-2023,DBQ_L,DBD055,male,0-11,425.0,3,0.0040595399188092015,exploratory_unweighted_not_clinical_reference
2021-2023,DBQ_L,DBD055,male,0-11,1.0,3,0.0040595399188092015,exploratory_unweighted_not_clinical_reference
2021-2023,DBQ_L,DBD055,male,0-11,3.0,2,0.0027063599458728013,exploratory_unweighted_not_clinical_reference
2021-2023,DBQ_L,DBD055,male,0-11,577.0,1,0.0013531799729364006,exploratory_unweighted_not_clinical_reference
2021-2023,DBQ_L,DBD055,male,0-11,456.0,1,0.0013531799729364006,exploratory_unweighted_not_clinical_reference
2021-2023,DBQ_L,DBD055,male,0-11,7.0,1,0.0013531799729364006,exploratory_unweighted_not_clinical_reference
2021-2023,DBQ_L,DBD055,male,0-11,28.0,1,0.0013531799729364006,exploratory_unweighted_not_clinical_reference
2021-2023,DBQ_L,DBD055,male,0-11,42.0,1,0.0013531799729364006,exploratory_unweighted_not_clinical_reference
2021-2023,DBQ_L,DBD055,male,0-11,40.0,1,0.0013531799729364006,exploratory_unweighted_not_clinical_reference
2021-2023,DBQ_L,DBD055,male,0-11,2.0,1,0.0013531799729364006,exploratory_unweighted_not_clinical_reference
2021-2023,DBQ_L,DBD055,male,0-11,4.0,1,0.0013531799729364006,exploratory_unweighted_not_clinical_reference
2021-2023,DBQ_L,DBD055,male,0-11,126.0,1,0.0013531799729364006,exploratory_unweighted_not_clinical_reference
2021-2023,DBQ_L,DBD055,male,0-11,666666.0,1,0.0013531799729364006,exploratory_unweighted_not_clinical_reference
2021-2023,DBQ_L,DBD055,male,0-11,486.0,1,0.0013531799729364006,exploratory_unweighted_not_clinical_reference
2021-2023,DBQ_L,DBD055,male,0-11,5.0,1,0.0013531799729364006,exploratory_unweighted_not_clinical_reference
2021-2023,DBQ_L,DBD061,female,0-11,365.0,289,0.4385432473444613,exploratory_unweighted_not_clinical_reference
2021-2023,DBQ_L,DBD061,female,0-11,364.0,88,0.13353566009104703,exploratory_unweighted_not_clinical_reference
2021-2023,DBQ_L,DBD061,female,0-11,5.397605346934028e-79,67,0.10166919575113809,exploratory_unweighted_not_clinical_reference
2021-2023,DBQ_L,DBD061,female,0-11,334.0,27,0.0409711684370258,exploratory_unweighted_not_clinical_reference
2021-2023,DBQ_L,DBD061,female,0-11,547.0,27,0.0409711684370258,exploratory_unweighted_not_clinical_reference
2021-2023,DBQ_L,DBD061,female,0-11,730.0,26,0.03945371775417299,exploratory_unweighted_not_clinical_reference
2021-2023,DBQ_L,DBD061,female,0-11,273.0,19,0.028831562974203338,exploratory_unweighted_not_clinical_reference
2021-2023,DBQ_L,DBD061,female,0-11,182.0,17,0.025796661608497723,exploratory_unweighted_not_clinical_reference
2021-2023,DBQ_L,DBD061,female,0-11,304.0,17,0.025796661608497723,exploratory_unweighted_not_clinical_reference
2021-2023,DBQ_L,DBD061,female,0-11,243.0,16,0.024279210925644917,exploratory_unweighted_not_clinical_reference
2021-2023,DBQ_L,DBD061,female,0-11,395.0,14,0.021244309559939303,exploratory_unweighted_not_clinical_reference
2021-2023,DBQ_L,DBD061,female,0-11,1095.0,10,0.015174506828528073,exploratory_unweighted_not_clinical_reference
2021-2023,DBQ_L,DBD061,female,0-11,999999.0,9,0.013657056145675266,exploratory_unweighted_not_clinical_reference
2021-2023,DBQ_L,DBD061,female,0-11,425.0,7,0.010622154779969651,exploratory_unweighted_not_clinical_reference
2021-2023,DBQ_L,DBD061,female,0-11,456.0,5,0.007587253414264037,exploratory_unweighted_not_clinical_reference
2021-2023,DBQ_L,DBD061,female,0-11,212.0,5,0.007587253414264037,exploratory_unweighted_not_clinical_reference
2021-2023,DBQ_L,DBD061,female,0-11,91.0,4,0.006069802731411229,exploratory_unweighted_not_clinical_reference
2021-2023,DBQ_L,DBD061,female,0-11,486.0,4,0.006069802731411229,exploratory_unweighted_not_clinical_reference
2021-2023,DBQ_L,DBD061,female,0-11,912.0,3,0.004552352048558422,exploratory_unweighted_not_clinical_reference
2021-2023,DBQ_L,DBD061,female,0-11,121.0,1,0.0015174506828528073,exploratory_unweighted_not_clinical_reference
2021-2023,DBQ_L,DBD061,female,0-11,152.0,1,0.0015174506828528073,exploratory_unweighted_not_clinical_reference
2021-2023,DBQ_L,DBD061,female,0-11,729.0,1,0.0015174506828528073,exploratory_unweighted_not_clinical_reference
2021-2023,DBQ_L,DBD061,female,0-11,1.0,1,0.0015174506828528073,exploratory_unweighted_not_clinical_reference
2021-2023,DBQ_L,DBD061,female,0-11,516.0,1,0.0015174506828528073,exploratory_unweighted_not_clinical_reference
2021-2023,DBQ_L,DBD061,male,0-11,365.0,311,0.44619799139167865,exploratory_unweighted_not_clinical_reference
2021-2023,DBQ_L,DBD061,male,0-11,5.397605346934028e-79,91,0.13055954088952654,exploratory_unweighted_not_clinical_reference
2021-2023,DBQ_L,DBD061,male,0-11,364.0,71,0.10186513629842181,exploratory_unweighted_not_clinical_reference
2021-2023,DBQ_L,DBD061,male,0-11,547.0,28,0.040172166427546625,exploratory_unweighted_not_clinical_reference
2021-2023,DBQ_L,DBD061,male,0-11,730.0,27,0.03873744619799139,exploratory_unweighted_not_clinical_reference
2021-2023,DBQ_L,DBD061,male,0-11,182.0,27,0.03873744619799139,exploratory_unweighted_not_clinical_reference
2021-2023,DBQ_L,DBD061,male,0-11,334.0,25,0.035868005738880916,exploratory_unweighted_not_clinical_reference
2021-2023,DBQ_L,DBD061,male,0-11,304.0,19,0.027259684361549498,exploratory_unweighted_not_clinical_reference
2021-2023,DBQ_L,DBD061,male,0-11,425.0,15,0.021520803443328552,exploratory_unweighted_not_clinical_reference
2021-2023,DBQ_L,DBD061,male,0-11,395.0,15,0.021520803443328552,exploratory_unweighted_not_clinical_reference
2021-2023,DBQ_L,DBD061,male,0-11,273.0,14,0.020086083213773313,exploratory_unweighted_not_clinical_reference
2021-2023,DBQ_L,DBD061,male,0-11,243.0,12,0.01721664275466284,exploratory_unweighted_not_clinical_reference
2021-2023,DBQ_L,DBD061,male,0-11,212.0,10,0.014347202295552367,exploratory_unweighted_not_clinical_reference
2021-2023,DBQ_L,DBD061,male,0-11,1095.0,7,0.010043041606886656,exploratory_unweighted_not_clinical_reference
2021-2023,DBQ_L,DBD061,male,0-11,456.0,5,0.007173601147776184,exploratory_unweighted_not_clinical_reference
2021-2023,DBQ_L,DBD061,male,0-11,999999.0,3,0.00430416068866571,exploratory_unweighted_not_clinical_reference
2021-2023,DBQ_L,DBD061,male,0-11,608.0,3,0.00430416068866571,exploratory_unweighted_not_clinical_reference
2021-2023,DBQ_L,DBD061,male,0-11,121.0,3,0.00430416068866571,exploratory_unweighted_not_clinical_reference
2021-2023,DBQ_L,DBD061,male,0-11,152.0,2,0.0028694404591104736,exploratory_unweighted_not_clinical_reference
2021-2023,DBQ_L,DBD061,male,0-11,577.0,2,0.0028694404591104736,exploratory_unweighted_not_clinical_reference
2021-2023,DBQ_L,DBD061,male,0-11,516.0,1,0.0014347202295552368,exploratory_unweighted_not_clinical_reference
2021-2023,DBQ_L,DBD061,male,0-11,1003.0,1,0.0014347202295552368,exploratory_unweighted_not_clinical_reference
2021-2023,DBQ_L,DBD061,male,0-11,486.0,1,0.0014347202295552368,exploratory_unweighted_not_clinical_reference
2021-2023,DBQ_L,DBD061,male,0-11,1.0,1,0.0014347202295552368,exploratory_unweighted_not_clinical_reference
2021-2023,DBQ_L,DBD061,male,0-11,912.0,1,0.0014347202295552368,exploratory_unweighted_not_clinical_reference
2021-2023,DBQ_L,DBD061,male,0-11,91.0,1,0.0014347202295552368,exploratory_unweighted_not_clinical_reference
2021-2023,DBQ_L,DBD061,male,0-11,666666.0,1,0.0014347202295552368,exploratory_unweighted_not_clinical_reference
2021-2023,DBQ_L,DBQ073A,female,0-11,10.0,429,0.9930555555555556,exploratory_unweighted_not_clinical_reference
2021-2023,DBQ_L,DBQ073A,female,0-11,99.0,3,0.006944444444444444,exploratory_unweighted_not_clinical_reference
2021-2023,DBQ_L,DBQ073A,male,0-11,10.0,433,0.9908466819221968,exploratory_unweighted_not_clinical_reference
2021-2023,DBQ_L,DBQ073A,male,0-11,99.0,4,0.009153318077803204,exploratory_unweighted_not_clinical_reference
2021-2023,DBQ_L,DBQ073B,female,0-11,11.0,96,1.0,exploratory_unweighted_not_clinical_reference
2021-2023,DBQ_L,DBQ073B,male,0-11,11.0,84,1.0,exploratory_unweighted_not_clinical_reference
2021-2023,DBQ_L,DBQ073C,female,0-11,12.0,31,1.0,exploratory_unweighted_not_clinical_reference
2021-2023,DBQ_L,DBQ073C,male,0-11,12.0,35,1.0,exploratory_unweighted_not_clinical_reference
2021-2023,DBQ_L,DBQ073U,female,0-11,30.0,33,1.0,exploratory_unweighted_not_clinical_reference
2021-2023,DBQ_L,DBQ073U,male,0-11,30.0,49,1.0,exploratory_unweighted_not_clinical_reference
2021-2023,DBQ_L,DBQ301,female,60-69,2.0,926,0.9566115702479339,exploratory_unweighted_not_clinical_reference
2021-2023,DBQ_L,DBQ301,female,60-69,1.0,42,0.04338842975206612,exploratory_unweighted_not_clinical_reference
2021-2023,DBQ_L,DBQ301,female,70-79,2.0,610,0.9327217125382263,exploratory_unweighted_not_clinical_reference
2021-2023,DBQ_L,DBQ301,female,70-79,1.0,44,0.0672782874617737,exploratory_unweighted_not_clinical_reference
2021-2023,DBQ_L,DBQ301,female,80+,2.0,275,0.9417808219178082,exploratory_unweighted_not_clinical_reference
2021-2023,DBQ_L,DBQ301,female,80+,1.0,17,0.05821917808219178,exploratory_unweighted_not_clinical_reference
2021-2023,DBQ_L,DBQ301,male,60-69,2.0,769,0.9672955974842767,exploratory_unweighted_not_clinical_reference
2021-2023,DBQ_L,DBQ301,male,60-69,1.0,26,0.03270440251572327,exploratory_unweighted_not_clinical_reference
2021-2023,DBQ_L,DBQ301,male,70-79,2.0,531,0.9482142857142857,exploratory_unweighted_not_clinical_reference
2021-2023,DBQ_L,DBQ301,male,70-79,1.0,29,0.05178571428571429,exploratory_unweighted_not_clinical_reference
2021-2023,DBQ_L,DBQ301,male,80+,2.0,215,0.9307359307359307,exploratory_unweighted_not_clinical_reference
2021-2023,DBQ_L,DBQ301,male,80+,1.0,16,0.06926406926406926,exploratory_unweighted_not_clinical_reference
2021-2023,DBQ_L,DBQ330,female,60-69,2.0,952,0.9834710743801653,exploratory_unweighted_not_clinical_reference
2021-2023,DBQ_L,DBQ330,female,60-69,1.0,16,0.01652892561983471,exploratory_unweighted_not_clinical_reference
2021-2023,DBQ_L,DBQ330,female,70-79,2.0,634,0.9694189602446484,exploratory_unweighted_not_clinical_reference
2021-2023,DBQ_L,DBQ330,female,70-79,1.0,20,0.03058103975535168,exploratory_unweighted_not_clinical_reference
2021-2023,DBQ_L,DBQ330,female,80+,2.0,274,0.9383561643835616,exploratory_unweighted_not_clinical_reference
2021-2023,DBQ_L,DBQ330,female,80+,1.0,18,0.06164383561643835,exploratory_unweighted_not_clinical_reference
2021-2023,DBQ_L,DBQ330,male,60-69,2.0,777,0.9773584905660377,exploratory_unweighted_not_clinical_reference
2021-2023,DBQ_L,DBQ330,male,60-69,1.0,17,0.021383647798742137,exploratory_unweighted_not_clinical_reference
2021-2023,DBQ_L,DBQ330,male,60-69,9.0,1,0.0012578616352201257,exploratory_unweighted_not_clinical_reference
2021-2023,DBQ_L,DBQ330,male,70-79,2.0,549,0.9803571428571428,exploratory_unweighted_not_clinical_reference
2021-2023,DBQ_L,DBQ330,male,70-79,1.0,11,0.019642857142857142,exploratory_unweighted_not_clinical_reference
2021-2023,DBQ_L,DBQ330,male,80+,2.0,218,0.9437229437229437,exploratory_unweighted_not_clinical_reference
2021-2023,DBQ_L,DBQ330,male,80+,1.0,13,0.05627705627705628,exploratory_unweighted_not_clinical_reference
2021-2023,DBQ_L,DBQ360,female,0-11,1.0,746,0.8382022471910112,exploratory_unweighted_not_clinical_reference
2021-2023,DBQ_L,DBQ360,female,0-11,2.0,144,0.16179775280898875,exploratory_unweighted_not_clinical_reference
2021-2023,DBQ_L,DBQ360,female,12-17,1.0,582,0.9463414634146341,exploratory_unweighted_not_clinical_reference
2021-2023,DBQ_L,DBQ360,female,12-17,2.0,32,0.05203252032520325,exploratory_unweighted_not_clinical_reference
2021-2023,DBQ_L,DBQ360,female,12-17,9.0,1,0.0016260162601626016,exploratory_unweighted_not_clinical_reference
2021-2023,DBQ_L,DBQ360,female,18-29,2.0,134,0.7745664739884393,exploratory_unweighted_not_clinical_reference
2021-2023,DBQ_L,DBQ360,female,18-29,1.0,39,0.2254335260115607,exploratory_unweighted_not_clinical_reference
2021-2023,DBQ_L,DBQ360,male,0-11,1.0,741,0.8325842696629213,exploratory_unweighted_not_clinical_reference
2021-2023,DBQ_L,DBQ360,male,0-11,2.0,148,0.1662921348314607,exploratory_unweighted_not_clinical_reference
2021-2023,DBQ_L,DBQ360,male,0-11,7.0,1,0.0011235955056179776,exploratory_unweighted_not_clinical_reference
2021-2023,DBQ_L,DBQ360,male,12-17,1.0,593,0.9564516129032258,exploratory_unweighted_not_clinical_reference
2021-2023,DBQ_L,DBQ360,male,12-17,2.0,27,0.043548387096774194,exploratory_unweighted_not_clinical_reference
2021-2023,DBQ_L,DBQ360,male,18-29,2.0,108,0.6390532544378699,exploratory_unweighted_not_clinical_reference
2021-2023,DBQ_L,DBQ360,male,18-29,1.0,61,0.3609467455621302,exploratory_unweighted_not_clinical_reference
2021-2023,DBQ_L,DBQ370,female,0-11,1.0,716,0.9597855227882037,exploratory_unweighted_not_clinical_reference
2021-2023,DBQ_L,DBQ370,female,0-11,2.0,29,0.0388739946380697,exploratory_unweighted_not_clinical_reference
2021-2023,DBQ_L,DBQ370,female,0-11,9.0,1,0.0013404825737265416,exploratory_unweighted_not_clinical_reference
2021-2023,DBQ_L,DBQ370,female,12-17,1.0,556,0.9553264604810997,exploratory_unweighted_not_clinical_reference
2021-2023,DBQ_L,DBQ370,female,12-17,2.0,25,0.0429553264604811,exploratory_unweighted_not_clinical_reference
2021-2023,DBQ_L,DBQ370,female,12-17,7.0,1,0.001718213058419244,exploratory_unweighted_not_clinical_reference
2021-2023,DBQ_L,DBQ370,female,18-29,1.0,35,0.8974358974358975,exploratory_unweighted_not_clinical_reference
2021-2023,DBQ_L,DBQ370,female,18-29,2.0,4,0.10256410256410256,exploratory_unweighted_not_clinical_reference
2021-2023,DBQ_L,DBQ370,male,0-11,1.0,706,0.9527665317139001,exploratory_unweighted_not_clinical_reference
2021-2023,DBQ_L,DBQ370,male,0-11,2.0,34,0.04588394062078273,exploratory_unweighted_not_clinical_reference
2021-2023,DBQ_L,DBQ370,male,0-11,9.0,1,0.001349527665317139,exploratory_unweighted_not_clinical_reference
2021-2023,DBQ_L,DBQ370,male,12-17,1.0,571,0.9629005059021922,exploratory_unweighted_not_clinical_reference
2021-2023,DBQ_L,DBQ370,male,12-17,2.0,22,0.03709949409780776,exploratory_unweighted_not_clinical_reference
2021-2023,DBQ_L,DBQ370,male,18-29,1.0,59,0.9672131147540983,exploratory_unweighted_not_clinical_reference
2021-2023,DBQ_L,DBQ370,male,18-29,2.0,2,0.03278688524590164,exploratory_unweighted_not_clinical_reference
2021-2023,DBQ_L,DBD381,female,0-11,5.0,459,0.6410614525139665,exploratory_unweighted_not_clinical_reference
2021-2023,DBQ_L,DBD381,female,0-11,5.397605346934028e-79,107,0.1494413407821229,exploratory_unweighted_not_clinical_reference
2021-2023,DBQ_L,DBD381,female,0-11,3.0,47,0.06564245810055866,exploratory_unweighted_not_clinical_reference
2021-2023,DBQ_L,DBD381,female,0-11,1.0,40,0.055865921787709494,exploratory_unweighted_not_clinical_reference
2021-2023,DBQ_L,DBD381,female,0-11,2.0,34,0.04748603351955307,exploratory_unweighted_not_clinical_reference
2021-2023,DBQ_L,DBD381,female,0-11,4.0,25,0.034916201117318434,exploratory_unweighted_not_clinical_reference
2021-2023,DBQ_L,DBD381,female,0-11,9999.0,4,0.00558659217877095,exploratory_unweighted_not_clinical_reference
2021-2023,DBQ_L,DBD381,female,12-17,5.0,314,0.564748201438849,exploratory_unweighted_not_clinical_reference
2021-2023,DBQ_L,DBD381,female,12-17,5.397605346934028e-79,129,0.23201438848920863,exploratory_unweighted_not_clinical_reference
2021-2023,DBQ_L,DBD381,female,12-17,3.0,38,0.0683453237410072,exploratory_unweighted_not_clinical_reference
2021-2023,DBQ_L,DBD381,female,12-17,1.0,31,0.05575539568345324,exploratory_unweighted_not_clinical_reference
2021-2023,DBQ_L,DBD381,female,12-17,2.0,22,0.039568345323741004,exploratory_unweighted_not_clinical_reference
2021-2023,DBQ_L,DBD381,female,12-17,4.0,18,0.03237410071942446,exploratory_unweighted_not_clinical_reference
2021-2023,DBQ_L,DBD381,female,12-17,9999.0,4,0.007194244604316547,exploratory_unweighted_not_clinical_reference
2021-2023,DBQ_L,DBD381,female,18-29,5.0,14,0.4,exploratory_unweighted_not_clinical_reference
2021-2023,DBQ_L,DBD381,female,18-29,5.397605346934028e-79,12,0.34285714285714286,exploratory_unweighted_not_clinical_reference
2021-2023,DBQ_L,DBD381,female,18-29,3.0,3,0.08571428571428572,exploratory_unweighted_not_clinical_reference
2021-2023,DBQ_L,DBD381,female,18-29,1.0,3,0.08571428571428572,exploratory_unweighted_not_clinical_reference
2021-2023,DBQ_L,DBD381,female,18-29,2.0,2,0.05714285714285714,exploratory_unweighted_not_clinical_reference
2021-2023,DBQ_L,DBD381,female,18-29,4.0,1,0.02857142857142857,exploratory_unweighted_not_clinical_reference
2021-2023,DBQ_L,DBD381,male,0-11,5.0,491,0.6954674220963173,exploratory_unweighted_not_clinical_reference
2021-2023,DBQ_L,DBD381,male,0-11,5.397605346934028e-79,105,0.14872521246458922,exploratory_unweighted_not_clinical_reference
2021-2023,DBQ_L,DBD381,male,0-11,1.0,29,0.04107648725212465,exploratory_unweighted_not_clinical_reference
2021-2023,DBQ_L,DBD381,male,0-11,2.0,29,0.04107648725212465,exploratory_unweighted_not_clinical_reference
2021-2023,DBQ_L,DBD381,male,0-11,3.0,25,0.03541076487252125,exploratory_unweighted_not_clinical_reference
2021-2023,DBQ_L,DBD381,male,0-11,4.0,21,0.029745042492917848,exploratory_unweighted_not_clinical_reference
2021-2023,DBQ_L,DBD381,male,0-11,9999.0,6,0.0084985835694051,exploratory_unweighted_not_clinical_reference
2021-2023,DBQ_L,DBD381,male,12-17,5.0,382,0.6690017513134852,exploratory_unweighted_not_clinical_reference
2021-2023,DBQ_L,DBD381,male,12-17,5.397605346934028e-79,98,0.17162872154115585,exploratory_unweighted_not_clinical_reference
2021-2023,DBQ_L,DBD381,male,12-17,3.0,25,0.043782837127845885,exploratory_unweighted_not_clinical_reference
2021-2023,DBQ_L,DBD381,male,12-17,1.0,20,0.03502626970227671,exploratory_unweighted_not_clinical_reference
2021-2023,DBQ_L,DBD381,male,12-17,4.0,20,0.03502626970227671,exploratory_unweighted_not_clinical_reference
2021-2023,DBQ_L,DBD381,male,12-17,2.0,19,0.03327495621716287,exploratory_unweighted_not_clinical_reference
2021-2023,DBQ_L,DBD381,male,12-17,9999.0,7,0.012259194395796848,exploratory_unweighted_not_clinical_reference
2021-2023,DBQ_L,DBD381,male,18-29,5.0,38,0.6440677966101694,exploratory_unweighted_not_clinical_reference
2021-2023,DBQ_L,DBD381,male,18-29,5.397605346934028e-79,12,0.2033898305084746,exploratory_unweighted_not_clinical_reference
2021-2023,DBQ_L,DBD381,male,18-29,1.0,4,0.06779661016949153,exploratory_unweighted_not_clinical_reference
2021-2023,DBQ_L,DBD381,male,18-29,2.0,3,0.05084745762711865,exploratory_unweighted_not_clinical_reference
2021-2023,DBQ_L,DBD381,male,18-29,4.0,1,0.01694915254237288,exploratory_unweighted_not_clinical_reference
2021-2023,DBQ_L,DBD381,male,18-29,3.0,1,0.01694915254237288,exploratory_unweighted_not_clinical_reference
2021-2023,DBQ_L,DBQ390,female,0-11,1.0,463,0.7652892561983471,exploratory_unweighted_not_clinical_reference
2021-2023,DBQ_L,DBQ390,female,0-11,3.0,115,0.19008264462809918,exploratory_unweighted_not_clinical_reference
2021-2023,DBQ_L,DBQ390,female,0-11,2.0,25,0.04132231404958678,exploratory_unweighted_not_clinical_reference
2021-2023,DBQ_L,DBQ390,female,0-11,9.0,2,0.003305785123966942,exploratory_unweighted_not_clinical_reference
2021-2023,DBQ_L,DBQ390,female,12-17,1.0,324,0.7659574468085106,exploratory_unweighted_not_clinical_reference
2021-2023,DBQ_L,DBQ390,female,12-17,3.0,77,0.18203309692671396,exploratory_unweighted_not_clinical_reference
2021-2023,DBQ_L,DBQ390,female,12-17,2.0,22,0.05200945626477541,exploratory_unweighted_not_clinical_reference
2021-2023,DBQ_L,DBQ390,female,18-29,1.0,17,0.7391304347826086,exploratory_unweighted_not_clinical_reference
2021-2023,DBQ_L,DBQ390,female,18-29,3.0,5,0.21739130434782608,exploratory_unweighted_not_clinical_reference
2021-2023,DBQ_L,DBQ390,female,18-29,2.0,1,0.043478260869565216,exploratory_unweighted_not_clinical_reference
2021-2023,DBQ_L,DBQ390,male,0-11,1.0,437,0.7344537815126051,exploratory_unweighted_not_clinical_reference
2021-2023,DBQ_L,DBQ390,male,0-11,3.0,124,0.20840336134453782,exploratory_unweighted_not_clinical_reference
2021-2023,DBQ_L,DBQ390,male,0-11,2.0,30,0.05042016806722689,exploratory_unweighted_not_clinical_reference
2021-2023,DBQ_L,DBQ390,male,0-11,9.0,4,0.0067226890756302525,exploratory_unweighted_not_clinical_reference
2021-2023,DBQ_L,DBQ390,male,12-17,1.0,336,0.721030042918455,exploratory_unweighted_not_clinical_reference
2021-2023,DBQ_L,DBQ390,male,12-17,3.0,106,0.22746781115879827,exploratory_unweighted_not_clinical_reference
2021-2023,DBQ_L,DBQ390,male,12-17,2.0,21,0.045064377682403435,exploratory_unweighted_not_clinical_reference
2021-2023,DBQ_L,DBQ390,male,12-17,9.0,3,0.006437768240343348,exploratory_unweighted_not_clinical_reference
2021-2023,DBQ_L,DBQ390,male,18-29,1.0,35,0.7446808510638298,exploratory_unweighted_not_clinical_reference
2021-2023,DBQ_L,DBQ390,male,18-29,3.0,10,0.2127659574468085,exploratory_unweighted_not_clinical_reference
2021-2023,DBQ_L,DBQ390,male,18-29,2.0,2,0.0425531914893617,exploratory_unweighted_not_clinical_reference
2021-2023,DBQ_L,DBQ400,female,0-11,1.0,634,0.8498659517426274,exploratory_unweighted_not_clinical_reference
2021-2023,DBQ_L,DBQ400,female,0-11,2.0,94,0.1260053619302949,exploratory_unweighted_not_clinical_reference
2021-2023,DBQ_L,DBQ400,female,0-11,9.0,18,0.024128686327077747,exploratory_unweighted_not_clinical_reference
2021-2023,DBQ_L,DBQ400,female,12-17,1.0,504,0.865979381443299,exploratory_unweighted_not_clinical_reference
2021-2023,DBQ_L,DBQ400,female,12-17,2.0,56,0.09621993127147767,exploratory_unweighted_not_clinical_reference
2021-2023,DBQ_L,DBQ400,female,12-17,9.0,21,0.03608247422680412,exploratory_unweighted_not_clinical_reference
2021-2023,DBQ_L,DBQ400,female,12-17,7.0,1,0.001718213058419244,exploratory_unweighted_not_clinical_reference
2021-2023,DBQ_L,DBQ400,female,18-29,1.0,32,0.8205128205128205,exploratory_unweighted_not_clinical_reference
2021-2023,DBQ_L,DBQ400,female,18-29,2.0,5,0.1282051282051282,exploratory_unweighted_not_clinical_reference
2021-2023,DBQ_L,DBQ400,female,18-29,9.0,2,0.05128205128205128,exploratory_unweighted_not_clinical_reference
2021-2023,DBQ_L,DBQ400,male,0-11,1.0,645,0.8704453441295547,exploratory_unweighted_not_clinical_reference
2021-2023,DBQ_L,DBQ400,male,0-11,2.0,83,0.11201079622132254,exploratory_unweighted_not_clinical_reference
2021-2023,DBQ_L,DBQ400,male,0-11,9.0,13,0.017543859649122806,exploratory_unweighted_not_clinical_reference
2021-2023,DBQ_L,DBQ400,male,12-17,1.0,510,0.8600337268128162,exploratory_unweighted_not_clinical_reference
2021-2023,DBQ_L,DBQ400,male,12-17,2.0,54,0.09106239460370995,exploratory_unweighted_not_clinical_reference
2021-2023,DBQ_L,DBQ400,male,12-17,9.0,29,0.048903878583473864,exploratory_unweighted_not_clinical_reference
2021-2023,DBQ_L,DBQ400,male,18-29,1.0,53,0.8688524590163934,exploratory_unweighted_not_clinical_reference
2021-2023,DBQ_L,DBQ400,male,18-29,2.0,6,0.09836065573770492,exploratory_unweighted_not_clinical_reference
2021-2023,DBQ_L,DBQ400,male,18-29,9.0,2,0.03278688524590164,exploratory_unweighted_not_clinical_reference
2021-2023,DBQ_L,DBD411,female,0-11,5.0,306,0.48264984227129337,exploratory_unweighted_not_clinical_reference
2021-2023,DBQ_L,DBD411,female,0-11,5.397605346934028e-79,215,0.3391167192429022,exploratory_unweighted_not_clinical_reference
2021-2023,DBQ_L,DBD411,female,0-11,3.0,38,0.05993690851735016,exploratory_unweighted_not_clinical_reference
2021-2023,DBQ_L,DBD411,female,0-11,2.0,32,0.050473186119873815,exploratory_unweighted_not_clinical_reference
2021-2023,DBQ_L,DBD411,female,0-11,1.0,27,0.04258675078864353,exploratory_unweighted_not_clinical_reference
2021-2023,DBQ_L,DBD411,female,0-11,9999.0,9,0.014195583596214511,exploratory_unweighted_not_clinical_reference
2021-2023,DBQ_L,DBD411,female,0-11,4.0,7,0.011041009463722398,exploratory_unweighted_not_clinical_reference
2021-2023,DBQ_L,DBD411,female,12-17,5.397605346934028e-79,240,0.47619047619047616,exploratory_unweighted_not_clinical_reference
2021-2023,DBQ_L,DBD411,female,12-17,5.0,163,0.32341269841269843,exploratory_unweighted_not_clinical_reference
2021-2023,DBQ_L,DBD411,female,12-17,3.0,34,0.06746031746031746,exploratory_unweighted_not_clinical_reference
2021-2023,DBQ_L,DBD411,female,12-17,2.0,29,0.057539682539682536,exploratory_unweighted_not_clinical_reference
2021-2023,DBQ_L,DBD411,female,12-17,1.0,25,0.0496031746031746,exploratory_unweighted_not_clinical_reference
2021-2023,DBQ_L,DBD411,female,12-17,4.0,9,0.017857142857142856,exploratory_unweighted_not_clinical_reference
2021-2023,DBQ_L,DBD411,female,12-17,9999.0,4,0.007936507936507936,exploratory_unweighted_not_clinical_reference
2021-2023,DBQ_L,DBD411,female,18-29,5.397605346934028e-79,15,0.46875,exploratory_unweighted_not_clinical_reference
2021-2023,DBQ_L,DBD411,female,18-29,5.0,6,0.1875,exploratory_unweighted_not_clinical_reference
2021-2023,DBQ_L,DBD411,female,18-29,1.0,5,0.15625,exploratory_unweighted_not_clinical_reference
2021-2023,DBQ_L,DBD411,female,18-29,3.0,4,0.125,exploratory_unweighted_not_clinical_reference
2021-2023,DBQ_L,DBD411,female,18-29,2.0,2,0.0625,exploratory_unweighted_not_clinical_reference
2021-2023,DBQ_L,DBD411,male,0-11,5.0,328,0.5085271317829457,exploratory_unweighted_not_clinical_reference
2021-2023,DBQ_L,DBD411,male,0-11,5.397605346934028e-79,220,0.34108527131782945,exploratory_unweighted_not_clinical_reference
2021-2023,DBQ_L,DBD411,male,0-11,3.0,26,0.040310077519379844,exploratory_unweighted_not_clinical_reference
2021-2023,DBQ_L,DBD411,male,0-11,1.0,25,0.03875968992248062,exploratory_unweighted_not_clinical_reference
2021-2023,DBQ_L,DBD411,male,0-11,2.0,23,0.03565891472868217,exploratory_unweighted_not_clinical_reference
2021-2023,DBQ_L,DBD411,male,0-11,4.0,18,0.027906976744186046,exploratory_unweighted_not_clinical_reference
2021-2023,DBQ_L,DBD411,male,0-11,9999.0,5,0.007751937984496124,exploratory_unweighted_not_clinical_reference
2021-2023,DBQ_L,DBD411,male,12-17,5.397605346934028e-79,242,0.4745098039215686,exploratory_unweighted_not_clinical_reference
2021-2023,DBQ_L,DBD411,male,12-17,5.0,173,0.3392156862745098,exploratory_unweighted_not_clinical_reference
2021-2023,DBQ_L,DBD411,male,12-17,3.0,29,0.056862745098039215,exploratory_unweighted_not_clinical_reference
2021-2023,DBQ_L,DBD411,male,12-17,1.0,27,0.052941176470588235,exploratory_unweighted_not_clinical_reference
2021-2023,DBQ_L,DBD411,male,12-17,2.0,26,0.050980392156862744,exploratory_unweighted_not_clinical_reference
2021-2023,DBQ_L,DBD411,male,12-17,4.0,8,0.01568627450980392,exploratory_unweighted_not_clinical_reference
2021-2023,DBQ_L,DBD411,male,12-17,9999.0,5,0.00980392156862745,exploratory_unweighted_not_clinical_reference
2021-2023,DBQ_L,DBD411,male,18-29,5.397605346934028e-79,23,0.4339622641509434,exploratory_unweighted_not_clinical_reference
2021-2023,DBQ_L,DBD411,male,18-29,5.0,21,0.39622641509433965,exploratory_unweighted_not_clinical_reference
2021-2023,DBQ_L,DBD411,male,18-29,1.0,3,0.05660377358490566,exploratory_unweighted_not_clinical_reference
2021-2023,DBQ_L,DBD411,male,18-29,3.0,3,0.05660377358490566,exploratory_unweighted_not_clinical_reference
2021-2023,DBQ_L,DBD411,male,18-29,4.0,2,0.03773584905660377,exploratory_unweighted_not_clinical_reference
2021-2023,DBQ_L,DBD411,male,18-29,2.0,1,0.018867924528301886,exploratory_unweighted_not_clinical_reference
2021-2023,DBQ_L,DBQ421,female,0-11,1.0,368,0.8975609756097561,exploratory_unweighted_not_clinical_reference
2021-2023,DBQ_L,DBQ421,female,0-11,3.0,26,0.06341463414634146,exploratory_unweighted_not_clinical_reference
2021-2023,DBQ_L,DBQ421,female,0-11,2.0,15,0.036585365853658534,exploratory_unweighted_not_clinical_reference
2021-2023,DBQ_L,DBQ421,female,0-11,9.0,1,0.0024390243902439024,exploratory_unweighted_not_clinical_reference
2021-2023,DBQ_L,DBQ421,female,12-17,1.0,229,0.8807692307692307,exploratory_unweighted_not_clinical_reference
2021-2023,DBQ_L,DBQ421,female,12-17,3.0,23,0.08846153846153847,exploratory_unweighted_not_clinical_reference
2021-2023,DBQ_L,DBQ421,female,12-17,2.0,8,0.03076923076923077,exploratory_unweighted_not_clinical_reference
2021-2023,DBQ_L,DBQ421,male,0-11,1.0,373,0.888095238095238,exploratory_unweighted_not_clinical_reference
2021-2023,DBQ_L,DBQ421,male,0-11,2.0,22,0.05238095238095238,exploratory_unweighted_not_clinical_reference
2021-2023,DBQ_L,DBQ421,male,0-11,3.0,21,0.05,exploratory_unweighted_not_clinical_reference
2021-2023,DBQ_L,DBQ421,male,0-11,9.0,4,0.009523809523809525,exploratory_unweighted_not_clinical_reference
2021-2023,DBQ_L,DBQ421,male,12-17,1.0,221,0.8403041825095057,exploratory_unweighted_not_clinical_reference
2021-2023,DBQ_L,DBQ421,male,12-17,3.0,29,0.11026615969581749,exploratory_unweighted_not_clinical_reference
2021-2023,DBQ_L,DBQ421,male,12-17,2.0,12,0.045627376425855515,exploratory_unweighted_not_clinical_reference
2021-2023,DBQ_L,DBQ421,male,12-17,9.0,1,0.0038022813688212928,exploratory_unweighted_not_clinical_reference
2021-2023,DBQ_L,DBQ421,male,18-29,1.0,24,0.8,exploratory_unweighted_not_clinical_reference
2021-2023,DBQ_L,DBQ421,male,18-29,3.0,5,0.16666666666666666,exploratory_unweighted_not_clinical_reference
2021-2023,DBQ_L,DBQ421,male,18-29,2.0,1,0.03333333333333333,exploratory_unweighted_not_clinical_reference
2021-2023,DBQ_L,DBQ424,female,0-11,2.0,224,0.4400785854616896,exploratory_unweighted_not_clinical_reference
2021-2023,DBQ_L,DBQ424,female,0-11,1.0,146,0.2868369351669941,exploratory_unweighted_not_clinical_reference
2021-2023,DBQ_L,DBQ424,female,0-11,3.0,137,0.2691552062868369,exploratory_unweighted_not_clinical_reference
2021-2023,DBQ_L,DBQ424,female,0-11,9.0,2,0.003929273084479371,exploratory_unweighted_not_clinical_reference
2021-2023,DBQ_L,DBQ424,female,12-17,2.0,149,0.41620111731843573,exploratory_unweighted_not_clinical_reference
2021-2023,DBQ_L,DBQ424,female,12-17,3.0,117,0.3268156424581006,exploratory_unweighted_not_clinical_reference
2021-2023,DBQ_L,DBQ424,female,12-17,1.0,90,0.25139664804469275,exploratory_unweighted_not_clinical_reference
2021-2023,DBQ_L,DBQ424,female,12-17,9.0,2,0.00558659217877095,exploratory_unweighted_not_clinical_reference
2021-2023,DBQ_L,DBQ424,female,18-29,3.0,11,0.5,exploratory_unweighted_not_clinical_reference
2021-2023,DBQ_L,DBQ424,female,18-29,2.0,6,0.2727272727272727,exploratory_unweighted_not_clinical_reference
2021-2023,DBQ_L,DBQ424,female,18-29,1.0,4,0.18181818181818182,exploratory_unweighted_not_clinical_reference
2021-2023,DBQ_L,DBQ424,female,18-29,9.0,1,0.045454545454545456,exploratory_unweighted_not_clinical_reference
2021-2023,DBQ_L,DBQ424,male,0-11,2.0,189,0.3888888888888889,exploratory_unweighted_not_clinical_reference
2021-2023,DBQ_L,DBQ424,male,0-11,1.0,148,0.3045267489711934,exploratory_unweighted_not_clinical_reference
2021-2023,DBQ_L,DBQ424,male,0-11,3.0,147,0.30246913580246915,exploratory_unweighted_not_clinical_reference
2021-2023,DBQ_L,DBQ424,male,0-11,9.0,2,0.00411522633744856,exploratory_unweighted_not_clinical_reference
2021-2023,DBQ_L,DBQ424,male,12-17,2.0,177,0.48097826086956524,exploratory_unweighted_not_clinical_reference
2021-2023,DBQ_L,DBQ424,male,12-17,3.0,107,0.2907608695652174,exploratory_unweighted_not_clinical_reference
2021-2023,DBQ_L,DBQ424,male,12-17,1.0,82,0.22282608695652173,exploratory_unweighted_not_clinical_reference
2021-2023,DBQ_L,DBQ424,male,12-17,9.0,2,0.005434782608695652,exploratory_unweighted_not_clinical_reference
2021-2023,DBQ_L,DBQ424,male,18-29,2.0,15,0.40540540540540543,exploratory_unweighted_not_clinical_reference
2021-2023,DBQ_L,DBQ424,male,18-29,3.0,11,0.2972972972972973,exploratory_unweighted_not_clinical_reference
2021-2023,DBQ_L,DBQ424,male,18-29,1.0,10,0.2702702702702703,exploratory_unweighted_not_clinical_reference
2021-2023,DBQ_L,DBQ424,male,18-29,9.0,1,0.02702702702702703,exploratory_unweighted_not_clinical_reference
2021-2023,DBQ_L,DBQ930,female,12-17,2.0,156,0.8863636363636364,exploratory_unweighted_not_clinical_reference
2021-2023,DBQ_L,DBQ930,female,12-17,1.0,20,0.11363636363636363,exploratory_unweighted_not_clinical_reference
2021-2023,DBQ_L,DBQ930,female,18-29,1.0,397,0.5916542473919523,exploratory_unweighted_not_clinical_reference
2021-2023,DBQ_L,DBQ930,female,18-29,2.0,274,0.4083457526080477,exploratory_unweighted_not_clinical_reference
2021-2023,DBQ_L,DBQ930,female,30-39,1.0,588,0.8685376661742984,exploratory_unweighted_not_clinical_reference
2021-2023,DBQ_L,DBQ930,female,30-39,2.0,89,0.13146233382570163,exploratory_unweighted_not_clinical_reference
2021-2023,DBQ_L,DBQ930,female,40-49,1.0,510,0.8823529411764706,exploratory_unweighted_not_clinical_reference
2021-2023,DBQ_L,DBQ930,female,40-49,2.0,68,0.11764705882352941,exploratory_unweighted_not_clinical_reference
2021-2023,DBQ_L,DBQ930,female,50-59,1.0,549,0.8446153846153847,exploratory_unweighted_not_clinical_reference
2021-2023,DBQ_L,DBQ930,female,50-59,2.0,101,0.15538461538461537,exploratory_unweighted_not_clinical_reference
2021-2023,DBQ_L,DBQ930,female,60-69,1.0,832,0.859504132231405,exploratory_unweighted_not_clinical_reference
2021-2023,DBQ_L,DBQ930,female,60-69,2.0,136,0.14049586776859505,exploratory_unweighted_not_clinical_reference
2021-2023,DBQ_L,DBQ930,female,70-79,1.0,557,0.8516819571865444,exploratory_unweighted_not_clinical_reference
2021-2023,DBQ_L,DBQ930,female,70-79,2.0,97,0.14831804281345565,exploratory_unweighted_not_clinical_reference
2021-2023,DBQ_L,DBQ930,female,80+,1.0,205,0.702054794520548,exploratory_unweighted_not_clinical_reference
2021-2023,DBQ_L,DBQ930,female,80+,2.0,87,0.2979452054794521,exploratory_unweighted_not_clinical_reference
2021-2023,DBQ_L,DBQ930,male,12-17,2.0,163,0.9476744186046512,exploratory_unweighted_not_clinical_reference
2021-2023,DBQ_L,DBQ930,male,12-17,1.0,9,0.05232558139534884,exploratory_unweighted_not_clinical_reference
2021-2023,DBQ_L,DBQ930,male,18-29,2.0,356,0.6202090592334495,exploratory_unweighted_not_clinical_reference
2021-2023,DBQ_L,DBQ930,male,18-29,1.0,218,0.3797909407665505,exploratory_unweighted_not_clinical_reference
2021-2023,DBQ_L,DBQ930,male,30-39,1.0,286,0.572,exploratory_unweighted_not_clinical_reference
2021-2023,DBQ_L,DBQ930,male,30-39,2.0,214,0.428,exploratory_unweighted_not_clinical_reference
2021-2023,DBQ_L,DBQ930,male,40-49,1.0,253,0.5488069414316703,exploratory_unweighted_not_clinical_reference
2021-2023,DBQ_L,DBQ930,male,40-49,2.0,208,0.4511930585683297,exploratory_unweighted_not_clinical_reference
2021-2023,DBQ_L,DBQ930,male,50-59,1.0,323,0.6140684410646388,exploratory_unweighted_not_clinical_reference
2021-2023,DBQ_L,DBQ930,male,50-59,2.0,202,0.3840304182509506,exploratory_unweighted_not_clinical_reference
2021-2023,DBQ_L,DBQ930,male,50-59,9.0,1,0.0019011406844106464,exploratory_unweighted_not_clinical_reference
2021-2023,DBQ_L,DBQ930,male,60-69,1.0,399,0.5012562814070352,exploratory_unweighted_not_clinical_reference
2021-2023,DBQ_L,DBQ930,male,60-69,2.0,395,0.4962311557788945,exploratory_unweighted_not_clinical_reference
2021-2023,DBQ_L,DBQ930,male,60-69,9.0,2,0.002512562814070352,exploratory_unweighted_not_clinical_reference
2021-2023,DBQ_L,DBQ930,male,70-79,2.0,297,0.5303571428571429,exploratory_unweighted_not_clinical_reference
2021-2023,DBQ_L,DBQ930,male,70-79,1.0,263,0.46964285714285714,exploratory_unweighted_not_clinical_reference
2021-2023,DBQ_L,DBQ930,male,80+,2.0,127,0.5497835497835498,exploratory_unweighted_not_clinical_reference
2021-2023,DBQ_L,DBQ930,male,80+,1.0,104,0.45021645021645024,exploratory_unweighted_not_clinical_reference
2021-2023,DBQ_L,DBQ935,female,12-17,1.0,92,0.5227272727272727,exploratory_unweighted_not_clinical_reference
2021-2023,DBQ_L,DBQ935,female,12-17,2.0,84,0.4772727272727273,exploratory_unweighted_not_clinical_reference
2021-2023,DBQ_L,DBQ935,female,18-29,1.0,359,0.5350223546944859,exploratory_unweighted_not_clinical_reference
2021-2023,DBQ_L,DBQ935,female,18-29,2.0,312,0.46497764530551416,exploratory_unweighted_not_clinical_reference
2021-2023,DBQ_L,DBQ935,female,30-39,2.0,339,0.5007385524372231,exploratory_unweighted_not_clinical_reference
2021-2023,DBQ_L,DBQ935,female,30-39,1.0,337,0.4977843426883309,exploratory_unweighted_not_clinical_reference
2021-2023,DBQ_L,DBQ935,female,30-39,9.0,1,0.0014771048744460858,exploratory_unweighted_not_clinical_reference
2021-2023,DBQ_L,DBQ935,female,40-49,1.0,300,0.5190311418685121,exploratory_unweighted_not_clinical_reference
2021-2023,DBQ_L,DBQ935,female,40-49,2.0,278,0.4809688581314879,exploratory_unweighted_not_clinical_reference
2021-2023,DBQ_L,DBQ935,female,50-59,2.0,351,0.54,exploratory_unweighted_not_clinical_reference
2021-2023,DBQ_L,DBQ935,female,50-59,1.0,299,0.46,exploratory_unweighted_not_clinical_reference
2021-2023,DBQ_L,DBQ935,female,60-69,1.0,484,0.5,exploratory_unweighted_not_clinical_reference
2021-2023,DBQ_L,DBQ935,female,60-69,2.0,484,0.5,exploratory_unweighted_not_clinical_reference
2021-2023,DBQ_L,DBQ935,female,70-79,2.0,389,0.5948012232415902,exploratory_unweighted_not_clinical_reference
2021-2023,DBQ_L,DBQ935,female,70-79,1.0,265,0.40519877675840976,exploratory_unweighted_not_clinical_reference
2021-2023,DBQ_L,DBQ935,female,80+,2.0,199,0.6815068493150684,exploratory_unweighted_not_clinical_reference
2021-2023,DBQ_L,DBQ935,female,80+,1.0,93,0.3184931506849315,exploratory_unweighted_not_clinical_reference
2021-2023,DBQ_L,DBQ935,male,12-17,2.0,99,0.5755813953488372,exploratory_unweighted_not_clinical_reference
2021-2023,DBQ_L,DBQ935,male,12-17,1.0,73,0.42441860465116277,exploratory_unweighted_not_clinical_reference
2021-2023,DBQ_L,DBQ935,male,18-29,2.0,297,0.5174216027874564,exploratory_unweighted_not_clinical_reference
2021-2023,DBQ_L,DBQ935,male,18-29,1.0,277,0.48257839721254353,exploratory_unweighted_not_clinical_reference
2021-2023,DBQ_L,DBQ935,male,30-39,1.0,296,0.592,exploratory_unweighted_not_clinical_reference
2021-2023,DBQ_L,DBQ935,male,30-39,2.0,204,0.408,exploratory_unweighted_not_clinical_reference
2021-2023,DBQ_L,DBQ935,male,40-49,1.0,264,0.5726681127982647,exploratory_unweighted_not_clinical_reference
2021-2023,DBQ_L,DBQ935,male,40-49,2.0,197,0.42733188720173537,exploratory_unweighted_not_clinical_reference
2021-2023,DBQ_L,DBQ935,male,50-59,1.0,283,0.5380228136882129,exploratory_unweighted_not_clinical_reference
2021-2023,DBQ_L,DBQ935,male,50-59,2.0,243,0.4619771863117871,exploratory_unweighted_not_clinical_reference
2021-2023,DBQ_L,DBQ935,male,60-69,1.0,436,0.5477386934673367,exploratory_unweighted_not_clinical_reference
2021-2023,DBQ_L,DBQ935,male,60-69,2.0,360,0.45226130653266333,exploratory_unweighted_not_clinical_reference
2021-2023,DBQ_L,DBQ935,male,70-79,1.0,301,0.5375,exploratory_unweighted_not_clinical_reference
2021-2023,DBQ_L,DBQ935,male,70-79,2.0,259,0.4625,exploratory_unweighted_not_clinical_reference
2021-2023,DBQ_L,DBQ935,male,80+,2.0,117,0.5064935064935064,exploratory_unweighted_not_clinical_reference
2021-2023,DBQ_L,DBQ935,male,80+,1.0,114,0.4935064935064935,exploratory_unweighted_not_clinical_reference
2021-2023,DBQ_L,DBQ940,female,12-17,2.0,168,0.9545454545454546,exploratory_unweighted_not_clinical_reference
2021-2023,DBQ_L,DBQ940,female,12-17,1.0,8,0.045454545454545456,exploratory_unweighted_not_clinical_reference
2021-2023,DBQ_L,DBQ940,female,18-29,1.0,384,0.5722801788375559,exploratory_unweighted_not_clinical_reference
2021-2023,DBQ_L,DBQ940,female,18-29,2.0,287,0.4277198211624441,exploratory_unweighted_not_clinical_reference
2021-2023,DBQ_L,DBQ940,female,30-39,1.0,579,0.8552437223042836,exploratory_unweighted_not_clinical_reference
2021-2023,DBQ_L,DBQ940,female,30-39,2.0,98,0.1447562776957164,exploratory_unweighted_not_clinical_reference
2021-2023,DBQ_L,DBQ940,female,40-49,1.0,499,0.8633217993079585,exploratory_unweighted_not_clinical_reference
2021-2023,DBQ_L,DBQ940,female,40-49,2.0,79,0.13667820069204153,exploratory_unweighted_not_clinical_reference
2021-2023,DBQ_L,DBQ940,female,50-59,1.0,540,0.8307692307692308,exploratory_unweighted_not_clinical_reference
2021-2023,DBQ_L,DBQ940,female,50-59,2.0,110,0.16923076923076924,exploratory_unweighted_not_clinical_reference
2021-2023,DBQ_L,DBQ940,female,60-69,1.0,776,0.8016528925619835,exploratory_unweighted_not_clinical_reference
2021-2023,DBQ_L,DBQ940,female,60-69,2.0,191,0.19731404958677687,exploratory_unweighted_not_clinical_reference
2021-2023,DBQ_L,DBQ940,female,60-69,9.0,1,0.0010330578512396695,exploratory_unweighted_not_clinical_reference
2021-2023,DBQ_L,DBQ940,female,70-79,1.0,516,0.7889908256880734,exploratory_unweighted_not_clinical_reference
2021-2023,DBQ_L,DBQ940,female,70-79,2.0,138,0.21100917431192662,exploratory_unweighted_not_clinical_reference
2021-2023,DBQ_L,DBQ940,female,80+,1.0,176,0.6027397260273972,exploratory_unweighted_not_clinical_reference
2021-2023,DBQ_L,DBQ940,female,80+,2.0,116,0.3972602739726027,exploratory_unweighted_not_clinical_reference
2021-2023,DBQ_L,DBQ940,male,12-17,2.0,165,0.9593023255813954,exploratory_unweighted_not_clinical_reference
2021-2023,DBQ_L,DBQ940,male,12-17,1.0,7,0.040697674418604654,exploratory_unweighted_not_clinical_reference
2021-2023,DBQ_L,DBQ940,male,18-29,2.0,352,0.6132404181184669,exploratory_unweighted_not_clinical_reference
2021-2023,DBQ_L,DBQ940,male,18-29,1.0,222,0.3867595818815331,exploratory_unweighted_not_clinical_reference
2021-2023,DBQ_L,DBQ940,male,30-39,1.0,304,0.608,exploratory_unweighted_not_clinical_reference
2021-2023,DBQ_L,DBQ940,male,30-39,2.0,196,0.392,exploratory_unweighted_not_clinical_reference
2021-2023,DBQ_L,DBQ940,male,40-49,1.0,263,0.5704989154013015,exploratory_unweighted_not_clinical_reference
2021-2023,DBQ_L,DBQ940,male,40-49,2.0,198,0.42950108459869846,exploratory_unweighted_not_clinical_reference
2021-2023,DBQ_L,DBQ940,male,50-59,1.0,348,0.6615969581749049,exploratory_unweighted_not_clinical_reference
2021-2023,DBQ_L,DBQ940,male,50-59,2.0,177,0.3365019011406844,exploratory_unweighted_not_clinical_reference
2021-2023,DBQ_L,DBQ940,male,50-59,9.0,1,0.0019011406844106464,exploratory_unweighted_not_clinical_reference
2021-2023,DBQ_L,DBQ940,male,60-69,1.0,446,0.5603015075376885,exploratory_unweighted_not_clinical_reference
2021-2023,DBQ_L,DBQ940,male,60-69,2.0,350,0.4396984924623116,exploratory_unweighted_not_clinical_reference
2021-2023,DBQ_L,DBQ940,male,70-79,1.0,317,0.5660714285714286,exploratory_unweighted_not_clinical_reference
2021-2023,DBQ_L,DBQ940,male,70-79,2.0,243,0.43392857142857144,exploratory_unweighted_not_clinical_reference
2021-2023,DBQ_L,DBQ940,male,80+,1.0,117,0.5064935064935064,exploratory_unweighted_not_clinical_reference
2021-2023,DBQ_L,DBQ940,male,80+,2.0,114,0.4935064935064935,exploratory_unweighted_not_clinical_reference
2021-2023,DBQ_L,DBQ945,female,12-17,2.0,96,0.5454545454545454,exploratory_unweighted_not_clinical_reference
2021-2023,DBQ_L,DBQ945,female,12-17,1.0,80,0.45454545454545453,exploratory_unweighted_not_clinical_reference
2021-2023,DBQ_L,DBQ945,female,18-29,1.0,350,0.5216095380029806,exploratory_unweighted_not_clinical_reference
2021-2023,DBQ_L,DBQ945,female,18-29,2.0,320,0.47690014903129657,exploratory_unweighted_not_clinical_reference
2021-2023,DBQ_L,DBQ945,female,18-29,9.0,1,0.0014903129657228018,exploratory_unweighted_not_clinical_reference
2021-2023,DBQ_L,DBQ945,female,30-39,2.0,367,0.5420974889217134,exploratory_unweighted_not_clinical_reference
2021-2023,DBQ_L,DBQ945,female,30-39,1.0,310,0.45790251107828656,exploratory_unweighted_not_clinical_reference
2021-2023,DBQ_L,DBQ945,female,40-49,2.0,297,0.513840830449827,exploratory_unweighted_not_clinical_reference
2021-2023,DBQ_L,DBQ945,female,40-49,1.0,281,0.486159169550173,exploratory_unweighted_not_clinical_reference
2021-2023,DBQ_L,DBQ945,female,50-59,2.0,345,0.5307692307692308,exploratory_unweighted_not_clinical_reference
2021-2023,DBQ_L,DBQ945,female,50-59,1.0,305,0.46923076923076923,exploratory_unweighted_not_clinical_reference
2021-2023,DBQ_L,DBQ945,female,60-69,1.0,501,0.5175619834710744,exploratory_unweighted_not_clinical_reference
2021-2023,DBQ_L,DBQ945,female,60-69,2.0,467,0.4824380165289256,exploratory_unweighted_not_clinical_reference
2021-2023,DBQ_L,DBQ945,female,70-79,2.0,391,0.5978593272171254,exploratory_unweighted_not_clinical_reference
2021-2023,DBQ_L,DBQ945,female,70-79,1.0,263,0.40214067278287463,exploratory_unweighted_not_clinical_reference
2021-2023,DBQ_L,DBQ945,female,80+,2.0,178,0.6095890410958904,exploratory_unweighted_not_clinical_reference
2021-2023,DBQ_L,DBQ945,female,80+,1.0,114,0.3904109589041096,exploratory_unweighted_not_clinical_reference
2021-2023,DBQ_L,DBQ945,male,12-17,2.0,114,0.6627906976744186,exploratory_unweighted_not_clinical_reference
2021-2023,DBQ_L,DBQ945,male,12-17,1.0,58,0.3372093023255814,exploratory_unweighted_not_clinical_reference
2021-2023,DBQ_L,DBQ945,male,18-29,1.0,295,0.5139372822299652,exploratory_unweighted_not_clinical_reference
2021-2023,DBQ_L,DBQ945,male,18-29,2.0,279,0.48606271777003485,exploratory_unweighted_not_clinical_reference
2021-2023,DBQ_L,DBQ945,male,30-39,1.0,291,0.582,exploratory_unweighted_not_clinical_reference
2021-2023,DBQ_L,DBQ945,male,30-39,2.0,209,0.418,exploratory_unweighted_not_clinical_reference
2021-2023,DBQ_L,DBQ945,male,40-49,1.0,277,0.6008676789587852,exploratory_unweighted_not_clinical_reference
2021-2023,DBQ_L,DBQ945,male,40-49,2.0,184,0.39913232104121477,exploratory_unweighted_not_clinical_reference
2021-2023,DBQ_L,DBQ945,male,50-59,1.0,288,0.5475285171102662,exploratory_unweighted_not_clinical_reference
2021-2023,DBQ_L,DBQ945,male,50-59,2.0,238,0.4524714828897338,exploratory_unweighted_not_clinical_reference
2021-2023,DBQ_L,DBQ945,male,60-69,1.0,439,0.5515075376884422,exploratory_unweighted_not_clinical_reference
2021-2023,DBQ_L,DBQ945,male,60-69,2.0,356,0.4472361809045226,exploratory_unweighted_not_clinical_reference
2021-2023,DBQ_L,DBQ945,male,60-69,9.0,1,0.001256281407035176,exploratory_unweighted_not_clinical_reference
2021-2023,DBQ_L,DBQ945,male,70-79,1.0,305,0.5446428571428571,exploratory_unweighted_not_clinical_reference
2021-2023,DBQ_L,DBQ945,male,70-79,2.0,255,0.45535714285714285,exploratory_unweighted_not_clinical_reference
2021-2023,DBQ_L,DBQ945,male,80+,1.0,132,0.5714285714285714,exploratory_unweighted_not_clinical_reference
2021-2023,DBQ_L,DBQ945,male,80+,2.0,99,0.42857142857142855,exploratory_unweighted_not_clinical_reference
2021-2023,DIQ_L,DIQ010,female,0-11,2.0,1160,0.9965635738831615,exploratory_unweighted_not_clinical_reference
2021-2023,DIQ_L,DIQ010,female,0-11,9.0,2,0.001718213058419244,exploratory_unweighted_not_clinical_reference
2021-2023,DIQ_L,DIQ010,female,0-11,3.0,1,0.000859106529209622,exploratory_unweighted_not_clinical_reference
2021-2023,DIQ_L,DIQ010,female,0-11,1.0,1,0.000859106529209622,exploratory_unweighted_not_clinical_reference
2021-2023,DIQ_L,DIQ010,female,12-17,2.0,609,0.9902439024390244,exploratory_unweighted_not_clinical_reference
2021-2023,DIQ_L,DIQ010,female,12-17,3.0,5,0.008130081300813009,exploratory_unweighted_not_clinical_reference
2021-2023,DIQ_L,DIQ010,female,12-17,1.0,1,0.0016260162601626016,exploratory_unweighted_not_clinical_reference
2021-2023,DIQ_L,DIQ010,female,18-29,2.0,657,0.9791356184798807,exploratory_unweighted_not_clinical_reference
2021-2023,DIQ_L,DIQ010,female,18-29,1.0,9,0.013412816691505217,exploratory_unweighted_not_clinical_reference
2021-2023,DIQ_L,DIQ010,female,18-29,3.0,5,0.007451564828614009,exploratory_unweighted_not_clinical_reference
2021-2023,DIQ_L,DIQ010,female,30-39,2.0,644,0.9470588235294117,exploratory_unweighted_not_clinical_reference
2021-2023,DIQ_L,DIQ010,female,30-39,3.0,19,0.027941176470588237,exploratory_unweighted_not_clinical_reference
2021-2023,DIQ_L,DIQ010,female,30-39,1.0,17,0.025,exploratory_unweighted_not_clinical_reference
2021-2023,DIQ_L,DIQ010,female,40-49,2.0,514,0.8877374784110535,exploratory_unweighted_not_clinical_reference
2021-2023,DIQ_L,DIQ010,female,40-49,1.0,52,0.08981001727115717,exploratory_unweighted_not_clinical_reference
2021-2023,DIQ_L,DIQ010,female,40-49,3.0,13,0.022452504317789293,exploratory_unweighted_not_clinical_reference
2021-2023,DIQ_L,DIQ010,female,50-59,2.0,520,0.8,exploratory_unweighted_not_clinical_reference
2021-2023,DIQ_L,DIQ010,female,50-59,1.0,107,0.1646153846153846,exploratory_unweighted_not_clinical_reference
2021-2023,DIQ_L,DIQ010,female,50-59,3.0,23,0.03538461538461538,exploratory_unweighted_not_clinical_reference
2021-2023,DIQ_L,DIQ010,female,60-69,2.0,747,0.7708978328173375,exploratory_unweighted_not_clinical_reference
2021-2023,DIQ_L,DIQ010,female,60-69,1.0,179,0.18472652218782248,exploratory_unweighted_not_clinical_reference
2021-2023,DIQ_L,DIQ010,female,60-69,3.0,43,0.04437564499484004,exploratory_unweighted_not_clinical_reference
2021-2023,DIQ_L,DIQ010,female,70-79,2.0,484,0.7400611620795107,exploratory_unweighted_not_clinical_reference
2021-2023,DIQ_L,DIQ010,female,70-79,1.0,135,0.20642201834862386,exploratory_unweighted_not_clinical_reference
2021-2023,DIQ_L,DIQ010,female,70-79,3.0,35,0.053516819571865444,exploratory_unweighted_not_clinical_reference
2021-2023,DIQ_L,DIQ010,female,80+,2.0,222,0.7602739726027398,exploratory_unweighted_not_clinical_reference
2021-2023,DIQ_L,DIQ010,female,80+,1.0,56,0.1917808219178082,exploratory_unweighted_not_clinical_reference
2021-2023,DIQ_L,DIQ010,female,80+,3.0,13,0.04452054794520548,exploratory_unweighted_not_clinical_reference
2021-2023,DIQ_L,DIQ010,female,80+,9.0,1,0.003424657534246575,exploratory_unweighted_not_clinical_reference
2021-2023,DIQ_L,DIQ010,male,0-11,2.0,1189,0.998320738874895,exploratory_unweighted_not_clinical_reference
2021-2023,DIQ_L,DIQ010,male,0-11,1.0,1,0.0008396305625524769,exploratory_unweighted_not_clinical_reference
2021-2023,DIQ_L,DIQ010,male,0-11,3.0,1,0.0008396305625524769,exploratory_unweighted_not_clinical_reference
2021-2023,DIQ_L,DIQ010,male,12-17,2.0,610,0.9838709677419355,exploratory_unweighted_not_clinical_reference
2021-2023,DIQ_L,DIQ010,male,12-17,1.0,5,0.008064516129032258,exploratory_unweighted_not_clinical_reference
2021-2023,DIQ_L,DIQ010,male,12-17,3.0,5,0.008064516129032258,exploratory_unweighted_not_clinical_reference
2021-2023,DIQ_L,DIQ010,male,18-29,2.0,565,0.9809027777777778,exploratory_unweighted_not_clinical_reference
2021-2023,DIQ_L,DIQ010,male,18-29,1.0,9,0.015625,exploratory_unweighted_not_clinical_reference
2021-2023,DIQ_L,DIQ010,male,18-29,3.0,1,0.001736111111111111,exploratory_unweighted_not_clinical_reference
2021-2023,DIQ_L,DIQ010,male,18-29,9.0,1,0.001736111111111111,exploratory_unweighted_not_clinical_reference
2021-2023,DIQ_L,DIQ010,male,30-39,2.0,478,0.956,exploratory_unweighted_not_clinical_reference
2021-2023,DIQ_L,DIQ010,male,30-39,1.0,16,0.032,exploratory_unweighted_not_clinical_reference
2021-2023,DIQ_L,DIQ010,male,30-39,3.0,6,0.012,exploratory_unweighted_not_clinical_reference
2021-2023,DIQ_L,DIQ010,male,40-49,2.0,413,0.8920086393088553,exploratory_unweighted_not_clinical_reference
2021-2023,DIQ_L,DIQ010,male,40-49,1.0,38,0.08207343412526998,exploratory_unweighted_not_clinical_reference
2021-2023,DIQ_L,DIQ010,male,40-49,3.0,12,0.02591792656587473,exploratory_unweighted_not_clinical_reference
2021-2023,DIQ_L,DIQ010,male,50-59,2.0,410,0.7765151515151515,exploratory_unweighted_not_clinical_reference
2021-2023,DIQ_L,DIQ010,male,50-59,1.0,98,0.1856060606060606,exploratory_unweighted_not_clinical_reference
2021-2023,DIQ_L,DIQ010,male,50-59,3.0,20,0.03787878787878788,exploratory_unweighted_not_clinical_reference
2021-2023,DIQ_L,DIQ010,male,60-69,2.0,590,0.7412060301507538,exploratory_unweighted_not_clinical_reference
2021-2023,DIQ_L,DIQ010,male,60-69,1.0,169,0.21231155778894473,exploratory_unweighted_not_clinical_reference
2021-2023,DIQ_L,DIQ010,male,60-69,3.0,37,0.04648241206030151,exploratory_unweighted_not_clinical_reference
2021-2023,DIQ_L,DIQ010,male,70-79,2.0,388,0.6928571428571428,exploratory_unweighted_not_clinical_reference
2021-2023,DIQ_L,DIQ010,male,70-79,1.0,137,0.24464285714285713,exploratory_unweighted_not_clinical_reference
2021-2023,DIQ_L,DIQ010,male,70-79,3.0,35,0.0625,exploratory_unweighted_not_clinical_reference
2021-2023,DIQ_L,DIQ010,male,80+,2.0,171,0.7370689655172413,exploratory_unweighted_not_clinical_reference
2021-2023,DIQ_L,DIQ010,male,80+,1.0,51,0.21982758620689655,exploratory_unweighted_not_clinical_reference
2021-2023,DIQ_L,DIQ010,male,80+,3.0,10,0.04310344827586207,exploratory_unweighted_not_clinical_reference
2021-2023,DIQ_L,DIQ160,female,12-17,2.0,592,0.9720853858784894,exploratory_unweighted_not_clinical_reference
2021-2023,DIQ_L,DIQ160,female,12-17,1.0,14,0.022988505747126436,exploratory_unweighted_not_clinical_reference
2021-2023,DIQ_L,DIQ160,female,12-17,9.0,3,0.0049261083743842365,exploratory_unweighted_not_clinical_reference
2021-2023,DIQ_L,DIQ160,female,18-29,2.0,624,0.9497716894977168,exploratory_unweighted_not_clinical_reference
2021-2023,DIQ_L,DIQ160,female,18-29,1.0,32,0.0487062404870624,exploratory_unweighted_not_clinical_reference
2021-2023,DIQ_L,DIQ160,female,18-29,9.0,1,0.0015220700152207,exploratory_unweighted_not_clinical_reference
2021-2023,DIQ_L,DIQ160,female,30-39,2.0,600,0.9316770186335404,exploratory_unweighted_not_clinical_reference
2021-2023,DIQ_L,DIQ160,female,30-39,1.0,43,0.06677018633540373,exploratory_unweighted_not_clinical_reference
2021-2023,DIQ_L,DIQ160,female,30-39,9.0,1,0.0015527950310559005,exploratory_unweighted_not_clinical_reference
2021-2023,DIQ_L,DIQ160,female,40-49,2.0,451,0.877431906614786,exploratory_unweighted_not_clinical_reference
2021-2023,DIQ_L,DIQ160,female,40-49,1.0,63,0.122568093385214,exploratory_unweighted_not_clinical_reference
2021-2023,DIQ_L,DIQ160,female,50-59,2.0,425,0.8173076923076923,exploratory_unweighted_not_clinical_reference
2021-2023,DIQ_L,DIQ160,female,50-59,1.0,94,0.18076923076923077,exploratory_unweighted_not_clinical_reference
2021-2023,DIQ_L,DIQ160,female,50-59,9.0,1,0.0019230769230769232,exploratory_unweighted_not_clinical_reference
2021-2023,DIQ_L,DIQ160,female,60-69,2.0,581,0.7788203753351206,exploratory_unweighted_not_clinical_reference
2021-2023,DIQ_L,DIQ160,female,60-69,1.0,163,0.21849865951742628,exploratory_unweighted_not_clinical_reference
2021-2023,DIQ_L,DIQ160,female,60-69,9.0,2,0.002680965147453083,exploratory_unweighted_not_clinical_reference
2021-2023,DIQ_L,DIQ160,female,70-79,2.0,379,0.7830578512396694,exploratory_unweighted_not_clinical_reference
2021-2023,DIQ_L,DIQ160,female,70-79,1.0,104,0.21487603305785125,exploratory_unweighted_not_clinical_reference
2021-2023,DIQ_L,DIQ160,female,70-79,9.0,1,0.002066115702479339,exploratory_unweighted_not_clinical_reference
2021-2023,DIQ_L,DIQ160,female,80+,2.0,194,0.8699551569506726,exploratory_unweighted_not_clinical_reference
2021-2023,DIQ_L,DIQ160,female,80+,1.0,28,0.12556053811659193,exploratory_unweighted_not_clinical_reference
2021-2023,DIQ_L,DIQ160,female,80+,9.0,1,0.004484304932735426,exploratory_unweighted_not_clinical_reference
2021-2023,DIQ_L,DIQ160,male,12-17,2.0,588,0.9639344262295082,exploratory_unweighted_not_clinical_reference
2021-2023,DIQ_L,DIQ160,male,12-17,1.0,20,0.03278688524590164,exploratory_unweighted_not_clinical_reference
2021-2023,DIQ_L,DIQ160,male,12-17,9.0,2,0.003278688524590164,exploratory_unweighted_not_clinical_reference
2021-2023,DIQ_L,DIQ160,male,18-29,2.0,550,0.9717314487632509,exploratory_unweighted_not_clinical_reference
2021-2023,DIQ_L,DIQ160,male,18-29,1.0,15,0.026501766784452298,exploratory_unweighted_not_clinical_reference
2021-2023,DIQ_L,DIQ160,male,18-29,9.0,1,0.0017667844522968198,exploratory_unweighted_not_clinical_reference
2021-2023,DIQ_L,DIQ160,male,30-39,2.0,452,0.9456066945606695,exploratory_unweighted_not_clinical_reference
2021-2023,DIQ_L,DIQ160,male,30-39,1.0,25,0.05230125523012552,exploratory_unweighted_not_clinical_reference
2021-2023,DIQ_L,DIQ160,male,30-39,9.0,1,0.0020920502092050207,exploratory_unweighted_not_clinical_reference
2021-2023,DIQ_L,DIQ160,male,40-49,2.0,368,0.8932038834951457,exploratory_unweighted_not_clinical_reference
2021-2023,DIQ_L,DIQ160,male,40-49,1.0,44,0.10679611650485436,exploratory_unweighted_not_clinical_reference
2021-2023,DIQ_L,DIQ160,male,50-59,2.0,344,0.8390243902439024,exploratory_unweighted_not_clinical_reference
2021-2023,DIQ_L,DIQ160,male,50-59,1.0,66,0.16097560975609757,exploratory_unweighted_not_clinical_reference
2021-2023,DIQ_L,DIQ160,male,60-69,2.0,486,0.823728813559322,exploratory_unweighted_not_clinical_reference
2021-2023,DIQ_L,DIQ160,male,60-69,1.0,103,0.17457627118644067,exploratory_unweighted_not_clinical_reference
2021-2023,DIQ_L,DIQ160,male,60-69,9.0,1,0.001694915254237288,exploratory_unweighted_not_clinical_reference
2021-2023,DIQ_L,DIQ160,male,70-79,2.0,301,0.7757731958762887,exploratory_unweighted_not_clinical_reference
2021-2023,DIQ_L,DIQ160,male,70-79,1.0,87,0.22422680412371135,exploratory_unweighted_not_clinical_reference
2021-2023,DIQ_L,DIQ160,male,80+,2.0,154,0.9005847953216374,exploratory_unweighted_not_clinical_reference
2021-2023,DIQ_L,DIQ160,male,80+,1.0,17,0.09941520467836257,exploratory_unweighted_not_clinical_reference
2021-2023,DIQ_L,DIQ180,female,12-17,2.0,499,0.8127035830618893,exploratory_unweighted_not_clinical_reference
2021-2023,DIQ_L,DIQ180,female,12-17,1.0,94,0.15309446254071662,exploratory_unweighted_not_clinical_reference
2021-2023,DIQ_L,DIQ180,female,12-17,9.0,20,0.03257328990228013,exploratory_unweighted_not_clinical_reference
2021-2023,DIQ_L,DIQ180,female,12-17,7.0,1,0.0016286644951140066,exploratory_unweighted_not_clinical_reference
2021-2023,DIQ_L,DIQ180,female,18-29,2.0,478,0.7220543806646526,exploratory_unweighted_not_clinical_reference
2021-2023,DIQ_L,DIQ180,female,18-29,1.0,171,0.2583081570996979,exploratory_unweighted_not_clinical_reference
2021-2023,DIQ_L,DIQ180,female,18-29,9.0,13,0.019637462235649546,exploratory_unweighted_not_clinical_reference
2021-2023,DIQ_L,DIQ180,female,30-39,2.0,376,0.5671191553544495,exploratory_unweighted_not_clinical_reference
2021-2023,DIQ_L,DIQ180,female,30-39,1.0,269,0.4057315233785822,exploratory_unweighted_not_clinical_reference
2021-2023,DIQ_L,DIQ180,female,30-39,9.0,18,0.027149321266968326,exploratory_unweighted_not_clinical_reference
2021-2023,DIQ_L,DIQ180,female,40-49,2.0,277,0.5256166982922201,exploratory_unweighted_not_clinical_reference
2021-2023,DIQ_L,DIQ180,female,40-49,1.0,241,0.4573055028462998,exploratory_unweighted_not_clinical_reference
2021-2023,DIQ_L,DIQ180,female,40-49,9.0,8,0.015180265654648957,exploratory_unweighted_not_clinical_reference
2021-2023,DIQ_L,DIQ180,female,40-49,7.0,1,0.0018975332068311196,exploratory_unweighted_not_clinical_reference
2021-2023,DIQ_L,DIQ180,female,50-59,1.0,284,0.5230202578268877,exploratory_unweighted_not_clinical_reference
2021-2023,DIQ_L,DIQ180,female,50-59,2.0,243,0.44751381215469616,exploratory_unweighted_not_clinical_reference
2021-2023,DIQ_L,DIQ180,female,50-59,9.0,16,0.029465930018416207,exploratory_unweighted_not_clinical_reference
2021-2023,DIQ_L,DIQ180,female,60-69,1.0,450,0.5703422053231939,exploratory_unweighted_not_clinical_reference
2021-2023,DIQ_L,DIQ180,female,60-69,2.0,315,0.39923954372623577,exploratory_unweighted_not_clinical_reference
2021-2023,DIQ_L,DIQ180,female,60-69,9.0,24,0.030418250950570342,exploratory_unweighted_not_clinical_reference
2021-2023,DIQ_L,DIQ180,female,70-79,1.0,318,0.6127167630057804,exploratory_unweighted_not_clinical_reference
2021-2023,DIQ_L,DIQ180,female,70-79,2.0,178,0.34296724470134876,exploratory_unweighted_not_clinical_reference
2021-2023,DIQ_L,DIQ180,female,70-79,9.0,23,0.04431599229287091,exploratory_unweighted_not_clinical_reference
2021-2023,DIQ_L,DIQ180,female,80+,1.0,113,0.4788135593220339,exploratory_unweighted_not_clinical_reference
2021-2023,DIQ_L,DIQ180,female,80+,2.0,106,0.4491525423728814,exploratory_unweighted_not_clinical_reference
2021-2023,DIQ_L,DIQ180,female,80+,9.0,17,0.07203389830508475,exploratory_unweighted_not_clinical_reference
2021-2023,DIQ_L,DIQ180,male,12-17,2.0,509,0.8289902280130294,exploratory_unweighted_not_clinical_reference
2021-2023,DIQ_L,DIQ180,male,12-17,1.0,94,0.15309446254071662,exploratory_unweighted_not_clinical_reference
2021-2023,DIQ_L,DIQ180,male,12-17,9.0,11,0.017915309446254073,exploratory_unweighted_not_clinical_reference
2021-2023,DIQ_L,DIQ180,male,18-29,2.0,479,0.8447971781305115,exploratory_unweighted_not_clinical_reference
2021-2023,DIQ_L,DIQ180,male,18-29,1.0,73,0.12874779541446207,exploratory_unweighted_not_clinical_reference
2021-2023,DIQ_L,DIQ180,male,18-29,9.0,15,0.026455026455026454,exploratory_unweighted_not_clinical_reference
2021-2023,DIQ_L,DIQ180,male,30-39,2.0,321,0.6632231404958677,exploratory_unweighted_not_clinical_reference
2021-2023,DIQ_L,DIQ180,male,30-39,1.0,150,0.30991735537190085,exploratory_unweighted_not_clinical_reference
2021-2023,DIQ_L,DIQ180,male,30-39,9.0,13,0.026859504132231406,exploratory_unweighted_not_clinical_reference
2021-2023,DIQ_L,DIQ180,male,40-49,2.0,255,0.6,exploratory_unweighted_not_clinical_reference
2021-2023,DIQ_L,DIQ180,male,40-49,1.0,158,0.37176470588235294,exploratory_unweighted_not_clinical_reference
2021-2023,DIQ_L,DIQ180,male,40-49,9.0,12,0.02823529411764706,exploratory_unweighted_not_clinical_reference
2021-2023,DIQ_L,DIQ180,male,50-59,1.0,226,0.5255813953488372,exploratory_unweighted_not_clinical_reference
2021-2023,DIQ_L,DIQ180,male,50-59,2.0,193,0.44883720930232557,exploratory_unweighted_not_clinical_reference
2021-2023,DIQ_L,DIQ180,male,50-59,9.0,11,0.02558139534883721,exploratory_unweighted_not_clinical_reference
2021-2023,DIQ_L,DIQ180,male,60-69,1.0,364,0.580542264752791,exploratory_unweighted_not_clinical_reference
2021-2023,DIQ_L,DIQ180,male,60-69,2.0,240,0.3827751196172249,exploratory_unweighted_not_clinical_reference
2021-2023,DIQ_L,DIQ180,male,60-69,9.0,23,0.03668261562998405,exploratory_unweighted_not_clinical_reference
2021-2023,DIQ_L,DIQ180,male,70-79,1.0,268,0.6335697399527187,exploratory_unweighted_not_clinical_reference
2021-2023,DIQ_L,DIQ180,male,70-79,2.0,130,0.3073286052009456,exploratory_unweighted_not_clinical_reference
2021-2023,DIQ_L,DIQ180,male,70-79,9.0,25,0.0591016548463357,exploratory_unweighted_not_clinical_reference
2021-2023,DIQ_L,DIQ180,male,80+,1.0,97,0.5359116022099447,exploratory_unweighted_not_clinical_reference
2021-2023,DIQ_L,DIQ180,male,80+,2.0,68,0.3756906077348066,exploratory_unweighted_not_clinical_reference
2021-2023,DIQ_L,DIQ180,male,80+,9.0,16,0.08839779005524862,exploratory_unweighted_not_clinical_reference
2021-2023,DIQ_L,DIQ050,female,40-49,2.0,33,0.6346153846153846,exploratory_unweighted_not_clinical_reference
2021-2023,DIQ_L,DIQ050,female,40-49,1.0,19,0.36538461538461536,exploratory_unweighted_not_clinical_reference
2021-2023,DIQ_L,DIQ050,female,50-59,2.0,73,0.6822429906542056,exploratory_unweighted_not_clinical_reference
2021-2023,DIQ_L,DIQ050,female,50-59,1.0,34,0.3177570093457944,exploratory_unweighted_not_clinical_reference
2021-2023,DIQ_L,DIQ050,female,60-69,2.0,126,0.7039106145251397,exploratory_unweighted_not_clinical_reference
2021-2023,DIQ_L,DIQ050,female,60-69,1.0,53,0.29608938547486036,exploratory_unweighted_not_clinical_reference
2021-2023,DIQ_L,DIQ050,female,70-79,2.0,87,0.6444444444444445,exploratory_unweighted_not_clinical_reference
2021-2023,DIQ_L,DIQ050,female,70-79,1.0,48,0.35555555555555557,exploratory_unweighted_not_clinical_reference
2021-2023,DIQ_L,DIQ050,female,80+,2.0,40,0.7142857142857143,exploratory_unweighted_not_clinical_reference
2021-2023,DIQ_L,DIQ050,female,80+,1.0,16,0.2857142857142857,exploratory_unweighted_not_clinical_reference
2021-2023,DIQ_L,DIQ050,male,40-49,2.0,26,0.6842105263157895,exploratory_unweighted_not_clinical_reference
2021-2023,DIQ_L,DIQ050,male,40-49,1.0,12,0.3157894736842105,exploratory_unweighted_not_clinical_reference
2021-2023,DIQ_L,DIQ050,male,50-59,2.0,66,0.673469387755102,exploratory_unweighted_not_clinical_reference
2021-2023,DIQ_L,DIQ050,male,50-59,1.0,32,0.32653061224489793,exploratory_unweighted_not_clinical_reference
2021-2023,DIQ_L,DIQ050,male,60-69,2.0,119,0.7041420118343196,exploratory_unweighted_not_clinical_reference
2021-2023,DIQ_L,DIQ050,male,60-69,1.0,50,0.2958579881656805,exploratory_unweighted_not_clinical_reference
2021-2023,DIQ_L,DIQ050,male,70-79,2.0,93,0.6788321167883211,exploratory_unweighted_not_clinical_reference
2021-2023,DIQ_L,DIQ050,male,70-79,1.0,44,0.32116788321167883,exploratory_unweighted_not_clinical_reference
2021-2023,DIQ_L,DIQ050,male,80+,2.0,40,0.7843137254901961,exploratory_unweighted_not_clinical_reference
2021-2023,DIQ_L,DIQ050,male,80+,1.0,11,0.21568627450980393,exploratory_unweighted_not_clinical_reference
2021-2023,DIQ_L,DID060,female,50-59,1.0,5,0.14705882352941177,exploratory_unweighted_not_clinical_reference
2021-2023,DIQ_L,DID060,female,50-59,5.0,4,0.11764705882352941,exploratory_unweighted_not_clinical_reference
2021-2023,DIQ_L,DID060,female,50-59,2.0,4,0.11764705882352941,exploratory_unweighted_not_clinical_reference
2021-2023,DIQ_L,DID060,female,50-59,999.0,3,0.08823529411764706,exploratory_unweighted_not_clinical_reference
2021-2023,DIQ_L,DID060,female,50-59,4.0,3,0.08823529411764706,exploratory_unweighted_not_clinical_reference
2021-2023,DIQ_L,DID060,female,50-59,3.0,3,0.08823529411764706,exploratory_unweighted_not_clinical_reference
2021-2023,DIQ_L,DID060,female,50-59,8.0,2,0.058823529411764705,exploratory_unweighted_not_clinical_reference
2021-2023,DIQ_L,DID060,female,50-59,12.0,2,0.058823529411764705,exploratory_unweighted_not_clinical_reference
2021-2023,DIQ_L,DID060,female,50-59,17.0,1,0.029411764705882353,exploratory_unweighted_not_clinical_reference
2021-2023,DIQ_L,DID060,female,50-59,20.0,1,0.029411764705882353,exploratory_unweighted_not_clinical_reference
2021-2023,DIQ_L,DID060,female,50-59,41.0,1,0.029411764705882353,exploratory_unweighted_not_clinical_reference
2021-2023,DIQ_L,DID060,female,50-59,10.0,1,0.029411764705882353,exploratory_unweighted_not_clinical_reference
2021-2023,DIQ_L,DID060,female,50-59,9.0,1,0.029411764705882353,exploratory_unweighted_not_clinical_reference
2021-2023,DIQ_L,DID060,female,50-59,25.0,1,0.029411764705882353,exploratory_unweighted_not_clinical_reference
2021-2023,DIQ_L,DID060,female,50-59,7.0,1,0.029411764705882353,exploratory_unweighted_not_clinical_reference
2021-2023,DIQ_L,DID060,female,50-59,27.0,1,0.029411764705882353,exploratory_unweighted_not_clinical_reference
2021-2023,DIQ_L,DID060,female,60-69,10.0,9,0.16981132075471697,exploratory_unweighted_not_clinical_reference
2021-2023,DIQ_L,DID060,female,60-69,1.0,6,0.11320754716981132,exploratory_unweighted_not_clinical_reference
2021-2023,DIQ_L,DID060,female,60-69,3.0,5,0.09433962264150944,exploratory_unweighted_not_clinical_reference
2021-2023,DIQ_L,DID060,female,60-69,15.0,5,0.09433962264150944,exploratory_unweighted_not_clinical_reference
2021-2023,DIQ_L,DID060,female,60-69,5.0,4,0.07547169811320754,exploratory_unweighted_not_clinical_reference
2021-2023,DIQ_L,DID060,female,60-69,11.0,4,0.07547169811320754,exploratory_unweighted_not_clinical_reference
2021-2023,DIQ_L,DID060,female,60-69,7.0,4,0.07547169811320754,exploratory_unweighted_not_clinical_reference
2021-2023,DIQ_L,DID060,female,60-69,8.0,3,0.05660377358490566,exploratory_unweighted_not_clinical_reference
2021-2023,DIQ_L,DID060,female,60-69,6.0,3,0.05660377358490566,exploratory_unweighted_not_clinical_reference
2021-2023,DIQ_L,DID060,female,60-69,999.0,2,0.03773584905660377,exploratory_unweighted_not_clinical_reference
2021-2023,DIQ_L,DID060,female,60-69,2.0,2,0.03773584905660377,exploratory_unweighted_not_clinical_reference
2021-2023,DIQ_L,DID060,female,60-69,13.0,1,0.018867924528301886,exploratory_unweighted_not_clinical_reference
2021-2023,DIQ_L,DID060,female,60-69,37.0,1,0.018867924528301886,exploratory_unweighted_not_clinical_reference
2021-2023,DIQ_L,DID060,female,60-69,30.0,1,0.018867924528301886,exploratory_unweighted_not_clinical_reference
2021-2023,DIQ_L,DID060,female,60-69,12.0,1,0.018867924528301886,exploratory_unweighted_not_clinical_reference
2021-2023,DIQ_L,DID060,female,60-69,29.0,1,0.018867924528301886,exploratory_unweighted_not_clinical_reference
2021-2023,DIQ_L,DID060,female,60-69,4.0,1,0.018867924528301886,exploratory_unweighted_not_clinical_reference
2021-2023,DIQ_L,DID060,female,70-79,15.0,6,0.125,exploratory_unweighted_not_clinical_reference
2021-2023,DIQ_L,DID060,female,70-79,3.0,5,0.10416666666666667,exploratory_unweighted_not_clinical_reference
2021-2023,DIQ_L,DID060,female,70-79,5.0,5,0.10416666666666667,exploratory_unweighted_not_clinical_reference
2021-2023,DIQ_L,DID060,female,70-79,10.0,4,0.08333333333333333,exploratory_unweighted_not_clinical_reference
2021-2023,DIQ_L,DID060,female,70-79,8.0,4,0.08333333333333333,exploratory_unweighted_not_clinical_reference
2021-2023,DIQ_L,DID060,female,70-79,7.0,3,0.0625,exploratory_unweighted_not_clinical_reference
2021-2023,DIQ_L,DID060,female,70-79,11.0,3,0.0625,exploratory_unweighted_not_clinical_reference
2021-2023,DIQ_L,DID060,female,70-79,12.0,1,0.020833333333333332,exploratory_unweighted_not_clinical_reference
2021-2023,DIQ_L,DID060,female,70-79,34.0,1,0.020833333333333332,exploratory_unweighted_not_clinical_reference
2021-2023,DIQ_L,DID060,female,70-79,17.0,1,0.020833333333333332,exploratory_unweighted_not_clinical_reference
2021-2023,DIQ_L,DID060,female,70-79,25.0,1,0.020833333333333332,exploratory_unweighted_not_clinical_reference
2021-2023,DIQ_L,DID060,female,70-79,22.0,1,0.020833333333333332,exploratory_unweighted_not_clinical_reference
2021-2023,DIQ_L,DID060,female,70-79,44.0,1,0.020833333333333332,exploratory_unweighted_not_clinical_reference
2021-2023,DIQ_L,DID060,female,70-79,6.0,1,0.020833333333333332,exploratory_unweighted_not_clinical_reference
2021-2023,DIQ_L,DID060,female,70-79,60.0,1,0.020833333333333332,exploratory_unweighted_not_clinical_reference
2021-2023,DIQ_L,DID060,female,70-79,29.0,1,0.020833333333333332,exploratory_unweighted_not_clinical_reference
2021-2023,DIQ_L,DID060,female,70-79,2.0,1,0.020833333333333332,exploratory_unweighted_not_clinical_reference
2021-2023,DIQ_L,DID060,female,70-79,21.0,1,0.020833333333333332,exploratory_unweighted_not_clinical_reference
2021-2023,DIQ_L,DID060,female,70-79,30.0,1,0.020833333333333332,exploratory_unweighted_not_clinical_reference
2021-2023,DIQ_L,DID060,female,70-79,35.0,1,0.020833333333333332,exploratory_unweighted_not_clinical_reference
2021-2023,DIQ_L,DID060,female,70-79,47.0,1,0.020833333333333332,exploratory_unweighted_not_clinical_reference
2021-2023,DIQ_L,DID060,female,70-79,23.0,1,0.020833333333333332,exploratory_unweighted_not_clinical_reference
2021-2023,DIQ_L,DID060,female,70-79,999.0,1,0.020833333333333332,exploratory_unweighted_not_clinical_reference
2021-2023,DIQ_L,DID060,female,70-79,4.0,1,0.020833333333333332,exploratory_unweighted_not_clinical_reference
2021-2023,DIQ_L,DID060,female,70-79,37.0,1,0.020833333333333332,exploratory_unweighted_not_clinical_reference
2021-2023,DIQ_L,DID060,male,50-59,7.0,5,0.15625,exploratory_unweighted_not_clinical_reference
2021-2023,DIQ_L,DID060,male,50-59,10.0,5,0.15625,exploratory_unweighted_not_clinical_reference
2021-2023,DIQ_L,DID060,male,50-59,5.0,4,0.125,exploratory_unweighted_not_clinical_reference
2021-2023,DIQ_L,DID060,male,50-59,2.0,3,0.09375,exploratory_unweighted_not_clinical_reference
2021-2023,DIQ_L,DID060,male,50-59,20.0,3,0.09375,exploratory_unweighted_not_clinical_reference
2021-2023,DIQ_L,DID060,male,50-59,3.0,2,0.0625,exploratory_unweighted_not_clinical_reference
2021-2023,DIQ_L,DID060,male,50-59,6.0,2,0.0625,exploratory_unweighted_not_clinical_reference
2021-2023,DIQ_L,DID060,male,50-59,27.0,2,0.0625,exploratory_unweighted_not_clinical_reference
2021-2023,DIQ_L,DID060,male,50-59,1.0,1,0.03125,exploratory_unweighted_not_clinical_reference
2021-2023,DIQ_L,DID060,male,50-59,12.0,1,0.03125,exploratory_unweighted_not_clinical_reference
2021-2023,DIQ_L,DID060,male,50-59,25.0,1,0.03125,exploratory_unweighted_not_clinical_reference
2021-2023,DIQ_L,DID060,male,50-59,18.0,1,0.03125,exploratory_unweighted_not_clinical_reference
2021-2023,DIQ_L,DID060,male,50-59,4.0,1,0.03125,exploratory_unweighted_not_clinical_reference
2021-2023,DIQ_L,DID060,male,50-59,14.0,1,0.03125,exploratory_unweighted_not_clinical_reference
2021-2023,DIQ_L,DID060,male,60-69,5.0,7,0.14,exploratory_unweighted_not_clinical_reference
2021-2023,DIQ_L,DID060,male,60-69,2.0,5,0.1,exploratory_unweighted_not_clinical_reference
2021-2023,DIQ_L,DID060,male,60-69,10.0,5,0.1,exploratory_unweighted_not_clinical_reference
2021-2023,DIQ_L,DID060,male,60-69,3.0,4,0.08,exploratory_unweighted_not_clinical_reference
2021-2023,DIQ_L,DID060,male,60-69,6.0,4,0.08,exploratory_unweighted_not_clinical_reference
2021-2023,DIQ_L,DID060,male,60-69,16.0,3,0.06,exploratory_unweighted_not_clinical_reference
2021-2023,DIQ_L,DID060,male,60-69,7.0,3,0.06,exploratory_unweighted_not_clinical_reference
2021-2023,DIQ_L,DID060,male,60-69,25.0,2,0.04,exploratory_unweighted_not_clinical_reference
2021-2023,DIQ_L,DID060,male,60-69,17.0,2,0.04,exploratory_unweighted_not_clinical_reference
2021-2023,DIQ_L,DID060,male,60-69,20.0,1,0.02,exploratory_unweighted_not_clinical_reference
2021-2023,DIQ_L,DID060,male,60-69,30.0,1,0.02,exploratory_unweighted_not_clinical_reference
2021-2023,DIQ_L,DID060,male,60-69,41.0,1,0.02,exploratory_unweighted_not_clinical_reference
2021-2023,DIQ_L,DID060,male,60-69,4.0,1,0.02,exploratory_unweighted_not_clinical_reference
2021-2023,DIQ_L,DID060,male,60-69,12.0,1,0.02,exploratory_unweighted_not_clinical_reference
2021-2023,DIQ_L,DID060,male,60-69,8.0,1,0.02,exploratory_unweighted_not_clinical_reference
2021-2023,DIQ_L,DID060,male,60-69,23.0,1,0.02,exploratory_unweighted_not_clinical_reference
2021-2023,DIQ_L,DID060,male,60-69,52.0,1,0.02,exploratory_unweighted_not_clinical_reference
2021-2023,DIQ_L,DID060,male,60-69,1.0,1,0.02,exploratory_unweighted_not_clinical_reference
2021-2023,DIQ_L,DID060,male,60-69,22.0,1,0.02,exploratory_unweighted_not_clinical_reference
2021-2023,DIQ_L,DID060,male,60-69,666.0,1,0.02,exploratory_unweighted_not_clinical_reference
2021-2023,DIQ_L,DID060,male,60-69,44.0,1,0.02,exploratory_unweighted_not_clinical_reference
2021-2023,DIQ_L,DID060,male,60-69,51.0,1,0.02,exploratory_unweighted_not_clinical_reference
2021-2023,DIQ_L,DID060,male,60-69,15.0,1,0.02,exploratory_unweighted_not_clinical_reference
2021-2023,DIQ_L,DID060,male,60-69,24.0,1,0.02,exploratory_unweighted_not_clinical_reference
2021-2023,DIQ_L,DID060,male,70-79,15.0,5,0.11363636363636363,exploratory_unweighted_not_clinical_reference
2021-2023,DIQ_L,DID060,male,70-79,2.0,4,0.09090909090909091,exploratory_unweighted_not_clinical_reference
2021-2023,DIQ_L,DID060,male,70-79,1.0,4,0.09090909090909091,exploratory_unweighted_not_clinical_reference
2021-2023,DIQ_L,DID060,male,70-79,6.0,3,0.06818181818181818,exploratory_unweighted_not_clinical_reference
2021-2023,DIQ_L,DID060,male,70-79,3.0,3,0.06818181818181818,exploratory_unweighted_not_clinical_reference
2021-2023,DIQ_L,DID060,male,70-79,20.0,3,0.06818181818181818,exploratory_unweighted_not_clinical_reference
2021-2023,DIQ_L,DID060,male,70-79,10.0,3,0.06818181818181818,exploratory_unweighted_not_clinical_reference
2021-2023,DIQ_L,DID060,male,70-79,13.0,2,0.045454545454545456,exploratory_unweighted_not_clinical_reference
2021-2023,DIQ_L,DID060,male,70-79,5.0,2,0.045454545454545456,exploratory_unweighted_not_clinical_reference
2021-2023,DIQ_L,DID060,male,70-79,21.0,2,0.045454545454545456,exploratory_unweighted_not_clinical_reference
2021-2023,DIQ_L,DID060,male,70-79,40.0,2,0.045454545454545456,exploratory_unweighted_not_clinical_reference
2021-2023,DIQ_L,DID060,male,70-79,7.0,2,0.045454545454545456,exploratory_unweighted_not_clinical_reference
2021-2023,DIQ_L,DID060,male,70-79,17.0,1,0.022727272727272728,exploratory_unweighted_not_clinical_reference
2021-2023,DIQ_L,DID060,male,70-79,42.0,1,0.022727272727272728,exploratory_unweighted_not_clinical_reference
2021-2023,DIQ_L,DID060,male,70-79,25.0,1,0.022727272727272728,exploratory_unweighted_not_clinical_reference
2021-2023,DIQ_L,DID060,male,70-79,8.0,1,0.022727272727272728,exploratory_unweighted_not_clinical_reference
2021-2023,DIQ_L,DID060,male,70-79,12.0,1,0.022727272727272728,exploratory_unweighted_not_clinical_reference
2021-2023,DIQ_L,DID060,male,70-79,19.0,1,0.022727272727272728,exploratory_unweighted_not_clinical_reference
2021-2023,DIQ_L,DID060,male,70-79,4.0,1,0.022727272727272728,exploratory_unweighted_not_clinical_reference
2021-2023,DIQ_L,DID060,male,70-79,16.0,1,0.022727272727272728,exploratory_unweighted_not_clinical_reference
2021-2023,DIQ_L,DID060,male,70-79,14.0,1,0.022727272727272728,exploratory_unweighted_not_clinical_reference
2021-2023,DIQ_L,DIQ060U,female,50-59,2.0,28,0.9032258064516129,exploratory_unweighted_not_clinical_reference
2021-2023,DIQ_L,DIQ060U,female,50-59,1.0,3,0.0967741935483871,exploratory_unweighted_not_clinical_reference
2021-2023,DIQ_L,DIQ060U,female,60-69,2.0,46,0.9019607843137255,exploratory_unweighted_not_clinical_reference
2021-2023,DIQ_L,DIQ060U,female,60-69,1.0,5,0.09803921568627451,exploratory_unweighted_not_clinical_reference
2021-2023,DIQ_L,DIQ060U,female,70-79,2.0,44,0.9361702127659575,exploratory_unweighted_not_clinical_reference
2021-2023,DIQ_L,DIQ060U,female,70-79,1.0,3,0.06382978723404255,exploratory_unweighted_not_clinical_reference
2021-2023,DIQ_L,DIQ060U,male,50-59,2.0,30,0.9375,exploratory_unweighted_not_clinical_reference
2021-2023,DIQ_L,DIQ060U,male,50-59,1.0,2,0.0625,exploratory_unweighted_not_clinical_reference
2021-2023,DIQ_L,DIQ060U,male,60-69,2.0,43,0.8775510204081632,exploratory_unweighted_not_clinical_reference
2021-2023,DIQ_L,DIQ060U,male,60-69,1.0,6,0.12244897959183673,exploratory_unweighted_not_clinical_reference
2021-2023,DIQ_L,DIQ060U,male,70-79,2.0,39,0.8863636363636364,exploratory_unweighted_not_clinical_reference
2021-2023,DIQ_L,DIQ060U,male,70-79,1.0,5,0.11363636363636363,exploratory_unweighted_not_clinical_reference
2021-2023,DIQ_L,DIQ070,female,12-17,2.0,14,0.7,exploratory_unweighted_not_clinical_reference
2021-2023,DIQ_L,DIQ070,female,12-17,1.0,6,0.3,exploratory_unweighted_not_clinical_reference
2021-2023,DIQ_L,DIQ070,female,18-29,2.0,43,0.9347826086956522,exploratory_unweighted_not_clinical_reference
2021-2023,DIQ_L,DIQ070,female,18-29,1.0,3,0.06521739130434782,exploratory_unweighted_not_clinical_reference
2021-2023,DIQ_L,DIQ070,female,30-39,2.0,68,0.8607594936708861,exploratory_unweighted_not_clinical_reference
2021-2023,DIQ_L,DIQ070,female,30-39,1.0,11,0.13924050632911392,exploratory_unweighted_not_clinical_reference
2021-2023,DIQ_L,DIQ070,female,40-49,2.0,88,0.6875,exploratory_unweighted_not_clinical_reference
2021-2023,DIQ_L,DIQ070,female,40-49,1.0,39,0.3046875,exploratory_unweighted_not_clinical_reference
2021-2023,DIQ_L,DIQ070,female,40-49,9.0,1,0.0078125,exploratory_unweighted_not_clinical_reference
2021-2023,DIQ_L,DIQ070,female,50-59,2.0,131,0.5848214285714286,exploratory_unweighted_not_clinical_reference
2021-2023,DIQ_L,DIQ070,female,50-59,1.0,93,0.41517857142857145,exploratory_unweighted_not_clinical_reference
2021-2023,DIQ_L,DIQ070,female,60-69,2.0,234,0.6077922077922078,exploratory_unweighted_not_clinical_reference
2021-2023,DIQ_L,DIQ070,female,60-69,1.0,150,0.38961038961038963,exploratory_unweighted_not_clinical_reference
2021-2023,DIQ_L,DIQ070,female,60-69,9.0,1,0.0025974025974025974,exploratory_unweighted_not_clinical_reference
2021-2023,DIQ_L,DIQ070,female,70-79,2.0,174,0.635036496350365,exploratory_unweighted_not_clinical_reference
2021-2023,DIQ_L,DIQ070,female,70-79,1.0,99,0.3613138686131387,exploratory_unweighted_not_clinical_reference
2021-2023,DIQ_L,DIQ070,female,70-79,9.0,1,0.0036496350364963502,exploratory_unweighted_not_clinical_reference
2021-2023,DIQ_L,DIQ070,female,80+,2.0,52,0.5360824742268041,exploratory_unweighted_not_clinical_reference
2021-2023,DIQ_L,DIQ070,female,80+,1.0,44,0.4536082474226804,exploratory_unweighted_not_clinical_reference
2021-2023,DIQ_L,DIQ070,female,80+,9.0,1,0.010309278350515464,exploratory_unweighted_not_clinical_reference
2021-2023,DIQ_L,DIQ070,male,12-17,2.0,29,0.9666666666666667,exploratory_unweighted_not_clinical_reference
2021-2023,DIQ_L,DIQ070,male,12-17,1.0,1,0.03333333333333333,exploratory_unweighted_not_clinical_reference
2021-2023,DIQ_L,DIQ070,male,18-29,2.0,19,0.76,exploratory_unweighted_not_clinical_reference
2021-2023,DIQ_L,DIQ070,male,18-29,1.0,6,0.24,exploratory_unweighted_not_clinical_reference
2021-2023,DIQ_L,DIQ070,male,30-39,2.0,34,0.723404255319149,exploratory_unweighted_not_clinical_reference
2021-2023,DIQ_L,DIQ070,male,30-39,1.0,13,0.2765957446808511,exploratory_unweighted_not_clinical_reference
2021-2023,DIQ_L,DIQ070,male,40-49,2.0,67,0.7127659574468085,exploratory_unweighted_not_clinical_reference
2021-2023,DIQ_L,DIQ070,male,40-49,1.0,27,0.2872340425531915,exploratory_unweighted_not_clinical_reference
2021-2023,DIQ_L,DIQ070,male,50-59,2.0,102,0.5543478260869565,exploratory_unweighted_not_clinical_reference
2021-2023,DIQ_L,DIQ070,male,50-59,1.0,82,0.44565217391304346,exploratory_unweighted_not_clinical_reference
2021-2023,DIQ_L,DIQ070,male,60-69,2.0,170,0.5501618122977346,exploratory_unweighted_not_clinical_reference
2021-2023,DIQ_L,DIQ070,male,60-69,1.0,138,0.44660194174757284,exploratory_unweighted_not_clinical_reference
2021-2023,DIQ_L,DIQ070,male,60-69,9.0,1,0.003236245954692557,exploratory_unweighted_not_clinical_reference
2021-2023,DIQ_L,DIQ070,male,70-79,1.0,130,0.5019305019305019,exploratory_unweighted_not_clinical_reference
2021-2023,DIQ_L,DIQ070,male,70-79,2.0,127,0.49034749034749037,exploratory_unweighted_not_clinical_reference
2021-2023,DIQ_L,DIQ070,male,70-79,9.0,2,0.007722007722007722,exploratory_unweighted_not_clinical_reference
2021-2023,DIQ_L,DIQ070,male,80+,1.0,43,0.5512820512820513,exploratory_unweighted_not_clinical_reference
2021-2023,DIQ_L,DIQ070,male,80+,2.0,35,0.44871794871794873,exploratory_unweighted_not_clinical_reference
2021-2023,DPQ_L,DPQ010,female,18-29,5.397605346934028e-79,218,0.5011494252873563,exploratory_unweighted_not_clinical_reference
2021-2023,DPQ_L,DPQ010,female,18-29,1.0,154,0.35402298850574715,exploratory_unweighted_not_clinical_reference
2021-2023,DPQ_L,DPQ010,female,18-29,2.0,42,0.09655172413793103,exploratory_unweighted_not_clinical_reference
2021-2023,DPQ_L,DPQ010,female,18-29,3.0,21,0.04827586206896552,exploratory_unweighted_not_clinical_reference
2021-2023,DPQ_L,DPQ010,female,30-39,5.397605346934028e-79,240,0.5700712589073634,exploratory_unweighted_not_clinical_reference
2021-2023,DPQ_L,DPQ010,female,30-39,1.0,134,0.3182897862232779,exploratory_unweighted_not_clinical_reference
2021-2023,DPQ_L,DPQ010,female,30-39,2.0,32,0.07600950118764846,exploratory_unweighted_not_clinical_reference
2021-2023,DPQ_L,DPQ010,female,30-39,3.0,14,0.0332541567695962,exploratory_unweighted_not_clinical_reference
2021-2023,DPQ_L,DPQ010,female,30-39,9.0,1,0.0023752969121140144,exploratory_unweighted_not_clinical_reference
2021-2023,DPQ_L,DPQ010,female,40-49,5.397605346934028e-79,240,0.6521739130434783,exploratory_unweighted_not_clinical_reference
2021-2023,DPQ_L,DPQ010,female,40-49,1.0,89,0.2418478260869565,exploratory_unweighted_not_clinical_reference
2021-2023,DPQ_L,DPQ010,female,40-49,2.0,21,0.057065217391304345,exploratory_unweighted_not_clinical_reference
2021-2023,DPQ_L,DPQ010,female,40-49,3.0,18,0.04891304347826087,exploratory_unweighted_not_clinical_reference
2021-2023,DPQ_L,DPQ010,female,50-59,5.397605346934028e-79,309,0.688195991091314,exploratory_unweighted_not_clinical_reference
2021-2023,DPQ_L,DPQ010,female,50-59,1.0,88,0.19599109131403117,exploratory_unweighted_not_clinical_reference
2021-2023,DPQ_L,DPQ010,female,50-59,2.0,26,0.05790645879732739,exploratory_unweighted_not_clinical_reference
2021-2023,DPQ_L,DPQ010,female,50-59,3.0,24,0.053452115812917596,exploratory_unweighted_not_clinical_reference
2021-2023,DPQ_L,DPQ010,female,50-59,7.0,1,0.0022271714922048997,exploratory_unweighted_not_clinical_reference
2021-2023,DPQ_L,DPQ010,female,50-59,9.0,1,0.0022271714922048997,exploratory_unweighted_not_clinical_reference
2021-2023,DPQ_L,DPQ010,female,60-69,5.397605346934028e-79,510,0.68,exploratory_unweighted_not_clinical_reference
2021-2023,DPQ_L,DPQ010,female,60-69,1.0,152,0.20266666666666666,exploratory_unweighted_not_clinical_reference
2021-2023,DPQ_L,DPQ010,female,60-69,3.0,46,0.06133333333333333,exploratory_unweighted_not_clinical_reference
2021-2023,DPQ_L,DPQ010,female,60-69,2.0,41,0.05466666666666667,exploratory_unweighted_not_clinical_reference
2021-2023,DPQ_L,DPQ010,female,60-69,9.0,1,0.0013333333333333333,exploratory_unweighted_not_clinical_reference
2021-2023,DPQ_L,DPQ010,female,70-79,5.397605346934028e-79,329,0.7511415525114156,exploratory_unweighted_not_clinical_reference
2021-2023,DPQ_L,DPQ010,female,70-79,1.0,65,0.14840182648401826,exploratory_unweighted_not_clinical_reference
2021-2023,DPQ_L,DPQ010,female,70-79,3.0,23,0.05251141552511415,exploratory_unweighted_not_clinical_reference
2021-2023,DPQ_L,DPQ010,female,70-79,2.0,19,0.04337899543378995,exploratory_unweighted_not_clinical_reference
2021-2023,DPQ_L,DPQ010,female,70-79,9.0,1,0.00228310502283105,exploratory_unweighted_not_clinical_reference
2021-2023,DPQ_L,DPQ010,female,70-79,7.0,1,0.00228310502283105,exploratory_unweighted_not_clinical_reference
2021-2023,DPQ_L,DPQ010,female,80+,5.397605346934028e-79,92,0.6764705882352942,exploratory_unweighted_not_clinical_reference
2021-2023,DPQ_L,DPQ010,female,80+,1.0,31,0.22794117647058823,exploratory_unweighted_not_clinical_reference
2021-2023,DPQ_L,DPQ010,female,80+,3.0,6,0.04411764705882353,exploratory_unweighted_not_clinical_reference
2021-2023,DPQ_L,DPQ010,female,80+,2.0,5,0.03676470588235294,exploratory_unweighted_not_clinical_reference
2021-2023,DPQ_L,DPQ010,female,80+,9.0,2,0.014705882352941176,exploratory_unweighted_not_clinical_reference
2021-2023,DPQ_L,DPQ010,male,18-29,5.397605346934028e-79,220,0.5714285714285714,exploratory_unweighted_not_clinical_reference
2021-2023,DPQ_L,DPQ010,male,18-29,1.0,111,0.2883116883116883,exploratory_unweighted_not_clinical_reference
2021-2023,DPQ_L,DPQ010,male,18-29,2.0,32,0.08311688311688312,exploratory_unweighted_not_clinical_reference
2021-2023,DPQ_L,DPQ010,male,18-29,3.0,21,0.05454545454545454,exploratory_unweighted_not_clinical_reference
2021-2023,DPQ_L,DPQ010,male,18-29,9.0,1,0.0025974025974025974,exploratory_unweighted_not_clinical_reference
2021-2023,DPQ_L,DPQ010,male,30-39,5.397605346934028e-79,221,0.6332378223495702,exploratory_unweighted_not_clinical_reference
2021-2023,DPQ_L,DPQ010,male,30-39,1.0,88,0.2521489971346705,exploratory_unweighted_not_clinical_reference
2021-2023,DPQ_L,DPQ010,male,30-39,2.0,26,0.07449856733524356,exploratory_unweighted_not_clinical_reference
2021-2023,DPQ_L,DPQ010,male,30-39,3.0,14,0.04011461318051576,exploratory_unweighted_not_clinical_reference
2021-2023,DPQ_L,DPQ010,male,40-49,5.397605346934028e-79,229,0.7435064935064936,exploratory_unweighted_not_clinical_reference
2021-2023,DPQ_L,DPQ010,male,40-49,1.0,55,0.17857142857142858,exploratory_unweighted_not_clinical_reference
2021-2023,DPQ_L,DPQ010,male,40-49,2.0,16,0.05194805194805195,exploratory_unweighted_not_clinical_reference
2021-2023,DPQ_L,DPQ010,male,40-49,3.0,8,0.025974025974025976,exploratory_unweighted_not_clinical_reference
2021-2023,DPQ_L,DPQ010,male,50-59,5.397605346934028e-79,255,0.6967213114754098,exploratory_unweighted_not_clinical_reference
2021-2023,DPQ_L,DPQ010,male,50-59,1.0,66,0.18032786885245902,exploratory_unweighted_not_clinical_reference
2021-2023,DPQ_L,DPQ010,male,50-59,2.0,24,0.06557377049180328,exploratory_unweighted_not_clinical_reference
2021-2023,DPQ_L,DPQ010,male,50-59,3.0,20,0.0546448087431694,exploratory_unweighted_not_clinical_reference
2021-2023,DPQ_L,DPQ010,male,50-59,9.0,1,0.00273224043715847,exploratory_unweighted_not_clinical_reference
2021-2023,DPQ_L,DPQ010,male,60-69,5.397605346934028e-79,445,0.7491582491582491,exploratory_unweighted_not_clinical_reference
2021-2023,DPQ_L,DPQ010,male,60-69,1.0,98,0.16498316498316498,exploratory_unweighted_not_clinical_reference
2021-2023,DPQ_L,DPQ010,male,60-69,2.0,29,0.04882154882154882,exploratory_unweighted_not_clinical_reference
2021-2023,DPQ_L,DPQ010,male,60-69,3.0,19,0.03198653198653199,exploratory_unweighted_not_clinical_reference
2021-2023,DPQ_L,DPQ010,male,60-69,7.0,2,0.003367003367003367,exploratory_unweighted_not_clinical_reference
2021-2023,DPQ_L,DPQ010,male,60-69,9.0,1,0.0016835016835016834,exploratory_unweighted_not_clinical_reference
2021-2023,DPQ_L,DPQ010,male,70-79,5.397605346934028e-79,306,0.7707808564231738,exploratory_unweighted_not_clinical_reference
2021-2023,DPQ_L,DPQ010,male,70-79,1.0,57,0.14357682619647355,exploratory_unweighted_not_clinical_reference
2021-2023,DPQ_L,DPQ010,male,70-79,3.0,15,0.037783375314861464,exploratory_unweighted_not_clinical_reference
2021-2023,DPQ_L,DPQ010,male,70-79,2.0,15,0.037783375314861464,exploratory_unweighted_not_clinical_reference
2021-2023,DPQ_L,DPQ010,male,70-79,9.0,4,0.010075566750629723,exploratory_unweighted_not_clinical_reference
2021-2023,DPQ_L,DPQ010,male,80+,5.397605346934028e-79,89,0.7235772357723578,exploratory_unweighted_not_clinical_reference
2021-2023,DPQ_L,DPQ010,male,80+,1.0,17,0.13821138211382114,exploratory_unweighted_not_clinical_reference
2021-2023,DPQ_L,DPQ010,male,80+,3.0,7,0.056910569105691054,exploratory_unweighted_not_clinical_reference
2021-2023,DPQ_L,DPQ010,male,80+,2.0,6,0.04878048780487805,exploratory_unweighted_not_clinical_reference
2021-2023,DPQ_L,DPQ010,male,80+,9.0,3,0.024390243902439025,exploratory_unweighted_not_clinical_reference
2021-2023,DPQ_L,DPQ010,male,80+,7.0,1,0.008130081300813009,exploratory_unweighted_not_clinical_reference
2021-2023,DPQ_L,DPQ020,female,18-29,5.397605346934028e-79,207,0.47586206896551725,exploratory_unweighted_not_clinical_reference
2021-2023,DPQ_L,DPQ020,female,18-29,1.0,167,0.3839080459770115,exploratory_unweighted_not_clinical_reference
2021-2023,DPQ_L,DPQ020,female,18-29,2.0,44,0.10114942528735632,exploratory_unweighted_not_clinical_reference
2021-2023,DPQ_L,DPQ020,female,18-29,3.0,17,0.03908045977011494,exploratory_unweighted_not_clinical_reference
2021-2023,DPQ_L,DPQ020,female,30-39,5.397605346934028e-79,224,0.5320665083135392,exploratory_unweighted_not_clinical_reference
2021-2023,DPQ_L,DPQ020,female,30-39,1.0,150,0.35629453681710216,exploratory_unweighted_not_clinical_reference
2021-2023,DPQ_L,DPQ020,female,30-39,2.0,30,0.07125890736342043,exploratory_unweighted_not_clinical_reference
2021-2023,DPQ_L,DPQ020,female,30-39,3.0,17,0.040380047505938245,exploratory_unweighted_not_clinical_reference
2021-2023,DPQ_L,DPQ020,female,40-49,5.397605346934028e-79,226,0.6141304347826086,exploratory_unweighted_not_clinical_reference
2021-2023,DPQ_L,DPQ020,female,40-49,1.0,107,0.2907608695652174,exploratory_unweighted_not_clinical_reference
2021-2023,DPQ_L,DPQ020,female,40-49,2.0,19,0.051630434782608696,exploratory_unweighted_not_clinical_reference
2021-2023,DPQ_L,DPQ020,female,40-49,3.0,16,0.043478260869565216,exploratory_unweighted_not_clinical_reference
2021-2023,DPQ_L,DPQ020,female,50-59,5.397605346934028e-79,289,0.643652561247216,exploratory_unweighted_not_clinical_reference
2021-2023,DPQ_L,DPQ020,female,50-59,1.0,111,0.24721603563474387,exploratory_unweighted_not_clinical_reference
2021-2023,DPQ_L,DPQ020,female,50-59,3.0,24,0.053452115812917596,exploratory_unweighted_not_clinical_reference
2021-2023,DPQ_L,DPQ020,female,50-59,2.0,24,0.053452115812917596,exploratory_unweighted_not_clinical_reference
2021-2023,DPQ_L,DPQ020,female,50-59,9.0,1,0.0022271714922048997,exploratory_unweighted_not_clinical_reference
2021-2023,DPQ_L,DPQ020,female,60-69,5.397605346934028e-79,523,0.6973333333333334,exploratory_unweighted_not_clinical_reference
2021-2023,DPQ_L,DPQ020,female,60-69,1.0,157,0.20933333333333334,exploratory_unweighted_not_clinical_reference
2021-2023,DPQ_L,DPQ020,female,60-69,2.0,37,0.04933333333333333,exploratory_unweighted_not_clinical_reference
2021-2023,DPQ_L,DPQ020,female,60-69,3.0,31,0.04133333333333333,exploratory_unweighted_not_clinical_reference
2021-2023,DPQ_L,DPQ020,female,60-69,7.0,1,0.0013333333333333333,exploratory_unweighted_not_clinical_reference
2021-2023,DPQ_L,DPQ020,female,60-69,9.0,1,0.0013333333333333333,exploratory_unweighted_not_clinical_reference
2021-2023,DPQ_L,DPQ020,female,70-79,5.397605346934028e-79,332,0.7597254004576659,exploratory_unweighted_not_clinical_reference
2021-2023,DPQ_L,DPQ020,female,70-79,1.0,69,0.15789473684210525,exploratory_unweighted_not_clinical_reference
2021-2023,DPQ_L,DPQ020,female,70-79,2.0,19,0.043478260869565216,exploratory_unweighted_not_clinical_reference
2021-2023,DPQ_L,DPQ020,female,70-79,3.0,16,0.036613272311212815,exploratory_unweighted_not_clinical_reference
2021-2023,DPQ_L,DPQ020,female,70-79,7.0,1,0.002288329519450801,exploratory_unweighted_not_clinical_reference
2021-2023,DPQ_L,DPQ020,female,80+,5.397605346934028e-79,98,0.7205882352941176,exploratory_unweighted_not_clinical_reference
2021-2023,DPQ_L,DPQ020,female,80+,1.0,29,0.21323529411764705,exploratory_unweighted_not_clinical_reference
2021-2023,DPQ_L,DPQ020,female,80+,2.0,5,0.03676470588235294,exploratory_unweighted_not_clinical_reference
2021-2023,DPQ_L,DPQ020,female,80+,3.0,3,0.022058823529411766,exploratory_unweighted_not_clinical_reference
2021-2023,DPQ_L,DPQ020,female,80+,7.0,1,0.007352941176470588,exploratory_unweighted_not_clinical_reference
2021-2023,DPQ_L,DPQ020,male,18-29,5.397605346934028e-79,219,0.5688311688311688,exploratory_unweighted_not_clinical_reference
2021-2023,DPQ_L,DPQ020,male,18-29,1.0,119,0.3090909090909091,exploratory_unweighted_not_clinical_reference
2021-2023,DPQ_L,DPQ020,male,18-29,2.0,25,0.06493506493506493,exploratory_unweighted_not_clinical_reference
2021-2023,DPQ_L,DPQ020,male,18-29,3.0,22,0.05714285714285714,exploratory_unweighted_not_clinical_reference
2021-2023,DPQ_L,DPQ020,male,30-39,5.397605346934028e-79,214,0.6131805157593123,exploratory_unweighted_not_clinical_reference
2021-2023,DPQ_L,DPQ020,male,30-39,1.0,97,0.27793696275071633,exploratory_unweighted_not_clinical_reference
2021-2023,DPQ_L,DPQ020,male,30-39,3.0,19,0.054441260744985676,exploratory_unweighted_not_clinical_reference
2021-2023,DPQ_L,DPQ020,male,30-39,2.0,17,0.04871060171919771,exploratory_unweighted_not_clinical_reference
2021-2023,DPQ_L,DPQ020,male,30-39,9.0,2,0.0057306590257879654,exploratory_unweighted_not_clinical_reference
2021-2023,DPQ_L,DPQ020,male,40-49,5.397605346934028e-79,210,0.6818181818181818,exploratory_unweighted_not_clinical_reference
2021-2023,DPQ_L,DPQ020,male,40-49,1.0,75,0.2435064935064935,exploratory_unweighted_not_clinical_reference
2021-2023,DPQ_L,DPQ020,male,40-49,2.0,13,0.04220779220779221,exploratory_unweighted_not_clinical_reference
2021-2023,DPQ_L,DPQ020,male,40-49,3.0,10,0.032467532467532464,exploratory_unweighted_not_clinical_reference
2021-2023,DPQ_L,DPQ020,male,50-59,5.397605346934028e-79,262,0.7158469945355191,exploratory_unweighted_not_clinical_reference
2021-2023,DPQ_L,DPQ020,male,50-59,1.0,68,0.18579234972677597,exploratory_unweighted_not_clinical_reference
2021-2023,DPQ_L,DPQ020,male,50-59,2.0,21,0.05737704918032787,exploratory_unweighted_not_clinical_reference
2021-2023,DPQ_L,DPQ020,male,50-59,3.0,14,0.03825136612021858,exploratory_unweighted_not_clinical_reference
2021-2023,DPQ_L,DPQ020,male,50-59,9.0,1,0.00273224043715847,exploratory_unweighted_not_clinical_reference
2021-2023,DPQ_L,DPQ020,male,60-69,5.397605346934028e-79,453,0.7626262626262627,exploratory_unweighted_not_clinical_reference
2021-2023,DPQ_L,DPQ020,male,60-69,1.0,102,0.1717171717171717,exploratory_unweighted_not_clinical_reference
2021-2023,DPQ_L,DPQ020,male,60-69,2.0,25,0.04208754208754209,exploratory_unweighted_not_clinical_reference
2021-2023,DPQ_L,DPQ020,male,60-69,3.0,13,0.021885521885521887,exploratory_unweighted_not_clinical_reference
2021-2023,DPQ_L,DPQ020,male,60-69,9.0,1,0.0016835016835016834,exploratory_unweighted_not_clinical_reference
2021-2023,DPQ_L,DPQ020,male,70-79,5.397605346934028e-79,318,0.801007556675063,exploratory_unweighted_not_clinical_reference
2021-2023,DPQ_L,DPQ020,male,70-79,1.0,58,0.14609571788413098,exploratory_unweighted_not_clinical_reference
2021-2023,DPQ_L,DPQ020,male,70-79,2.0,11,0.027707808564231738,exploratory_unweighted_not_clinical_reference
2021-2023,DPQ_L,DPQ020,male,70-79,3.0,10,0.02518891687657431,exploratory_unweighted_not_clinical_reference
2021-2023,DPQ_L,DPQ020,male,80+,5.397605346934028e-79,99,0.8048780487804879,exploratory_unweighted_not_clinical_reference
2021-2023,DPQ_L,DPQ020,male,80+,1.0,16,0.13008130081300814,exploratory_unweighted_not_clinical_reference
2021-2023,DPQ_L,DPQ020,male,80+,2.0,5,0.04065040650406504,exploratory_unweighted_not_clinical_reference
2021-2023,DPQ_L,DPQ020,male,80+,3.0,2,0.016260162601626018,exploratory_unweighted_not_clinical_reference
2021-2023,DPQ_L,DPQ020,male,80+,9.0,1,0.008130081300813009,exploratory_unweighted_not_clinical_reference
2021-2023,DPQ_L,DPQ030,female,18-29,1.0,164,0.37701149425287356,exploratory_unweighted_not_clinical_reference
2021-2023,DPQ_L,DPQ030,female,18-29,5.397605346934028e-79,143,0.32873563218390806,exploratory_unweighted_not_clinical_reference
2021-2023,DPQ_L,DPQ030,female,18-29,2.0,74,0.17011494252873563,exploratory_unweighted_not_clinical_reference
2021-2023,DPQ_L,DPQ030,female,18-29,3.0,54,0.12413793103448276,exploratory_unweighted_not_clinical_reference
2021-2023,DPQ_L,DPQ030,female,30-39,5.397605346934028e-79,171,0.40617577197149646,exploratory_unweighted_not_clinical_reference
2021-2023,DPQ_L,DPQ030,female,30-39,1.0,149,0.35391923990498814,exploratory_unweighted_not_clinical_reference
2021-2023,DPQ_L,DPQ030,female,30-39,2.0,58,0.1377672209026128,exploratory_unweighted_not_clinical_reference
2021-2023,DPQ_L,DPQ030,female,30-39,3.0,43,0.1021377672209026,exploratory_unweighted_not_clinical_reference
2021-2023,DPQ_L,DPQ030,female,40-49,5.397605346934028e-79,169,0.4592391304347826,exploratory_unweighted_not_clinical_reference
2021-2023,DPQ_L,DPQ030,female,40-49,1.0,124,0.33695652173913043,exploratory_unweighted_not_clinical_reference
2021-2023,DPQ_L,DPQ030,female,40-49,3.0,43,0.11684782608695653,exploratory_unweighted_not_clinical_reference
2021-2023,DPQ_L,DPQ030,female,40-49,2.0,32,0.08695652173913043,exploratory_unweighted_not_clinical_reference
2021-2023,DPQ_L,DPQ030,female,50-59,5.397605346934028e-79,200,0.44543429844098,exploratory_unweighted_not_clinical_reference
2021-2023,DPQ_L,DPQ030,female,50-59,1.0,154,0.3429844097995546,exploratory_unweighted_not_clinical_reference
2021-2023,DPQ_L,DPQ030,female,50-59,3.0,52,0.11581291759465479,exploratory_unweighted_not_clinical_reference
2021-2023,DPQ_L,DPQ030,female,50-59,2.0,41,0.09131403118040089,exploratory_unweighted_not_clinical_reference
2021-2023,DPQ_L,DPQ030,female,50-59,7.0,1,0.0022271714922048997,exploratory_unweighted_not_clinical_reference
2021-2023,DPQ_L,DPQ030,female,50-59,9.0,1,0.0022271714922048997,exploratory_unweighted_not_clinical_reference
2021-2023,DPQ_L,DPQ030,female,60-69,5.397605346934028e-79,341,0.45466666666666666,exploratory_unweighted_not_clinical_reference
2021-2023,DPQ_L,DPQ030,female,60-69,1.0,259,0.3453333333333333,exploratory_unweighted_not_clinical_reference
2021-2023,DPQ_L,DPQ030,female,60-69,3.0,92,0.12266666666666666,exploratory_unweighted_not_clinical_reference
2021-2023,DPQ_L,DPQ030,female,60-69,2.0,58,0.07733333333333334,exploratory_unweighted_not_clinical_reference
2021-2023,DPQ_L,DPQ030,female,70-79,5.397605346934028e-79,224,0.5125858123569794,exploratory_unweighted_not_clinical_reference
2021-2023,DPQ_L,DPQ030,female,70-79,1.0,127,0.2906178489702517,exploratory_unweighted_not_clinical_reference
2021-2023,DPQ_L,DPQ030,female,70-79,3.0,50,0.11441647597254005,exploratory_unweighted_not_clinical_reference
2021-2023,DPQ_L,DPQ030,female,70-79,2.0,35,0.08009153318077804,exploratory_unweighted_not_clinical_reference
2021-2023,DPQ_L,DPQ030,female,70-79,7.0,1,0.002288329519450801,exploratory_unweighted_not_clinical_reference
2021-2023,DPQ_L,DPQ030,female,80+,5.397605346934028e-79,68,0.5,exploratory_unweighted_not_clinical_reference
2021-2023,DPQ_L,DPQ030,female,80+,1.0,42,0.3088235294117647,exploratory_unweighted_not_clinical_reference
2021-2023,DPQ_L,DPQ030,female,80+,2.0,14,0.10294117647058823,exploratory_unweighted_not_clinical_reference
2021-2023,DPQ_L,DPQ030,female,80+,3.0,12,0.08823529411764706,exploratory_unweighted_not_clinical_reference
2021-2023,DPQ_L,DPQ030,male,18-29,5.397605346934028e-79,199,0.5168831168831168,exploratory_unweighted_not_clinical_reference
2021-2023,DPQ_L,DPQ030,male,18-29,1.0,116,0.3012987012987013,exploratory_unweighted_not_clinical_reference
2021-2023,DPQ_L,DPQ030,male,18-29,2.0,38,0.0987012987012987,exploratory_unweighted_not_clinical_reference
2021-2023,DPQ_L,DPQ030,male,18-29,3.0,32,0.08311688311688312,exploratory_unweighted_not_clinical_reference
2021-2023,DPQ_L,DPQ030,male,30-39,5.397605346934028e-79,191,0.5472779369627507,exploratory_unweighted_not_clinical_reference
2021-2023,DPQ_L,DPQ030,male,30-39,1.0,101,0.28939828080229224,exploratory_unweighted_not_clinical_reference
2021-2023,DPQ_L,DPQ030,male,30-39,2.0,30,0.08595988538681948,exploratory_unweighted_not_clinical_reference
2021-2023,DPQ_L,DPQ030,male,30-39,3.0,27,0.07736389684813753,exploratory_unweighted_not_clinical_reference
2021-2023,DPQ_L,DPQ030,male,40-49,5.397605346934028e-79,184,0.5974025974025974,exploratory_unweighted_not_clinical_reference
2021-2023,DPQ_L,DPQ030,male,40-49,1.0,86,0.2792207792207792,exploratory_unweighted_not_clinical_reference
2021-2023,DPQ_L,DPQ030,male,40-49,2.0,21,0.06818181818181818,exploratory_unweighted_not_clinical_reference
2021-2023,DPQ_L,DPQ030,male,40-49,3.0,17,0.05519480519480519,exploratory_unweighted_not_clinical_reference
2021-2023,DPQ_L,DPQ030,male,50-59,5.397605346934028e-79,201,0.5491803278688525,exploratory_unweighted_not_clinical_reference
2021-2023,DPQ_L,DPQ030,male,50-59,1.0,95,0.25956284153005466,exploratory_unweighted_not_clinical_reference
2021-2023,DPQ_L,DPQ030,male,50-59,3.0,38,0.10382513661202186,exploratory_unweighted_not_clinical_reference
2021-2023,DPQ_L,DPQ030,male,50-59,2.0,30,0.08196721311475409,exploratory_unweighted_not_clinical_reference
2021-2023,DPQ_L,DPQ030,male,50-59,9.0,2,0.00546448087431694,exploratory_unweighted_not_clinical_reference
2021-2023,DPQ_L,DPQ030,male,60-69,5.397605346934028e-79,357,0.601010101010101,exploratory_unweighted_not_clinical_reference
2021-2023,DPQ_L,DPQ030,male,60-69,1.0,145,0.2441077441077441,exploratory_unweighted_not_clinical_reference
2021-2023,DPQ_L,DPQ030,male,60-69,2.0,50,0.08417508417508418,exploratory_unweighted_not_clinical_reference
2021-2023,DPQ_L,DPQ030,male,60-69,3.0,41,0.06902356902356903,exploratory_unweighted_not_clinical_reference
2021-2023,DPQ_L,DPQ030,male,60-69,7.0,1,0.0016835016835016834,exploratory_unweighted_not_clinical_reference
2021-2023,DPQ_L,DPQ030,male,70-79,5.397605346934028e-79,251,0.6354430379746835,exploratory_unweighted_not_clinical_reference
2021-2023,DPQ_L,DPQ030,male,70-79,1.0,92,0.23291139240506328,exploratory_unweighted_not_clinical_reference
2021-2023,DPQ_L,DPQ030,male,70-79,3.0,32,0.0810126582278481,exploratory_unweighted_not_clinical_reference
2021-2023,DPQ_L,DPQ030,male,70-79,2.0,20,0.05063291139240506,exploratory_unweighted_not_clinical_reference
2021-2023,DPQ_L,DPQ030,male,80+,5.397605346934028e-79,73,0.5934959349593496,exploratory_unweighted_not_clinical_reference
2021-2023,DPQ_L,DPQ030,male,80+,1.0,36,0.2926829268292683,exploratory_unweighted_not_clinical_reference
2021-2023,DPQ_L,DPQ030,male,80+,2.0,10,0.08130081300813008,exploratory_unweighted_not_clinical_reference
2021-2023,DPQ_L,DPQ030,male,80+,3.0,3,0.024390243902439025,exploratory_unweighted_not_clinical_reference
2021-2023,DPQ_L,DPQ030,male,80+,9.0,1,0.008130081300813009,exploratory_unweighted_not_clinical_reference
2021-2023,DPQ_L,DPQ040,female,18-29,1.0,203,0.4666666666666667,exploratory_unweighted_not_clinical_reference
2021-2023,DPQ_L,DPQ040,female,18-29,5.397605346934028e-79,93,0.21379310344827587,exploratory_unweighted_not_clinical_reference
2021-2023,DPQ_L,DPQ040,female,18-29,2.0,86,0.19770114942528735,exploratory_unweighted_not_clinical_reference
2021-2023,DPQ_L,DPQ040,female,18-29,3.0,53,0.12183908045977011,exploratory_unweighted_not_clinical_reference
2021-2023,DPQ_L,DPQ040,female,30-39,1.0,201,0.47743467933491684,exploratory_unweighted_not_clinical_reference
2021-2023,DPQ_L,DPQ040,female,30-39,5.397605346934028e-79,119,0.2826603325415677,exploratory_unweighted_not_clinical_reference
2021-2023,DPQ_L,DPQ040,female,30-39,2.0,53,0.12589073634204276,exploratory_unweighted_not_clinical_reference
2021-2023,DPQ_L,DPQ040,female,30-39,3.0,48,0.11401425178147269,exploratory_unweighted_not_clinical_reference
2021-2023,DPQ_L,DPQ040,female,40-49,1.0,157,0.4266304347826087,exploratory_unweighted_not_clinical_reference
2021-2023,DPQ_L,DPQ040,female,40-49,5.397605346934028e-79,116,0.31521739130434784,exploratory_unweighted_not_clinical_reference
2021-2023,DPQ_L,DPQ040,female,40-49,3.0,50,0.1358695652173913,exploratory_unweighted_not_clinical_reference
2021-2023,DPQ_L,DPQ040,female,40-49,2.0,45,0.12228260869565218,exploratory_unweighted_not_clinical_reference
2021-2023,DPQ_L,DPQ040,female,50-59,1.0,178,0.39643652561247217,exploratory_unweighted_not_clinical_reference
2021-2023,DPQ_L,DPQ040,female,50-59,5.397605346934028e-79,175,0.3897550111358575,exploratory_unweighted_not_clinical_reference
2021-2023,DPQ_L,DPQ040,female,50-59,2.0,50,0.111358574610245,exploratory_unweighted_not_clinical_reference
2021-2023,DPQ_L,DPQ040,female,50-59,3.0,46,0.10244988864142539,exploratory_unweighted_not_clinical_reference
2021-2023,DPQ_L,DPQ040,female,60-69,5.397605346934028e-79,334,0.44533333333333336,exploratory_unweighted_not_clinical_reference
2021-2023,DPQ_L,DPQ040,female,60-69,1.0,273,0.364,exploratory_unweighted_not_clinical_reference
2021-2023,DPQ_L,DPQ040,female,60-69,3.0,73,0.09733333333333333,exploratory_unweighted_not_clinical_reference
2021-2023,DPQ_L,DPQ040,female,60-69,2.0,70,0.09333333333333334,exploratory_unweighted_not_clinical_reference
2021-2023,DPQ_L,DPQ040,female,70-79,5.397605346934028e-79,198,0.45308924485125857,exploratory_unweighted_not_clinical_reference
2021-2023,DPQ_L,DPQ040,female,70-79,1.0,161,0.3684210526315789,exploratory_unweighted_not_clinical_reference
2021-2023,DPQ_L,DPQ040,female,70-79,3.0,41,0.09382151029748284,exploratory_unweighted_not_clinical_reference
2021-2023,DPQ_L,DPQ040,female,70-79,2.0,37,0.08466819221967964,exploratory_unweighted_not_clinical_reference
2021-2023,DPQ_L,DPQ040,female,80+,5.397605346934028e-79,53,0.3897058823529412,exploratory_unweighted_not_clinical_reference
2021-2023,DPQ_L,DPQ040,female,80+,1.0,51,0.375,exploratory_unweighted_not_clinical_reference
2021-2023,DPQ_L,DPQ040,female,80+,3.0,16,0.11764705882352941,exploratory_unweighted_not_clinical_reference
2021-2023,DPQ_L,DPQ040,female,80+,2.0,15,0.11029411764705882,exploratory_unweighted_not_clinical_reference
2021-2023,DPQ_L,DPQ040,female,80+,7.0,1,0.007352941176470588,exploratory_unweighted_not_clinical_reference
2021-2023,DPQ_L,DPQ040,male,18-29,1.0,159,0.412987012987013,exploratory_unweighted_not_clinical_reference
2021-2023,DPQ_L,DPQ040,male,18-29,5.397605346934028e-79,156,0.4051948051948052,exploratory_unweighted_not_clinical_reference
2021-2023,DPQ_L,DPQ040,male,18-29,2.0,46,0.11948051948051948,exploratory_unweighted_not_clinical_reference
2021-2023,DPQ_L,DPQ040,male,18-29,3.0,24,0.06233766233766234,exploratory_unweighted_not_clinical_reference
2021-2023,DPQ_L,DPQ040,male,30-39,5.397605346934028e-79,151,0.4326647564469914,exploratory_unweighted_not_clinical_reference
2021-2023,DPQ_L,DPQ040,male,30-39,1.0,141,0.4040114613180516,exploratory_unweighted_not_clinical_reference
2021-2023,DPQ_L,DPQ040,male,30-39,2.0,43,0.12320916905444126,exploratory_unweighted_not_clinical_reference
2021-2023,DPQ_L,DPQ040,male,30-39,3.0,14,0.04011461318051576,exploratory_unweighted_not_clinical_reference
2021-2023,DPQ_L,DPQ040,male,40-49,5.397605346934028e-79,167,0.5422077922077922,exploratory_unweighted_not_clinical_reference
2021-2023,DPQ_L,DPQ040,male,40-49,1.0,109,0.3538961038961039,exploratory_unweighted_not_clinical_reference
2021-2023,DPQ_L,DPQ040,male,40-49,2.0,18,0.05844155844155844,exploratory_unweighted_not_clinical_reference
2021-2023,DPQ_L,DPQ040,male,40-49,3.0,14,0.045454545454545456,exploratory_unweighted_not_clinical_reference
2021-2023,DPQ_L,DPQ040,male,50-59,5.397605346934028e-79,181,0.4958904109589041,exploratory_unweighted_not_clinical_reference
2021-2023,DPQ_L,DPQ040,male,50-59,1.0,117,0.32054794520547947,exploratory_unweighted_not_clinical_reference
2021-2023,DPQ_L,DPQ040,male,50-59,2.0,39,0.10684931506849316,exploratory_unweighted_not_clinical_reference
2021-2023,DPQ_L,DPQ040,male,50-59,3.0,26,0.07123287671232877,exploratory_unweighted_not_clinical_reference
2021-2023,DPQ_L,DPQ040,male,50-59,7.0,1,0.0027397260273972603,exploratory_unweighted_not_clinical_reference
2021-2023,DPQ_L,DPQ040,male,50-59,9.0,1,0.0027397260273972603,exploratory_unweighted_not_clinical_reference
2021-2023,DPQ_L,DPQ040,male,60-69,5.397605346934028e-79,334,0.5622895622895623,exploratory_unweighted_not_clinical_reference
2021-2023,DPQ_L,DPQ040,male,60-69,1.0,193,0.32491582491582494,exploratory_unweighted_not_clinical_reference
2021-2023,DPQ_L,DPQ040,male,60-69,2.0,36,0.06060606060606061,exploratory_unweighted_not_clinical_reference
2021-2023,DPQ_L,DPQ040,male,60-69,3.0,29,0.04882154882154882,exploratory_unweighted_not_clinical_reference
2021-2023,DPQ_L,DPQ040,male,60-69,9.0,2,0.003367003367003367,exploratory_unweighted_not_clinical_reference
2021-2023,DPQ_L,DPQ040,male,70-79,5.397605346934028e-79,205,0.5189873417721519,exploratory_unweighted_not_clinical_reference
2021-2023,DPQ_L,DPQ040,male,70-79,1.0,132,0.3341772151898734,exploratory_unweighted_not_clinical_reference
2021-2023,DPQ_L,DPQ040,male,70-79,3.0,33,0.08354430379746836,exploratory_unweighted_not_clinical_reference
2021-2023,DPQ_L,DPQ040,male,70-79,2.0,23,0.05822784810126582,exploratory_unweighted_not_clinical_reference
2021-2023,DPQ_L,DPQ040,male,70-79,9.0,2,0.005063291139240506,exploratory_unweighted_not_clinical_reference
2021-2023,DPQ_L,DPQ040,male,80+,5.397605346934028e-79,66,0.5409836065573771,exploratory_unweighted_not_clinical_reference
2021-2023,DPQ_L,DPQ040,male,80+,1.0,38,0.3114754098360656,exploratory_unweighted_not_clinical_reference
2021-2023,DPQ_L,DPQ040,male,80+,2.0,10,0.08196721311475409,exploratory_unweighted_not_clinical_reference
2021-2023,DPQ_L,DPQ040,male,80+,3.0,7,0.05737704918032787,exploratory_unweighted_not_clinical_reference
2021-2023,DPQ_L,DPQ040,male,80+,7.0,1,0.00819672131147541,exploratory_unweighted_not_clinical_reference
2021-2023,DPQ_L,DPQ050,female,18-29,5.397605346934028e-79,217,0.49885057471264366,exploratory_unweighted_not_clinical_reference
2021-2023,DPQ_L,DPQ050,female,18-29,1.0,124,0.2850574712643678,exploratory_unweighted_not_clinical_reference
2021-2023,DPQ_L,DPQ050,female,18-29,2.0,51,0.11724137931034483,exploratory_unweighted_not_clinical_reference
2021-2023,DPQ_L,DPQ050,female,18-29,3.0,43,0.09885057471264368,exploratory_unweighted_not_clinical_reference
2021-2023,DPQ_L,DPQ050,female,30-39,5.397605346934028e-79,238,0.5653206650831354,exploratory_unweighted_not_clinical_reference
2021-2023,DPQ_L,DPQ050,female,30-39,1.0,113,0.2684085510688836,exploratory_unweighted_not_clinical_reference
2021-2023,DPQ_L,DPQ050,female,30-39,2.0,40,0.09501187648456057,exploratory_unweighted_not_clinical_reference
2021-2023,DPQ_L,DPQ050,female,30-39,3.0,30,0.07125890736342043,exploratory_unweighted_not_clinical_reference
2021-2023,DPQ_L,DPQ050,female,40-49,5.397605346934028e-79,221,0.6005434782608695,exploratory_unweighted_not_clinical_reference
2021-2023,DPQ_L,DPQ050,female,40-49,1.0,86,0.23369565217391305,exploratory_unweighted_not_clinical_reference
2021-2023,DPQ_L,DPQ050,female,40-49,2.0,34,0.09239130434782608,exploratory_unweighted_not_clinical_reference
2021-2023,DPQ_L,DPQ050,female,40-49,3.0,27,0.07336956521739131,exploratory_unweighted_not_clinical_reference
2021-2023,DPQ_L,DPQ050,female,50-59,5.397605346934028e-79,284,0.6325167037861915,exploratory_unweighted_not_clinical_reference
2021-2023,DPQ_L,DPQ050,female,50-59,1.0,110,0.24498886414253898,exploratory_unweighted_not_clinical_reference
2021-2023,DPQ_L,DPQ050,female,50-59,2.0,33,0.07349665924276169,exploratory_unweighted_not_clinical_reference
2021-2023,DPQ_L,DPQ050,female,50-59,3.0,22,0.04899777282850779,exploratory_unweighted_not_clinical_reference
2021-2023,DPQ_L,DPQ050,female,60-69,5.397605346934028e-79,486,0.6488651535380507,exploratory_unweighted_not_clinical_reference
2021-2023,DPQ_L,DPQ050,female,60-69,1.0,172,0.22963951935914553,exploratory_unweighted_not_clinical_reference
2021-2023,DPQ_L,DPQ050,female,60-69,3.0,46,0.06141522029372497,exploratory_unweighted_not_clinical_reference
2021-2023,DPQ_L,DPQ050,female,60-69,2.0,45,0.06008010680907877,exploratory_unweighted_not_clinical_reference
2021-2023,DPQ_L,DPQ050,female,70-79,5.397605346934028e-79,306,0.700228832951945,exploratory_unweighted_not_clinical_reference
2021-2023,DPQ_L,DPQ050,female,70-79,1.0,80,0.18306636155606407,exploratory_unweighted_not_clinical_reference
2021-2023,DPQ_L,DPQ050,female,70-79,2.0,29,0.06636155606407322,exploratory_unweighted_not_clinical_reference
2021-2023,DPQ_L,DPQ050,female,70-79,3.0,22,0.05034324942791762,exploratory_unweighted_not_clinical_reference
2021-2023,DPQ_L,DPQ050,female,80+,5.397605346934028e-79,94,0.6911764705882353,exploratory_unweighted_not_clinical_reference
2021-2023,DPQ_L,DPQ050,female,80+,1.0,27,0.19852941176470587,exploratory_unweighted_not_clinical_reference
2021-2023,DPQ_L,DPQ050,female,80+,2.0,10,0.07352941176470588,exploratory_unweighted_not_clinical_reference
2021-2023,DPQ_L,DPQ050,female,80+,3.0,4,0.029411764705882353,exploratory_unweighted_not_clinical_reference
2021-2023,DPQ_L,DPQ050,female,80+,9.0,1,0.007352941176470588,exploratory_unweighted_not_clinical_reference
2021-2023,DPQ_L,DPQ050,male,18-29,5.397605346934028e-79,240,0.6233766233766234,exploratory_unweighted_not_clinical_reference
2021-2023,DPQ_L,DPQ050,male,18-29,1.0,90,0.23376623376623376,exploratory_unweighted_not_clinical_reference
2021-2023,DPQ_L,DPQ050,male,18-29,2.0,35,0.09090909090909091,exploratory_unweighted_not_clinical_reference
2021-2023,DPQ_L,DPQ050,male,18-29,3.0,20,0.05194805194805195,exploratory_unweighted_not_clinical_reference
2021-2023,DPQ_L,DPQ050,male,30-39,5.397605346934028e-79,232,0.664756446991404,exploratory_unweighted_not_clinical_reference
2021-2023,DPQ_L,DPQ050,male,30-39,1.0,80,0.22922636103151864,exploratory_unweighted_not_clinical_reference
2021-2023,DPQ_L,DPQ050,male,30-39,2.0,22,0.06303724928366762,exploratory_unweighted_not_clinical_reference
2021-2023,DPQ_L,DPQ050,male,30-39,3.0,15,0.04297994269340974,exploratory_unweighted_not_clinical_reference
2021-2023,DPQ_L,DPQ050,male,40-49,5.397605346934028e-79,237,0.7694805194805194,exploratory_unweighted_not_clinical_reference
2021-2023,DPQ_L,DPQ050,male,40-49,1.0,50,0.16233766233766234,exploratory_unweighted_not_clinical_reference
2021-2023,DPQ_L,DPQ050,male,40-49,2.0,11,0.03571428571428571,exploratory_unweighted_not_clinical_reference
2021-2023,DPQ_L,DPQ050,male,40-49,3.0,10,0.032467532467532464,exploratory_unweighted_not_clinical_reference
2021-2023,DPQ_L,DPQ050,male,50-59,5.397605346934028e-79,278,0.7616438356164383,exploratory_unweighted_not_clinical_reference
2021-2023,DPQ_L,DPQ050,male,50-59,1.0,51,0.13972602739726028,exploratory_unweighted_not_clinical_reference
2021-2023,DPQ_L,DPQ050,male,50-59,2.0,19,0.052054794520547946,exploratory_unweighted_not_clinical_reference
2021-2023,DPQ_L,DPQ050,male,50-59,3.0,17,0.04657534246575343,exploratory_unweighted_not_clinical_reference
2021-2023,DPQ_L,DPQ050,male,60-69,5.397605346934028e-79,462,0.7777777777777778,exploratory_unweighted_not_clinical_reference
2021-2023,DPQ_L,DPQ050,male,60-69,1.0,90,0.15151515151515152,exploratory_unweighted_not_clinical_reference
2021-2023,DPQ_L,DPQ050,male,60-69,3.0,21,0.03535353535353535,exploratory_unweighted_not_clinical_reference
2021-2023,DPQ_L,DPQ050,male,60-69,2.0,20,0.03367003367003367,exploratory_unweighted_not_clinical_reference
2021-2023,DPQ_L,DPQ050,male,60-69,9.0,1,0.0016835016835016834,exploratory_unweighted_not_clinical_reference
2021-2023,DPQ_L,DPQ050,male,70-79,5.397605346934028e-79,321,0.8126582278481013,exploratory_unweighted_not_clinical_reference
2021-2023,DPQ_L,DPQ050,male,70-79,1.0,46,0.11645569620253164,exploratory_unweighted_not_clinical_reference
2021-2023,DPQ_L,DPQ050,male,70-79,2.0,17,0.043037974683544304,exploratory_unweighted_not_clinical_reference
2021-2023,DPQ_L,DPQ050,male,70-79,3.0,10,0.02531645569620253,exploratory_unweighted_not_clinical_reference
2021-2023,DPQ_L,DPQ050,male,70-79,9.0,1,0.002531645569620253,exploratory_unweighted_not_clinical_reference
2021-2023,DPQ_L,DPQ050,male,80+,5.397605346934028e-79,94,0.7704918032786885,exploratory_unweighted_not_clinical_reference
2021-2023,DPQ_L,DPQ050,male,80+,1.0,19,0.1557377049180328,exploratory_unweighted_not_clinical_reference
2021-2023,DPQ_L,DPQ050,male,80+,2.0,5,0.040983606557377046,exploratory_unweighted_not_clinical_reference
2021-2023,DPQ_L,DPQ050,male,80+,3.0,4,0.03278688524590164,exploratory_unweighted_not_clinical_reference
2021-2023,DPQ_L,DPQ060,female,18-29,5.397605346934028e-79,225,0.5184331797235023,exploratory_unweighted_not_clinical_reference
2021-2023,DPQ_L,DPQ060,female,18-29,1.0,132,0.30414746543778803,exploratory_unweighted_not_clinical_reference
2021-2023,DPQ_L,DPQ060,female,18-29,2.0,51,0.1175115207373272,exploratory_unweighted_not_clinical_reference
2021-2023,DPQ_L,DPQ060,female,18-29,3.0,26,0.059907834101382486,exploratory_unweighted_not_clinical_reference
2021-2023,DPQ_L,DPQ060,female,30-39,5.397605346934028e-79,239,0.5676959619952494,exploratory_unweighted_not_clinical_reference
2021-2023,DPQ_L,DPQ060,female,30-39,1.0,135,0.32066508313539194,exploratory_unweighted_not_clinical_reference
2021-2023,DPQ_L,DPQ060,female,30-39,2.0,27,0.06413301662707839,exploratory_unweighted_not_clinical_reference
2021-2023,DPQ_L,DPQ060,female,30-39,3.0,20,0.047505938242280284,exploratory_unweighted_not_clinical_reference
2021-2023,DPQ_L,DPQ060,female,40-49,5.397605346934028e-79,243,0.6603260869565217,exploratory_unweighted_not_clinical_reference
2021-2023,DPQ_L,DPQ060,female,40-49,1.0,89,0.2418478260869565,exploratory_unweighted_not_clinical_reference
2021-2023,DPQ_L,DPQ060,female,40-49,3.0,18,0.04891304347826087,exploratory_unweighted_not_clinical_reference
2021-2023,DPQ_L,DPQ060,female,40-49,2.0,18,0.04891304347826087,exploratory_unweighted_not_clinical_reference
2021-2023,DPQ_L,DPQ060,female,50-59,5.397605346934028e-79,333,0.7416481069042317,exploratory_unweighted_not_clinical_reference
2021-2023,DPQ_L,DPQ060,female,50-59,1.0,75,0.16703786191536749,exploratory_unweighted_not_clinical_reference
2021-2023,DPQ_L,DPQ060,female,50-59,2.0,23,0.051224944320712694,exploratory_unweighted_not_clinical_reference
2021-2023,DPQ_L,DPQ060,female,50-59,3.0,18,0.0400890868596882,exploratory_unweighted_not_clinical_reference
2021-2023,DPQ_L,DPQ060,female,60-69,5.397605346934028e-79,573,0.7650200267022697,exploratory_unweighted_not_clinical_reference
2021-2023,DPQ_L,DPQ060,female,60-69,1.0,122,0.1628838451268358,exploratory_unweighted_not_clinical_reference
2021-2023,DPQ_L,DPQ060,female,60-69,2.0,35,0.04672897196261682,exploratory_unweighted_not_clinical_reference
2021-2023,DPQ_L,DPQ060,female,60-69,3.0,19,0.025367156208277702,exploratory_unweighted_not_clinical_reference
2021-2023,DPQ_L,DPQ060,female,70-79,5.397605346934028e-79,354,0.8100686498855835,exploratory_unweighted_not_clinical_reference
2021-2023,DPQ_L,DPQ060,female,70-79,1.0,61,0.13958810068649885,exploratory_unweighted_not_clinical_reference
2021-2023,DPQ_L,DPQ060,female,70-79,3.0,13,0.029748283752860413,exploratory_unweighted_not_clinical_reference
2021-2023,DPQ_L,DPQ060,female,70-79,2.0,9,0.020594965675057208,exploratory_unweighted_not_clinical_reference
2021-2023,DPQ_L,DPQ060,female,80+,5.397605346934028e-79,116,0.8529411764705882,exploratory_unweighted_not_clinical_reference
2021-2023,DPQ_L,DPQ060,female,80+,1.0,16,0.11764705882352941,exploratory_unweighted_not_clinical_reference
2021-2023,DPQ_L,DPQ060,female,80+,2.0,2,0.014705882352941176,exploratory_unweighted_not_clinical_reference
2021-2023,DPQ_L,DPQ060,female,80+,3.0,1,0.007352941176470588,exploratory_unweighted_not_clinical_reference
2021-2023,DPQ_L,DPQ060,female,80+,7.0,1,0.007352941176470588,exploratory_unweighted_not_clinical_reference
2021-2023,DPQ_L,DPQ060,male,18-29,5.397605346934028e-79,227,0.5896103896103896,exploratory_unweighted_not_clinical_reference
2021-2023,DPQ_L,DPQ060,male,18-29,1.0,98,0.2545454545454545,exploratory_unweighted_not_clinical_reference
2021-2023,DPQ_L,DPQ060,male,18-29,3.0,31,0.08051948051948052,exploratory_unweighted_not_clinical_reference
2021-2023,DPQ_L,DPQ060,male,18-29,2.0,29,0.07532467532467532,exploratory_unweighted_not_clinical_reference
2021-2023,DPQ_L,DPQ060,male,30-39,5.397605346934028e-79,233,0.667621776504298,exploratory_unweighted_not_clinical_reference
2021-2023,DPQ_L,DPQ060,male,30-39,1.0,75,0.2148997134670487,exploratory_unweighted_not_clinical_reference
2021-2023,DPQ_L,DPQ060,male,30-39,3.0,22,0.06303724928366762,exploratory_unweighted_not_clinical_reference
2021-2023,DPQ_L,DPQ060,male,30-39,2.0,19,0.054441260744985676,exploratory_unweighted_not_clinical_reference
2021-2023,DPQ_L,DPQ060,male,40-49,5.397605346934028e-79,223,0.724025974025974,exploratory_unweighted_not_clinical_reference
2021-2023,DPQ_L,DPQ060,male,40-49,1.0,60,0.19480519480519481,exploratory_unweighted_not_clinical_reference
2021-2023,DPQ_L,DPQ060,male,40-49,3.0,13,0.04220779220779221,exploratory_unweighted_not_clinical_reference
2021-2023,DPQ_L,DPQ060,male,40-49,2.0,12,0.03896103896103896,exploratory_unweighted_not_clinical_reference
2021-2023,DPQ_L,DPQ060,male,50-59,5.397605346934028e-79,278,0.7616438356164383,exploratory_unweighted_not_clinical_reference
2021-2023,DPQ_L,DPQ060,male,50-59,1.0,56,0.15342465753424658,exploratory_unweighted_not_clinical_reference
2021-2023,DPQ_L,DPQ060,male,50-59,2.0,17,0.04657534246575343,exploratory_unweighted_not_clinical_reference
2021-2023,DPQ_L,DPQ060,male,50-59,3.0,14,0.038356164383561646,exploratory_unweighted_not_clinical_reference
2021-2023,DPQ_L,DPQ060,male,60-69,5.397605346934028e-79,492,0.8282828282828283,exploratory_unweighted_not_clinical_reference
2021-2023,DPQ_L,DPQ060,male,60-69,1.0,77,0.12962962962962962,exploratory_unweighted_not_clinical_reference
2021-2023,DPQ_L,DPQ060,male,60-69,2.0,14,0.02356902356902357,exploratory_unweighted_not_clinical_reference
2021-2023,DPQ_L,DPQ060,male,60-69,3.0,10,0.016835016835016835,exploratory_unweighted_not_clinical_reference
2021-2023,DPQ_L,DPQ060,male,60-69,9.0,1,0.0016835016835016834,exploratory_unweighted_not_clinical_reference
2021-2023,DPQ_L,DPQ060,male,70-79,5.397605346934028e-79,331,0.8422391857506362,exploratory_unweighted_not_clinical_reference
2021-2023,DPQ_L,DPQ060,male,70-79,1.0,47,0.11959287531806616,exploratory_unweighted_not_clinical_reference
2021-2023,DPQ_L,DPQ060,male,70-79,2.0,8,0.020356234096692113,exploratory_unweighted_not_clinical_reference
2021-2023,DPQ_L,DPQ060,male,70-79,3.0,5,0.01272264631043257,exploratory_unweighted_not_clinical_reference
2021-2023,DPQ_L,DPQ060,male,70-79,9.0,1,0.002544529262086514,exploratory_unweighted_not_clinical_reference
2021-2023,DPQ_L,DPQ060,male,70-79,7.0,1,0.002544529262086514,exploratory_unweighted_not_clinical_reference
2021-2023,DPQ_L,DPQ060,male,80+,5.397605346934028e-79,104,0.8524590163934426,exploratory_unweighted_not_clinical_reference
2021-2023,DPQ_L,DPQ060,male,80+,1.0,11,0.09016393442622951,exploratory_unweighted_not_clinical_reference
2021-2023,DPQ_L,DPQ060,male,80+,2.0,4,0.03278688524590164,exploratory_unweighted_not_clinical_reference
2021-2023,DPQ_L,DPQ060,male,80+,3.0,2,0.01639344262295082,exploratory_unweighted_not_clinical_reference
2021-2023,DPQ_L,DPQ060,male,80+,7.0,1,0.00819672131147541,exploratory_unweighted_not_clinical_reference
2021-2023,DPQ_L,DPQ070,female,18-29,5.397605346934028e-79,230,0.5299539170506913,exploratory_unweighted_not_clinical_reference
2021-2023,DPQ_L,DPQ070,female,18-29,1.0,136,0.31336405529953915,exploratory_unweighted_not_clinical_reference
2021-2023,DPQ_L,DPQ070,female,18-29,2.0,45,0.10368663594470046,exploratory_unweighted_not_clinical_reference
2021-2023,DPQ_L,DPQ070,female,18-29,3.0,23,0.052995391705069124,exploratory_unweighted_not_clinical_reference
2021-2023,DPQ_L,DPQ070,female,30-39,5.397605346934028e-79,271,0.6437054631828979,exploratory_unweighted_not_clinical_reference
2021-2023,DPQ_L,DPQ070,female,30-39,1.0,91,0.2161520190023753,exploratory_unweighted_not_clinical_reference
2021-2023,DPQ_L,DPQ070,female,30-39,2.0,32,0.07600950118764846,exploratory_unweighted_not_clinical_reference
2021-2023,DPQ_L,DPQ070,female,30-39,3.0,27,0.06413301662707839,exploratory_unweighted_not_clinical_reference
2021-2023,DPQ_L,DPQ070,female,40-49,5.397605346934028e-79,243,0.6603260869565217,exploratory_unweighted_not_clinical_reference
2021-2023,DPQ_L,DPQ070,female,40-49,1.0,91,0.24728260869565216,exploratory_unweighted_not_clinical_reference
2021-2023,DPQ_L,DPQ070,female,40-49,2.0,19,0.051630434782608696,exploratory_unweighted_not_clinical_reference
2021-2023,DPQ_L,DPQ070,female,40-49,3.0,15,0.04076086956521739,exploratory_unweighted_not_clinical_reference
2021-2023,DPQ_L,DPQ070,female,50-59,5.397605346934028e-79,315,0.7015590200445434,exploratory_unweighted_not_clinical_reference
2021-2023,DPQ_L,DPQ070,female,50-59,1.0,93,0.2071269487750557,exploratory_unweighted_not_clinical_reference
2021-2023,DPQ_L,DPQ070,female,50-59,2.0,23,0.051224944320712694,exploratory_unweighted_not_clinical_reference
2021-2023,DPQ_L,DPQ070,female,50-59,3.0,17,0.0378619153674833,exploratory_unweighted_not_clinical_reference
2021-2023,DPQ_L,DPQ070,female,50-59,9.0,1,0.0022271714922048997,exploratory_unweighted_not_clinical_reference
2021-2023,DPQ_L,DPQ070,female,60-69,5.397605346934028e-79,581,0.7757009345794392,exploratory_unweighted_not_clinical_reference
2021-2023,DPQ_L,DPQ070,female,60-69,1.0,114,0.15220293724966621,exploratory_unweighted_not_clinical_reference
2021-2023,DPQ_L,DPQ070,female,60-69,3.0,28,0.037383177570093455,exploratory_unweighted_not_clinical_reference
2021-2023,DPQ_L,DPQ070,female,60-69,2.0,25,0.03337783711615487,exploratory_unweighted_not_clinical_reference
2021-2023,DPQ_L,DPQ070,female,60-69,7.0,1,0.0013351134846461949,exploratory_unweighted_not_clinical_reference
2021-2023,DPQ_L,DPQ070,female,70-79,5.397605346934028e-79,354,0.8100686498855835,exploratory_unweighted_not_clinical_reference
2021-2023,DPQ_L,DPQ070,female,70-79,1.0,66,0.15102974828375287,exploratory_unweighted_not_clinical_reference
2021-2023,DPQ_L,DPQ070,female,70-79,2.0,9,0.020594965675057208,exploratory_unweighted_not_clinical_reference
2021-2023,DPQ_L,DPQ070,female,70-79,3.0,8,0.018306636155606407,exploratory_unweighted_not_clinical_reference
2021-2023,DPQ_L,DPQ070,female,80+,5.397605346934028e-79,108,0.7941176470588235,exploratory_unweighted_not_clinical_reference
2021-2023,DPQ_L,DPQ070,female,80+,1.0,20,0.14705882352941177,exploratory_unweighted_not_clinical_reference
2021-2023,DPQ_L,DPQ070,female,80+,3.0,4,0.029411764705882353,exploratory_unweighted_not_clinical_reference
2021-2023,DPQ_L,DPQ070,female,80+,2.0,4,0.029411764705882353,exploratory_unweighted_not_clinical_reference
2021-2023,DPQ_L,DPQ070,male,18-29,5.397605346934028e-79,259,0.6727272727272727,exploratory_unweighted_not_clinical_reference
2021-2023,DPQ_L,DPQ070,male,18-29,1.0,67,0.17402597402597403,exploratory_unweighted_not_clinical_reference
2021-2023,DPQ_L,DPQ070,male,18-29,2.0,34,0.08831168831168831,exploratory_unweighted_not_clinical_reference
2021-2023,DPQ_L,DPQ070,male,18-29,3.0,25,0.06493506493506493,exploratory_unweighted_not_clinical_reference
2021-2023,DPQ_L,DPQ070,male,30-39,5.397605346934028e-79,244,0.7031700288184438,exploratory_unweighted_not_clinical_reference
2021-2023,DPQ_L,DPQ070,male,30-39,1.0,75,0.21613832853025935,exploratory_unweighted_not_clinical_reference
2021-2023,DPQ_L,DPQ070,male,30-39,2.0,19,0.05475504322766571,exploratory_unweighted_not_clinical_reference
2021-2023,DPQ_L,DPQ070,male,30-39,3.0,9,0.025936599423631124,exploratory_unweighted_not_clinical_reference
2021-2023,DPQ_L,DPQ070,male,40-49,5.397605346934028e-79,240,0.7792207792207793,exploratory_unweighted_not_clinical_reference
2021-2023,DPQ_L,DPQ070,male,40-49,1.0,46,0.14935064935064934,exploratory_unweighted_not_clinical_reference
2021-2023,DPQ_L,DPQ070,male,40-49,2.0,14,0.045454545454545456,exploratory_unweighted_not_clinical_reference
2021-2023,DPQ_L,DPQ070,male,40-49,3.0,8,0.025974025974025976,exploratory_unweighted_not_clinical_reference
2021-2023,DPQ_L,DPQ070,male,50-59,5.397605346934028e-79,273,0.7479452054794521,exploratory_unweighted_not_clinical_reference
2021-2023,DPQ_L,DPQ070,male,50-59,1.0,60,0.1643835616438356,exploratory_unweighted_not_clinical_reference
2021-2023,DPQ_L,DPQ070,male,50-59,2.0,19,0.052054794520547946,exploratory_unweighted_not_clinical_reference
2021-2023,DPQ_L,DPQ070,male,50-59,3.0,13,0.03561643835616438,exploratory_unweighted_not_clinical_reference
2021-2023,DPQ_L,DPQ070,male,60-69,5.397605346934028e-79,499,0.8400673400673401,exploratory_unweighted_not_clinical_reference
2021-2023,DPQ_L,DPQ070,male,60-69,1.0,64,0.10774410774410774,exploratory_unweighted_not_clinical_reference
2021-2023,DPQ_L,DPQ070,male,60-69,2.0,17,0.02861952861952862,exploratory_unweighted_not_clinical_reference
2021-2023,DPQ_L,DPQ070,male,60-69,3.0,14,0.02356902356902357,exploratory_unweighted_not_clinical_reference
2021-2023,DPQ_L,DPQ070,male,70-79,5.397605346934028e-79,320,0.8142493638676844,exploratory_unweighted_not_clinical_reference
2021-2023,DPQ_L,DPQ070,male,70-79,1.0,54,0.13740458015267176,exploratory_unweighted_not_clinical_reference
2021-2023,DPQ_L,DPQ070,male,70-79,2.0,10,0.02544529262086514,exploratory_unweighted_not_clinical_reference
2021-2023,DPQ_L,DPQ070,male,70-79,3.0,9,0.022900763358778626,exploratory_unweighted_not_clinical_reference
2021-2023,DPQ_L,DPQ070,male,80+,5.397605346934028e-79,99,0.8114754098360656,exploratory_unweighted_not_clinical_reference
2021-2023,DPQ_L,DPQ070,male,80+,1.0,12,0.09836065573770492,exploratory_unweighted_not_clinical_reference
2021-2023,DPQ_L,DPQ070,male,80+,2.0,7,0.05737704918032787,exploratory_unweighted_not_clinical_reference
2021-2023,DPQ_L,DPQ070,male,80+,3.0,3,0.02459016393442623,exploratory_unweighted_not_clinical_reference
2021-2023,DPQ_L,DPQ070,male,80+,7.0,1,0.00819672131147541,exploratory_unweighted_not_clinical_reference
2021-2023,DPQ_L,DPQ080,female,18-29,5.397605346934028e-79,326,0.7511520737327189,exploratory_unweighted_not_clinical_reference
2021-2023,DPQ_L,DPQ080,female,18-29,1.0,81,0.18663594470046083,exploratory_unweighted_not_clinical_reference
2021-2023,DPQ_L,DPQ080,female,18-29,2.0,19,0.04377880184331797,exploratory_unweighted_not_clinical_reference
2021-2023,DPQ_L,DPQ080,female,18-29,3.0,8,0.018433179723502304,exploratory_unweighted_not_clinical_reference
2021-2023,DPQ_L,DPQ080,female,30-39,5.397605346934028e-79,355,0.8432304038004751,exploratory_unweighted_not_clinical_reference
2021-2023,DPQ_L,DPQ080,female,30-39,1.0,49,0.1163895486935867,exploratory_unweighted_not_clinical_reference
2021-2023,DPQ_L,DPQ080,female,30-39,2.0,13,0.030878859857482184,exploratory_unweighted_not_clinical_reference
2021-2023,DPQ_L,DPQ080,female,30-39,3.0,4,0.009501187648456057,exploratory_unweighted_not_clinical_reference
2021-2023,DPQ_L,DPQ080,female,40-49,5.397605346934028e-79,309,0.8396739130434783,exploratory_unweighted_not_clinical_reference
2021-2023,DPQ_L,DPQ080,female,40-49,1.0,38,0.10326086956521739,exploratory_unweighted_not_clinical_reference
2021-2023,DPQ_L,DPQ080,female,40-49,2.0,14,0.03804347826086957,exploratory_unweighted_not_clinical_reference
2021-2023,DPQ_L,DPQ080,female,40-49,3.0,7,0.019021739130434784,exploratory_unweighted_not_clinical_reference
2021-2023,DPQ_L,DPQ080,female,50-59,5.397605346934028e-79,396,0.8819599109131403,exploratory_unweighted_not_clinical_reference
2021-2023,DPQ_L,DPQ080,female,50-59,1.0,37,0.08240534521158129,exploratory_unweighted_not_clinical_reference
2021-2023,DPQ_L,DPQ080,female,50-59,2.0,9,0.0200445434298441,exploratory_unweighted_not_clinical_reference
2021-2023,DPQ_L,DPQ080,female,50-59,3.0,5,0.011135857461024499,exploratory_unweighted_not_clinical_reference
2021-2023,DPQ_L,DPQ080,female,50-59,9.0,2,0.004454342984409799,exploratory_unweighted_not_clinical_reference
2021-2023,DPQ_L,DPQ080,female,60-69,5.397605346934028e-79,651,0.8691588785046729,exploratory_unweighted_not_clinical_reference
2021-2023,DPQ_L,DPQ080,female,60-69,1.0,66,0.08811748998664887,exploratory_unweighted_not_clinical_reference
2021-2023,DPQ_L,DPQ080,female,60-69,2.0,14,0.018691588785046728,exploratory_unweighted_not_clinical_reference
2021-2023,DPQ_L,DPQ080,female,60-69,3.0,14,0.018691588785046728,exploratory_unweighted_not_clinical_reference
2021-2023,DPQ_L,DPQ080,female,60-69,9.0,2,0.0026702269692923898,exploratory_unweighted_not_clinical_reference
2021-2023,DPQ_L,DPQ080,female,60-69,7.0,2,0.0026702269692923898,exploratory_unweighted_not_clinical_reference
2021-2023,DPQ_L,DPQ080,female,70-79,5.397605346934028e-79,392,0.897025171624714,exploratory_unweighted_not_clinical_reference
2021-2023,DPQ_L,DPQ080,female,70-79,1.0,25,0.057208237986270026,exploratory_unweighted_not_clinical_reference
2021-2023,DPQ_L,DPQ080,female,70-79,3.0,10,0.02288329519450801,exploratory_unweighted_not_clinical_reference
2021-2023,DPQ_L,DPQ080,female,70-79,2.0,9,0.020594965675057208,exploratory_unweighted_not_clinical_reference
2021-2023,DPQ_L,DPQ080,female,70-79,9.0,1,0.002288329519450801,exploratory_unweighted_not_clinical_reference
2021-2023,DPQ_L,DPQ080,female,80+,5.397605346934028e-79,117,0.8602941176470589,exploratory_unweighted_not_clinical_reference
2021-2023,DPQ_L,DPQ080,female,80+,1.0,14,0.10294117647058823,exploratory_unweighted_not_clinical_reference
2021-2023,DPQ_L,DPQ080,female,80+,3.0,2,0.014705882352941176,exploratory_unweighted_not_clinical_reference
2021-2023,DPQ_L,DPQ080,female,80+,2.0,2,0.014705882352941176,exploratory_unweighted_not_clinical_reference
2021-2023,DPQ_L,DPQ080,female,80+,7.0,1,0.007352941176470588,exploratory_unweighted_not_clinical_reference
2021-2023,DPQ_L,DPQ080,male,18-29,5.397605346934028e-79,309,0.8025974025974026,exploratory_unweighted_not_clinical_reference
2021-2023,DPQ_L,DPQ080,male,18-29,1.0,45,0.11688311688311688,exploratory_unweighted_not_clinical_reference
2021-2023,DPQ_L,DPQ080,male,18-29,3.0,18,0.046753246753246755,exploratory_unweighted_not_clinical_reference
2021-2023,DPQ_L,DPQ080,male,18-29,2.0,13,0.033766233766233764,exploratory_unweighted_not_clinical_reference
2021-2023,DPQ_L,DPQ080,male,30-39,5.397605346934028e-79,296,0.8530259365994236,exploratory_unweighted_not_clinical_reference
2021-2023,DPQ_L,DPQ080,male,30-39,1.0,36,0.1037463976945245,exploratory_unweighted_not_clinical_reference
2021-2023,DPQ_L,DPQ080,male,30-39,2.0,9,0.025936599423631124,exploratory_unweighted_not_clinical_reference
2021-2023,DPQ_L,DPQ080,male,30-39,3.0,4,0.011527377521613832,exploratory_unweighted_not_clinical_reference
2021-2023,DPQ_L,DPQ080,male,30-39,7.0,1,0.002881844380403458,exploratory_unweighted_not_clinical_reference
2021-2023,DPQ_L,DPQ080,male,30-39,9.0,1,0.002881844380403458,exploratory_unweighted_not_clinical_reference
2021-2023,DPQ_L,DPQ080,male,40-49,5.397605346934028e-79,280,0.9090909090909091,exploratory_unweighted_not_clinical_reference
2021-2023,DPQ_L,DPQ080,male,40-49,1.0,18,0.05844155844155844,exploratory_unweighted_not_clinical_reference
2021-2023,DPQ_L,DPQ080,male,40-49,3.0,7,0.022727272727272728,exploratory_unweighted_not_clinical_reference
2021-2023,DPQ_L,DPQ080,male,40-49,2.0,3,0.00974025974025974,exploratory_unweighted_not_clinical_reference
2021-2023,DPQ_L,DPQ080,male,50-59,5.397605346934028e-79,320,0.8767123287671232,exploratory_unweighted_not_clinical_reference
2021-2023,DPQ_L,DPQ080,male,50-59,1.0,33,0.09041095890410959,exploratory_unweighted_not_clinical_reference
2021-2023,DPQ_L,DPQ080,male,50-59,2.0,6,0.01643835616438356,exploratory_unweighted_not_clinical_reference
2021-2023,DPQ_L,DPQ080,male,50-59,3.0,6,0.01643835616438356,exploratory_unweighted_not_clinical_reference
2021-2023,DPQ_L,DPQ080,male,60-69,5.397605346934028e-79,537,0.9040404040404041,exploratory_unweighted_not_clinical_reference
2021-2023,DPQ_L,DPQ080,male,60-69,1.0,40,0.06734006734006734,exploratory_unweighted_not_clinical_reference
2021-2023,DPQ_L,DPQ080,male,60-69,3.0,9,0.015151515151515152,exploratory_unweighted_not_clinical_reference
2021-2023,DPQ_L,DPQ080,male,60-69,2.0,7,0.011784511784511785,exploratory_unweighted_not_clinical_reference
2021-2023,DPQ_L,DPQ080,male,60-69,9.0,1,0.0016835016835016834,exploratory_unweighted_not_clinical_reference
2021-2023,DPQ_L,DPQ080,male,70-79,5.397605346934028e-79,356,0.905852417302799,exploratory_unweighted_not_clinical_reference
2021-2023,DPQ_L,DPQ080,male,70-79,1.0,23,0.058524173027989825,exploratory_unweighted_not_clinical_reference
2021-2023,DPQ_L,DPQ080,male,70-79,2.0,7,0.017811704834605598,exploratory_unweighted_not_clinical_reference
2021-2023,DPQ_L,DPQ080,male,70-79,3.0,7,0.017811704834605598,exploratory_unweighted_not_clinical_reference
2021-2023,DPQ_L,DPQ080,male,80+,5.397605346934028e-79,104,0.8524590163934426,exploratory_unweighted_not_clinical_reference
2021-2023,DPQ_L,DPQ080,male,80+,3.0,7,0.05737704918032787,exploratory_unweighted_not_clinical_reference
2021-2023,DPQ_L,DPQ080,male,80+,1.0,6,0.04918032786885246,exploratory_unweighted_not_clinical_reference
2021-2023,DPQ_L,DPQ080,male,80+,2.0,4,0.03278688524590164,exploratory_unweighted_not_clinical_reference
2021-2023,DPQ_L,DPQ080,male,80+,9.0,1,0.00819672131147541,exploratory_unweighted_not_clinical_reference
2021-2023,DPQ_L,DPQ090,female,18-29,5.397605346934028e-79,378,0.8709677419354839,exploratory_unweighted_not_clinical_reference
2021-2023,DPQ_L,DPQ090,female,18-29,1.0,42,0.0967741935483871,exploratory_unweighted_not_clinical_reference
2021-2023,DPQ_L,DPQ090,female,18-29,2.0,11,0.02534562211981567,exploratory_unweighted_not_clinical_reference
2021-2023,DPQ_L,DPQ090,female,18-29,3.0,3,0.0069124423963133645,exploratory_unweighted_not_clinical_reference
2021-2023,DPQ_L,DPQ090,female,30-39,5.397605346934028e-79,400,0.9501187648456056,exploratory_unweighted_not_clinical_reference
2021-2023,DPQ_L,DPQ090,female,30-39,1.0,14,0.0332541567695962,exploratory_unweighted_not_clinical_reference
2021-2023,DPQ_L,DPQ090,female,30-39,2.0,6,0.014251781472684086,exploratory_unweighted_not_clinical_reference
2021-2023,DPQ_L,DPQ090,female,30-39,3.0,1,0.0023752969121140144,exploratory_unweighted_not_clinical_reference
2021-2023,DPQ_L,DPQ090,female,40-49,5.397605346934028e-79,351,0.9538043478260869,exploratory_unweighted_not_clinical_reference
2021-2023,DPQ_L,DPQ090,female,40-49,1.0,14,0.03804347826086957,exploratory_unweighted_not_clinical_reference
2021-2023,DPQ_L,DPQ090,female,40-49,2.0,2,0.005434782608695652,exploratory_unweighted_not_clinical_reference
2021-2023,DPQ_L,DPQ090,female,40-49,3.0,1,0.002717391304347826,exploratory_unweighted_not_clinical_reference
2021-2023,DPQ_L,DPQ090,female,50-59,5.397605346934028e-79,428,0.9532293986636972,exploratory_unweighted_not_clinical_reference
2021-2023,DPQ_L,DPQ090,female,50-59,1.0,16,0.035634743875278395,exploratory_unweighted_not_clinical_reference
2021-2023,DPQ_L,DPQ090,female,50-59,2.0,3,0.0066815144766146995,exploratory_unweighted_not_clinical_reference
2021-2023,DPQ_L,DPQ090,female,50-59,3.0,2,0.004454342984409799,exploratory_unweighted_not_clinical_reference
2021-2023,DPQ_L,DPQ090,female,60-69,5.397605346934028e-79,724,0.9666221628838452,exploratory_unweighted_not_clinical_reference
2021-2023,DPQ_L,DPQ090,female,60-69,1.0,17,0.022696929238985315,exploratory_unweighted_not_clinical_reference
2021-2023,DPQ_L,DPQ090,female,60-69,2.0,5,0.006675567423230975,exploratory_unweighted_not_clinical_reference
2021-2023,DPQ_L,DPQ090,female,60-69,9.0,2,0.0026702269692923898,exploratory_unweighted_not_clinical_reference
2021-2023,DPQ_L,DPQ090,female,60-69,3.0,1,0.0013351134846461949,exploratory_unweighted_not_clinical_reference
2021-2023,DPQ_L,DPQ090,female,70-79,5.397605346934028e-79,420,0.9610983981693364,exploratory_unweighted_not_clinical_reference
2021-2023,DPQ_L,DPQ090,female,70-79,1.0,9,0.020594965675057208,exploratory_unweighted_not_clinical_reference
2021-2023,DPQ_L,DPQ090,female,70-79,2.0,5,0.011441647597254004,exploratory_unweighted_not_clinical_reference
2021-2023,DPQ_L,DPQ090,female,70-79,9.0,2,0.004576659038901602,exploratory_unweighted_not_clinical_reference
2021-2023,DPQ_L,DPQ090,female,70-79,3.0,1,0.002288329519450801,exploratory_unweighted_not_clinical_reference
2021-2023,DPQ_L,DPQ090,female,80+,5.397605346934028e-79,132,0.9705882352941176,exploratory_unweighted_not_clinical_reference
2021-2023,DPQ_L,DPQ090,female,80+,1.0,3,0.022058823529411766,exploratory_unweighted_not_clinical_reference
2021-2023,DPQ_L,DPQ090,female,80+,2.0,1,0.007352941176470588,exploratory_unweighted_not_clinical_reference
2021-2023,DPQ_L,DPQ090,male,18-29,5.397605346934028e-79,339,0.8805194805194805,exploratory_unweighted_not_clinical_reference
2021-2023,DPQ_L,DPQ090,male,18-29,1.0,35,0.09090909090909091,exploratory_unweighted_not_clinical_reference
2021-2023,DPQ_L,DPQ090,male,18-29,3.0,6,0.015584415584415584,exploratory_unweighted_not_clinical_reference
2021-2023,DPQ_L,DPQ090,male,18-29,2.0,5,0.012987012987012988,exploratory_unweighted_not_clinical_reference
2021-2023,DPQ_L,DPQ090,male,30-39,5.397605346934028e-79,326,0.9394812680115274,exploratory_unweighted_not_clinical_reference
2021-2023,DPQ_L,DPQ090,male,30-39,1.0,13,0.037463976945244955,exploratory_unweighted_not_clinical_reference
2021-2023,DPQ_L,DPQ090,male,30-39,2.0,4,0.011527377521613832,exploratory_unweighted_not_clinical_reference
2021-2023,DPQ_L,DPQ090,male,30-39,3.0,4,0.011527377521613832,exploratory_unweighted_not_clinical_reference
2021-2023,DPQ_L,DPQ090,male,40-49,5.397605346934028e-79,295,0.9609120521172638,exploratory_unweighted_not_clinical_reference
2021-2023,DPQ_L,DPQ090,male,40-49,1.0,6,0.019543973941368076,exploratory_unweighted_not_clinical_reference
2021-2023,DPQ_L,DPQ090,male,40-49,2.0,4,0.013029315960912053,exploratory_unweighted_not_clinical_reference
2021-2023,DPQ_L,DPQ090,male,40-49,3.0,2,0.006514657980456026,exploratory_unweighted_not_clinical_reference
2021-2023,DPQ_L,DPQ090,male,50-59,5.397605346934028e-79,345,0.9452054794520548,exploratory_unweighted_not_clinical_reference
2021-2023,DPQ_L,DPQ090,male,50-59,1.0,13,0.03561643835616438,exploratory_unweighted_not_clinical_reference
2021-2023,DPQ_L,DPQ090,male,50-59,3.0,4,0.010958904109589041,exploratory_unweighted_not_clinical_reference
2021-2023,DPQ_L,DPQ090,male,50-59,2.0,3,0.00821917808219178,exploratory_unweighted_not_clinical_reference
2021-2023,DPQ_L,DPQ090,male,60-69,5.397605346934028e-79,576,0.9696969696969697,exploratory_unweighted_not_clinical_reference
2021-2023,DPQ_L,DPQ090,male,60-69,1.0,14,0.02356902356902357,exploratory_unweighted_not_clinical_reference
2021-2023,DPQ_L,DPQ090,male,60-69,2.0,2,0.003367003367003367,exploratory_unweighted_not_clinical_reference
2021-2023,DPQ_L,DPQ090,male,60-69,9.0,1,0.0016835016835016834,exploratory_unweighted_not_clinical_reference
2021-2023,DPQ_L,DPQ090,male,60-69,3.0,1,0.0016835016835016834,exploratory_unweighted_not_clinical_reference
2021-2023,DPQ_L,DPQ090,male,70-79,5.397605346934028e-79,376,0.9591836734693877,exploratory_unweighted_not_clinical_reference
2021-2023,DPQ_L,DPQ090,male,70-79,1.0,10,0.025510204081632654,exploratory_unweighted_not_clinical_reference
2021-2023,DPQ_L,DPQ090,male,70-79,2.0,4,0.01020408163265306,exploratory_unweighted_not_clinical_reference
2021-2023,DPQ_L,DPQ090,male,70-79,3.0,2,0.00510204081632653,exploratory_unweighted_not_clinical_reference
2021-2023,DPQ_L,DPQ090,male,80+,5.397605346934028e-79,117,0.9590163934426229,exploratory_unweighted_not_clinical_reference
2021-2023,DPQ_L,DPQ090,male,80+,1.0,3,0.02459016393442623,exploratory_unweighted_not_clinical_reference
2021-2023,DPQ_L,DPQ090,male,80+,2.0,2,0.01639344262295082,exploratory_unweighted_not_clinical_reference
2021-2023,DPQ_L,DPQ100,female,18-29,1.0,189,0.4760705289672544,exploratory_unweighted_not_clinical_reference
2021-2023,DPQ_L,DPQ100,female,18-29,5.397605346934028e-79,164,0.41309823677581864,exploratory_unweighted_not_clinical_reference
2021-2023,DPQ_L,DPQ100,female,18-29,2.0,37,0.09319899244332494,exploratory_unweighted_not_clinical_reference
2021-2023,DPQ_L,DPQ100,female,18-29,3.0,7,0.017632241813602016,exploratory_unweighted_not_clinical_reference
2021-2023,DPQ_L,DPQ100,female,30-39,5.397605346934028e-79,183,0.5169491525423728,exploratory_unweighted_not_clinical_reference
2021-2023,DPQ_L,DPQ100,female,30-39,1.0,141,0.3983050847457627,exploratory_unweighted_not_clinical_reference
2021-2023,DPQ_L,DPQ100,female,30-39,2.0,21,0.059322033898305086,exploratory_unweighted_not_clinical_reference
2021-2023,DPQ_L,DPQ100,female,30-39,3.0,9,0.025423728813559324,exploratory_unweighted_not_clinical_reference
2021-2023,DPQ_L,DPQ100,female,40-49,5.397605346934028e-79,174,0.5878378378378378,exploratory_unweighted_not_clinical_reference
2021-2023,DPQ_L,DPQ100,female,40-49,1.0,99,0.3344594594594595,exploratory_unweighted_not_clinical_reference
2021-2023,DPQ_L,DPQ100,female,40-49,2.0,16,0.05405405405405406,exploratory_unweighted_not_clinical_reference
2021-2023,DPQ_L,DPQ100,female,40-49,3.0,7,0.02364864864864865,exploratory_unweighted_not_clinical_reference
2021-2023,DPQ_L,DPQ100,female,50-59,5.397605346934028e-79,227,0.6358543417366946,exploratory_unweighted_not_clinical_reference
2021-2023,DPQ_L,DPQ100,female,50-59,1.0,102,0.2857142857142857,exploratory_unweighted_not_clinical_reference
2021-2023,DPQ_L,DPQ100,female,50-59,2.0,23,0.06442577030812324,exploratory_unweighted_not_clinical_reference
2021-2023,DPQ_L,DPQ100,female,50-59,3.0,5,0.014005602240896359,exploratory_unweighted_not_clinical_reference
2021-2023,DPQ_L,DPQ100,female,60-69,5.397605346934028e-79,408,0.7034482758620689,exploratory_unweighted_not_clinical_reference
2021-2023,DPQ_L,DPQ100,female,60-69,1.0,144,0.2482758620689655,exploratory_unweighted_not_clinical_reference
2021-2023,DPQ_L,DPQ100,female,60-69,2.0,18,0.03103448275862069,exploratory_unweighted_not_clinical_reference
2021-2023,DPQ_L,DPQ100,female,60-69,3.0,9,0.015517241379310345,exploratory_unweighted_not_clinical_reference
2021-2023,DPQ_L,DPQ100,female,60-69,7.0,1,0.0017241379310344827,exploratory_unweighted_not_clinical_reference
2021-2023,DPQ_L,DPQ100,female,70-79,5.397605346934028e-79,235,0.7230769230769231,exploratory_unweighted_not_clinical_reference
2021-2023,DPQ_L,DPQ100,female,70-79,1.0,76,0.23384615384615384,exploratory_unweighted_not_clinical_reference
2021-2023,DPQ_L,DPQ100,female,70-79,2.0,8,0.024615384615384615,exploratory_unweighted_not_clinical_reference
2021-2023,DPQ_L,DPQ100,female,70-79,3.0,5,0.015384615384615385,exploratory_unweighted_not_clinical_reference
2021-2023,DPQ_L,DPQ100,female,70-79,9.0,1,0.003076923076923077,exploratory_unweighted_not_clinical_reference
2021-2023,DPQ_L,DPQ100,female,80+,5.397605346934028e-79,77,0.6936936936936937,exploratory_unweighted_not_clinical_reference
2021-2023,DPQ_L,DPQ100,female,80+,1.0,32,0.2882882882882883,exploratory_unweighted_not_clinical_reference
2021-2023,DPQ_L,DPQ100,female,80+,7.0,2,0.018018018018018018,exploratory_unweighted_not_clinical_reference
2021-2023,DPQ_L,DPQ100,male,18-29,5.397605346934028e-79,169,0.5297805642633229,exploratory_unweighted_not_clinical_reference
2021-2023,DPQ_L,DPQ100,male,18-29,1.0,120,0.3761755485893417,exploratory_unweighted_not_clinical_reference
2021-2023,DPQ_L,DPQ100,male,18-29,2.0,21,0.06583072100313479,exploratory_unweighted_not_clinical_reference
2021-2023,DPQ_L,DPQ100,male,18-29,3.0,9,0.02821316614420063,exploratory_unweighted_not_clinical_reference
2021-2023,DPQ_L,DPQ100,male,30-39,5.397605346934028e-79,138,0.5287356321839081,exploratory_unweighted_not_clinical_reference
2021-2023,DPQ_L,DPQ100,male,30-39,1.0,107,0.4099616858237548,exploratory_unweighted_not_clinical_reference
2021-2023,DPQ_L,DPQ100,male,30-39,2.0,14,0.05363984674329502,exploratory_unweighted_not_clinical_reference
2021-2023,DPQ_L,DPQ100,male,30-39,3.0,2,0.007662835249042145,exploratory_unweighted_not_clinical_reference
2021-2023,DPQ_L,DPQ100,male,40-49,5.397605346934028e-79,131,0.6421568627450981,exploratory_unweighted_not_clinical_reference
2021-2023,DPQ_L,DPQ100,male,40-49,1.0,57,0.27941176470588236,exploratory_unweighted_not_clinical_reference
2021-2023,DPQ_L,DPQ100,male,40-49,2.0,12,0.058823529411764705,exploratory_unweighted_not_clinical_reference
2021-2023,DPQ_L,DPQ100,male,40-49,3.0,4,0.0196078431372549,exploratory_unweighted_not_clinical_reference
2021-2023,DPQ_L,DPQ100,male,50-59,5.397605346934028e-79,153,0.6023622047244095,exploratory_unweighted_not_clinical_reference
2021-2023,DPQ_L,DPQ100,male,50-59,1.0,77,0.3031496062992126,exploratory_unweighted_not_clinical_reference
2021-2023,DPQ_L,DPQ100,male,50-59,2.0,18,0.07086614173228346,exploratory_unweighted_not_clinical_reference
2021-2023,DPQ_L,DPQ100,male,50-59,3.0,6,0.023622047244094488,exploratory_unweighted_not_clinical_reference
2021-2023,DPQ_L,DPQ100,male,60-69,5.397605346934028e-79,267,0.7158176943699732,exploratory_unweighted_not_clinical_reference
2021-2023,DPQ_L,DPQ100,male,60-69,1.0,90,0.24128686327077747,exploratory_unweighted_not_clinical_reference
2021-2023,DPQ_L,DPQ100,male,60-69,3.0,10,0.02680965147453083,exploratory_unweighted_not_clinical_reference
2021-2023,DPQ_L,DPQ100,male,60-69,2.0,6,0.0160857908847185,exploratory_unweighted_not_clinical_reference
2021-2023,DPQ_L,DPQ100,male,70-79,5.397605346934028e-79,184,0.7330677290836654,exploratory_unweighted_not_clinical_reference
2021-2023,DPQ_L,DPQ100,male,70-79,1.0,55,0.21912350597609562,exploratory_unweighted_not_clinical_reference
2021-2023,DPQ_L,DPQ100,male,70-79,2.0,10,0.0398406374501992,exploratory_unweighted_not_clinical_reference
2021-2023,DPQ_L,DPQ100,male,70-79,9.0,2,0.00796812749003984,exploratory_unweighted_not_clinical_reference
2021-2023,DPQ_L,DPQ100,male,80+,5.397605346934028e-79,63,0.7411764705882353,exploratory_unweighted_not_clinical_reference
2021-2023,DPQ_L,DPQ100,male,80+,1.0,17,0.2,exploratory_unweighted_not_clinical_reference
2021-2023,DPQ_L,DPQ100,male,80+,2.0,3,0.03529411764705882,exploratory_unweighted_not_clinical_reference
2021-2023,DPQ_L,DPQ100,male,80+,3.0,1,0.011764705882352941,exploratory_unweighted_not_clinical_reference
2021-2023,DPQ_L,DPQ100,male,80+,7.0,1,0.011764705882352941,exploratory_unweighted_not_clinical_reference
2021-2023,HSQ_L,HSQ590,female,12-17,2.0,115,0.8778625954198473,exploratory_unweighted_not_clinical_reference
2021-2023,HSQ_L,HSQ590,female,12-17,1.0,14,0.10687022900763359,exploratory_unweighted_not_clinical_reference
2021-2023,HSQ_L,HSQ590,female,12-17,9.0,2,0.015267175572519083,exploratory_unweighted_not_clinical_reference
2021-2023,HSQ_L,HSQ590,female,18-29,2.0,295,0.6812933025404158,exploratory_unweighted_not_clinical_reference
2021-2023,HSQ_L,HSQ590,female,18-29,1.0,138,0.3187066974595843,exploratory_unweighted_not_clinical_reference
2021-2023,HSQ_L,HSQ590,female,30-39,1.0,228,0.5428571428571428,exploratory_unweighted_not_clinical_reference
2021-2023,HSQ_L,HSQ590,female,30-39,2.0,192,0.45714285714285713,exploratory_unweighted_not_clinical_reference
2021-2023,HSQ_L,HSQ590,female,40-49,1.0,189,0.5149863760217984,exploratory_unweighted_not_clinical_reference
2021-2023,HSQ_L,HSQ590,female,40-49,2.0,178,0.48501362397820164,exploratory_unweighted_not_clinical_reference
2021-2023,HSQ_L,HSQ590,female,50-59,2.0,281,0.6272321428571429,exploratory_unweighted_not_clinical_reference
2021-2023,HSQ_L,HSQ590,female,50-59,1.0,167,0.37276785714285715,exploratory_unweighted_not_clinical_reference
2021-2023,HSQ_L,HSQ590,female,60-69,2.0,567,0.7580213903743316,exploratory_unweighted_not_clinical_reference
2021-2023,HSQ_L,HSQ590,female,60-69,1.0,178,0.23796791443850268,exploratory_unweighted_not_clinical_reference
2021-2023,HSQ_L,HSQ590,female,60-69,9.0,3,0.004010695187165776,exploratory_unweighted_not_clinical_reference
2021-2023,HSQ_L,HSQ590,female,70-79,2.0,390,0.896551724137931,exploratory_unweighted_not_clinical_reference
2021-2023,HSQ_L,HSQ590,female,70-79,1.0,44,0.10114942528735632,exploratory_unweighted_not_clinical_reference
2021-2023,HSQ_L,HSQ590,female,70-79,9.0,1,0.0022988505747126436,exploratory_unweighted_not_clinical_reference
2021-2023,HSQ_L,HSQ590,female,80+,2.0,126,0.9402985074626866,exploratory_unweighted_not_clinical_reference
2021-2023,HSQ_L,HSQ590,female,80+,1.0,8,0.05970149253731343,exploratory_unweighted_not_clinical_reference
2021-2023,HSQ_L,HSQ590,male,12-17,2.0,117,0.9512195121951219,exploratory_unweighted_not_clinical_reference
2021-2023,HSQ_L,HSQ590,male,12-17,1.0,6,0.04878048780487805,exploratory_unweighted_not_clinical_reference
2021-2023,HSQ_L,HSQ590,male,18-29,2.0,307,0.7974025974025974,exploratory_unweighted_not_clinical_reference
2021-2023,HSQ_L,HSQ590,male,18-29,1.0,77,0.2,exploratory_unweighted_not_clinical_reference
2021-2023,HSQ_L,HSQ590,male,18-29,9.0,1,0.0025974025974025974,exploratory_unweighted_not_clinical_reference
2021-2023,HSQ_L,HSQ590,male,30-39,2.0,206,0.5936599423631124,exploratory_unweighted_not_clinical_reference
2021-2023,HSQ_L,HSQ590,male,30-39,1.0,141,0.40634005763688763,exploratory_unweighted_not_clinical_reference
2021-2023,HSQ_L,HSQ590,male,40-49,2.0,193,0.6286644951140065,exploratory_unweighted_not_clinical_reference
2021-2023,HSQ_L,HSQ590,male,40-49,1.0,114,0.3713355048859935,exploratory_unweighted_not_clinical_reference
2021-2023,HSQ_L,HSQ590,male,50-59,2.0,233,0.6383561643835617,exploratory_unweighted_not_clinical_reference
2021-2023,HSQ_L,HSQ590,male,50-59,1.0,132,0.36164383561643837,exploratory_unweighted_not_clinical_reference
2021-2023,HSQ_L,HSQ590,male,60-69,2.0,454,0.7643097643097643,exploratory_unweighted_not_clinical_reference
2021-2023,HSQ_L,HSQ590,male,60-69,1.0,139,0.234006734006734,exploratory_unweighted_not_clinical_reference
2021-2023,HSQ_L,HSQ590,male,60-69,9.0,1,0.0016835016835016834,exploratory_unweighted_not_clinical_reference
2021-2023,HSQ_L,HSQ590,male,70-79,2.0,330,0.8418367346938775,exploratory_unweighted_not_clinical_reference
2021-2023,HSQ_L,HSQ590,male,70-79,1.0,62,0.15816326530612246,exploratory_unweighted_not_clinical_reference
2021-2023,HSQ_L,HSQ590,male,80+,2.0,103,0.8442622950819673,exploratory_unweighted_not_clinical_reference
2021-2023,HSQ_L,HSQ590,male,80+,1.0,17,0.13934426229508196,exploratory_unweighted_not_clinical_reference
2021-2023,HSQ_L,HSQ590,male,80+,9.0,1,0.00819672131147541,exploratory_unweighted_not_clinical_reference
2021-2023,HSQ_L,HSQ590,male,80+,7.0,1,0.00819672131147541,exploratory_unweighted_not_clinical_reference
2021-2023,MCQ_L,MCQ010,female,0-11,2.0,1085,0.9321305841924399,exploratory_unweighted_not_clinical_reference
2021-2023,MCQ_L,MCQ010,female,0-11,1.0,76,0.06529209621993128,exploratory_unweighted_not_clinical_reference
2021-2023,MCQ_L,MCQ010,female,0-11,9.0,3,0.002577319587628866,exploratory_unweighted_not_clinical_reference
2021-2023,MCQ_L,MCQ010,female,12-17,2.0,512,0.832520325203252,exploratory_unweighted_not_clinical_reference
2021-2023,MCQ_L,MCQ010,female,12-17,1.0,103,0.16747967479674797,exploratory_unweighted_not_clinical_reference
2021-2023,MCQ_L,MCQ010,female,18-29,2.0,508,0.7570789865871833,exploratory_unweighted_not_clinical_reference
2021-2023,MCQ_L,MCQ010,female,18-29,1.0,163,0.2429210134128167,exploratory_unweighted_not_clinical_reference
2021-2023,MCQ_L,MCQ010,female,30-39,2.0,545,0.8014705882352942,exploratory_unweighted_not_clinical_reference
2021-2023,MCQ_L,MCQ010,female,30-39,1.0,135,0.19852941176470587,exploratory_unweighted_not_clinical_reference
2021-2023,MCQ_L,MCQ010,female,40-49,2.0,466,0.8048359240069085,exploratory_unweighted_not_clinical_reference
2021-2023,MCQ_L,MCQ010,female,40-49,1.0,113,0.19516407599309155,exploratory_unweighted_not_clinical_reference
2021-2023,MCQ_L,MCQ010,female,50-59,2.0,508,0.7815384615384615,exploratory_unweighted_not_clinical_reference
2021-2023,MCQ_L,MCQ010,female,50-59,1.0,140,0.2153846153846154,exploratory_unweighted_not_clinical_reference
2021-2023,MCQ_L,MCQ010,female,50-59,9.0,2,0.003076923076923077,exploratory_unweighted_not_clinical_reference
2021-2023,MCQ_L,MCQ010,female,60-69,2.0,771,0.7956656346749226,exploratory_unweighted_not_clinical_reference
2021-2023,MCQ_L,MCQ010,female,60-69,1.0,195,0.20123839009287925,exploratory_unweighted_not_clinical_reference
2021-2023,MCQ_L,MCQ010,female,60-69,9.0,3,0.0030959752321981426,exploratory_unweighted_not_clinical_reference
2021-2023,MCQ_L,MCQ010,female,70-79,2.0,539,0.8241590214067278,exploratory_unweighted_not_clinical_reference
2021-2023,MCQ_L,MCQ010,female,70-79,1.0,115,0.17584097859327216,exploratory_unweighted_not_clinical_reference
2021-2023,MCQ_L,MCQ010,female,80+,2.0,252,0.863013698630137,exploratory_unweighted_not_clinical_reference
2021-2023,MCQ_L,MCQ010,female,80+,1.0,40,0.136986301369863,exploratory_unweighted_not_clinical_reference
2021-2023,MCQ_L,MCQ010,male,0-11,2.0,1053,0.8833892617449665,exploratory_unweighted_not_clinical_reference
2021-2023,MCQ_L,MCQ010,male,0-11,1.0,137,0.11493288590604027,exploratory_unweighted_not_clinical_reference
2021-2023,MCQ_L,MCQ010,male,0-11,9.0,2,0.0016778523489932886,exploratory_unweighted_not_clinical_reference
2021-2023,MCQ_L,MCQ010,male,12-17,2.0,475,0.7661290322580645,exploratory_unweighted_not_clinical_reference
2021-2023,MCQ_L,MCQ010,male,12-17,1.0,144,0.23225806451612904,exploratory_unweighted_not_clinical_reference
2021-2023,MCQ_L,MCQ010,male,12-17,9.0,1,0.0016129032258064516,exploratory_unweighted_not_clinical_reference
2021-2023,MCQ_L,MCQ010,male,18-29,2.0,446,0.7743055555555556,exploratory_unweighted_not_clinical_reference
2021-2023,MCQ_L,MCQ010,male,18-29,1.0,128,0.2222222222222222,exploratory_unweighted_not_clinical_reference
2021-2023,MCQ_L,MCQ010,male,18-29,9.0,2,0.003472222222222222,exploratory_unweighted_not_clinical_reference
2021-2023,MCQ_L,MCQ010,male,30-39,2.0,403,0.806,exploratory_unweighted_not_clinical_reference
2021-2023,MCQ_L,MCQ010,male,30-39,1.0,97,0.194,exploratory_unweighted_not_clinical_reference
2021-2023,MCQ_L,MCQ010,male,40-49,2.0,387,0.8358531317494601,exploratory_unweighted_not_clinical_reference
2021-2023,MCQ_L,MCQ010,male,40-49,1.0,76,0.16414686825053995,exploratory_unweighted_not_clinical_reference
2021-2023,MCQ_L,MCQ010,male,50-59,2.0,437,0.8260869565217391,exploratory_unweighted_not_clinical_reference
2021-2023,MCQ_L,MCQ010,male,50-59,1.0,91,0.1720226843100189,exploratory_unweighted_not_clinical_reference
2021-2023,MCQ_L,MCQ010,male,50-59,9.0,1,0.001890359168241966,exploratory_unweighted_not_clinical_reference
2021-2023,MCQ_L,MCQ010,male,60-69,2.0,698,0.8768844221105527,exploratory_unweighted_not_clinical_reference
2021-2023,MCQ_L,MCQ010,male,60-69,1.0,98,0.12311557788944724,exploratory_unweighted_not_clinical_reference
2021-2023,MCQ_L,MCQ010,male,70-79,2.0,494,0.8821428571428571,exploratory_unweighted_not_clinical_reference
2021-2023,MCQ_L,MCQ010,male,70-79,1.0,65,0.11607142857142858,exploratory_unweighted_not_clinical_reference
2021-2023,MCQ_L,MCQ010,male,70-79,9.0,1,0.0017857142857142857,exploratory_unweighted_not_clinical_reference
2021-2023,MCQ_L,MCQ010,male,80+,2.0,203,0.871244635193133,exploratory_unweighted_not_clinical_reference
2021-2023,MCQ_L,MCQ010,male,80+,1.0,30,0.12875536480686695,exploratory_unweighted_not_clinical_reference
2021-2023,MCQ_L,MCQ035,female,0-11,1.0,54,0.7105263157894737,exploratory_unweighted_not_clinical_reference
2021-2023,MCQ_L,MCQ035,female,0-11,2.0,22,0.2894736842105263,exploratory_unweighted_not_clinical_reference
2021-2023,MCQ_L,MCQ035,female,12-17,1.0,68,0.6601941747572816,exploratory_unweighted_not_clinical_reference
2021-2023,MCQ_L,MCQ035,female,12-17,2.0,33,0.32038834951456313,exploratory_unweighted_not_clinical_reference
2021-2023,MCQ_L,MCQ035,female,12-17,9.0,2,0.019417475728155338,exploratory_unweighted_not_clinical_reference
2021-2023,MCQ_L,MCQ035,female,18-29,1.0,97,0.5950920245398773,exploratory_unweighted_not_clinical_reference
2021-2023,MCQ_L,MCQ035,female,18-29,2.0,66,0.4049079754601227,exploratory_unweighted_not_clinical_reference
2021-2023,MCQ_L,MCQ035,female,30-39,1.0,78,0.5777777777777777,exploratory_unweighted_not_clinical_reference
2021-2023,MCQ_L,MCQ035,female,30-39,2.0,55,0.4074074074074074,exploratory_unweighted_not_clinical_reference
2021-2023,MCQ_L,MCQ035,female,30-39,9.0,2,0.014814814814814815,exploratory_unweighted_not_clinical_reference
2021-2023,MCQ_L,MCQ035,female,40-49,1.0,76,0.672566371681416,exploratory_unweighted_not_clinical_reference
2021-2023,MCQ_L,MCQ035,female,40-49,2.0,33,0.2920353982300885,exploratory_unweighted_not_clinical_reference
2021-2023,MCQ_L,MCQ035,female,40-49,9.0,4,0.035398230088495575,exploratory_unweighted_not_clinical_reference
2021-2023,MCQ_L,MCQ035,female,50-59,1.0,101,0.7214285714285714,exploratory_unweighted_not_clinical_reference
2021-2023,MCQ_L,MCQ035,female,50-59,2.0,35,0.25,exploratory_unweighted_not_clinical_reference
2021-2023,MCQ_L,MCQ035,female,50-59,9.0,4,0.02857142857142857,exploratory_unweighted_not_clinical_reference
2021-2023,MCQ_L,MCQ035,female,60-69,1.0,135,0.6923076923076923,exploratory_unweighted_not_clinical_reference
2021-2023,MCQ_L,MCQ035,female,60-69,2.0,55,0.28205128205128205,exploratory_unweighted_not_clinical_reference
2021-2023,MCQ_L,MCQ035,female,60-69,9.0,5,0.02564102564102564,exploratory_unweighted_not_clinical_reference
2021-2023,MCQ_L,MCQ035,female,70-79,1.0,84,0.7304347826086957,exploratory_unweighted_not_clinical_reference
2021-2023,MCQ_L,MCQ035,female,70-79,2.0,31,0.26956521739130435,exploratory_unweighted_not_clinical_reference
2021-2023,MCQ_L,MCQ035,female,80+,1.0,24,0.6,exploratory_unweighted_not_clinical_reference
2021-2023,MCQ_L,MCQ035,female,80+,2.0,15,0.375,exploratory_unweighted_not_clinical_reference
2021-2023,MCQ_L,MCQ035,female,80+,9.0,1,0.025,exploratory_unweighted_not_clinical_reference
2021-2023,MCQ_L,MCQ035,male,0-11,1.0,111,0.8102189781021898,exploratory_unweighted_not_clinical_reference
2021-2023,MCQ_L,MCQ035,male,0-11,2.0,25,0.18248175182481752,exploratory_unweighted_not_clinical_reference
2021-2023,MCQ_L,MCQ035,male,0-11,9.0,1,0.0072992700729927005,exploratory_unweighted_not_clinical_reference
2021-2023,MCQ_L,MCQ035,male,12-17,1.0,78,0.5416666666666666,exploratory_unweighted_not_clinical_reference
2021-2023,MCQ_L,MCQ035,male,12-17,2.0,65,0.4513888888888889,exploratory_unweighted_not_clinical_reference
2021-2023,MCQ_L,MCQ035,male,12-17,9.0,1,0.006944444444444444,exploratory_unweighted_not_clinical_reference
2021-2023,MCQ_L,MCQ035,male,18-29,2.0,64,0.5,exploratory_unweighted_not_clinical_reference
2021-2023,MCQ_L,MCQ035,male,18-29,1.0,58,0.453125,exploratory_unweighted_not_clinical_reference
2021-2023,MCQ_L,MCQ035,male,18-29,9.0,6,0.046875,exploratory_unweighted_not_clinical_reference
2021-2023,MCQ_L,MCQ035,male,30-39,2.0,51,0.5257731958762887,exploratory_unweighted_not_clinical_reference
2021-2023,MCQ_L,MCQ035,male,30-39,1.0,42,0.4329896907216495,exploratory_unweighted_not_clinical_reference
2021-2023,MCQ_L,MCQ035,male,30-39,9.0,4,0.041237113402061855,exploratory_unweighted_not_clinical_reference
2021-2023,MCQ_L,MCQ035,male,40-49,1.0,43,0.5657894736842105,exploratory_unweighted_not_clinical_reference
2021-2023,MCQ_L,MCQ035,male,40-49,2.0,31,0.40789473684210525,exploratory_unweighted_not_clinical_reference
2021-2023,MCQ_L,MCQ035,male,40-49,9.0,2,0.02631578947368421,exploratory_unweighted_not_clinical_reference
2021-2023,MCQ_L,MCQ035,male,50-59,1.0,59,0.6483516483516484,exploratory_unweighted_not_clinical_reference
2021-2023,MCQ_L,MCQ035,male,50-59,2.0,31,0.34065934065934067,exploratory_unweighted_not_clinical_reference
2021-2023,MCQ_L,MCQ035,male,50-59,9.0,1,0.01098901098901099,exploratory_unweighted_not_clinical_reference
2021-2023,MCQ_L,MCQ035,male,60-69,1.0,56,0.5714285714285714,exploratory_unweighted_not_clinical_reference
2021-2023,MCQ_L,MCQ035,male,60-69,2.0,40,0.40816326530612246,exploratory_unweighted_not_clinical_reference
2021-2023,MCQ_L,MCQ035,male,60-69,9.0,2,0.02040816326530612,exploratory_unweighted_not_clinical_reference
2021-2023,MCQ_L,MCQ035,male,70-79,1.0,37,0.5692307692307692,exploratory_unweighted_not_clinical_reference
2021-2023,MCQ_L,MCQ035,male,70-79,2.0,27,0.4153846153846154,exploratory_unweighted_not_clinical_reference
2021-2023,MCQ_L,MCQ035,male,70-79,9.0,1,0.015384615384615385,exploratory_unweighted_not_clinical_reference
2021-2023,MCQ_L,MCQ035,male,80+,1.0,18,0.6,exploratory_unweighted_not_clinical_reference
2021-2023,MCQ_L,MCQ035,male,80+,2.0,11,0.36666666666666664,exploratory_unweighted_not_clinical_reference
2021-2023,MCQ_L,MCQ035,male,80+,9.0,1,0.03333333333333333,exploratory_unweighted_not_clinical_reference
2021-2023,MCQ_L,MCQ040,female,0-11,1.0,29,0.5370370370370371,exploratory_unweighted_not_clinical_reference
2021-2023,MCQ_L,MCQ040,female,0-11,2.0,24,0.4444444444444444,exploratory_unweighted_not_clinical_reference
2021-2023,MCQ_L,MCQ040,female,0-11,9.0,1,0.018518518518518517,exploratory_unweighted_not_clinical_reference
2021-2023,MCQ_L,MCQ040,female,12-17,2.0,36,0.5294117647058824,exploratory_unweighted_not_clinical_reference
2021-2023,MCQ_L,MCQ040,female,12-17,1.0,31,0.45588235294117646,exploratory_unweighted_not_clinical_reference
2021-2023,MCQ_L,MCQ040,female,12-17,9.0,1,0.014705882352941176,exploratory_unweighted_not_clinical_reference
2021-2023,MCQ_L,MCQ040,female,18-29,2.0,49,0.5051546391752577,exploratory_unweighted_not_clinical_reference
2021-2023,MCQ_L,MCQ040,female,18-29,1.0,48,0.4948453608247423,exploratory_unweighted_not_clinical_reference
2021-2023,MCQ_L,MCQ040,female,30-39,1.0,41,0.5256410256410257,exploratory_unweighted_not_clinical_reference
2021-2023,MCQ_L,MCQ040,female,30-39,2.0,37,0.47435897435897434,exploratory_unweighted_not_clinical_reference
2021-2023,MCQ_L,MCQ040,female,40-49,1.0,56,0.7368421052631579,exploratory_unweighted_not_clinical_reference
2021-2023,MCQ_L,MCQ040,female,40-49,2.0,20,0.2631578947368421,exploratory_unweighted_not_clinical_reference
2021-2023,MCQ_L,MCQ040,female,50-59,1.0,57,0.5643564356435643,exploratory_unweighted_not_clinical_reference
2021-2023,MCQ_L,MCQ040,female,50-59,2.0,44,0.43564356435643564,exploratory_unweighted_not_clinical_reference
2021-2023,MCQ_L,MCQ040,female,60-69,2.0,70,0.5185185185185185,exploratory_unweighted_not_clinical_reference
2021-2023,MCQ_L,MCQ040,female,60-69,1.0,64,0.4740740740740741,exploratory_unweighted_not_clinical_reference
2021-2023,MCQ_L,MCQ040,female,60-69,9.0,1,0.007407407407407408,exploratory_unweighted_not_clinical_reference
2021-2023,MCQ_L,MCQ040,female,70-79,2.0,45,0.5357142857142857,exploratory_unweighted_not_clinical_reference
2021-2023,MCQ_L,MCQ040,female,70-79,1.0,39,0.4642857142857143,exploratory_unweighted_not_clinical_reference
2021-2023,MCQ_L,MCQ040,female,80+,2.0,17,0.7083333333333334,exploratory_unweighted_not_clinical_reference
2021-2023,MCQ_L,MCQ040,female,80+,1.0,7,0.2916666666666667,exploratory_unweighted_not_clinical_reference
2021-2023,MCQ_L,MCQ040,male,0-11,1.0,65,0.5855855855855856,exploratory_unweighted_not_clinical_reference
2021-2023,MCQ_L,MCQ040,male,0-11,2.0,46,0.4144144144144144,exploratory_unweighted_not_clinical_reference
2021-2023,MCQ_L,MCQ040,male,12-17,2.0,48,0.6153846153846154,exploratory_unweighted_not_clinical_reference
2021-2023,MCQ_L,MCQ040,male,12-17,1.0,30,0.38461538461538464,exploratory_unweighted_not_clinical_reference
2021-2023,MCQ_L,MCQ040,male,18-29,2.0,38,0.6551724137931034,exploratory_unweighted_not_clinical_reference
2021-2023,MCQ_L,MCQ040,male,18-29,1.0,20,0.3448275862068966,exploratory_unweighted_not_clinical_reference
2021-2023,MCQ_L,MCQ040,male,30-39,2.0,25,0.5952380952380952,exploratory_unweighted_not_clinical_reference
2021-2023,MCQ_L,MCQ040,male,30-39,1.0,17,0.40476190476190477,exploratory_unweighted_not_clinical_reference
2021-2023,MCQ_L,MCQ040,male,40-49,2.0,23,0.5348837209302325,exploratory_unweighted_not_clinical_reference
2021-2023,MCQ_L,MCQ040,male,40-49,1.0,20,0.46511627906976744,exploratory_unweighted_not_clinical_reference
2021-2023,MCQ_L,MCQ040,male,50-59,2.0,31,0.5254237288135594,exploratory_unweighted_not_clinical_reference
2021-2023,MCQ_L,MCQ040,male,50-59,1.0,28,0.4745762711864407,exploratory_unweighted_not_clinical_reference
2021-2023,MCQ_L,MCQ040,male,60-69,2.0,33,0.5892857142857143,exploratory_unweighted_not_clinical_reference
2021-2023,MCQ_L,MCQ040,male,60-69,1.0,23,0.4107142857142857,exploratory_unweighted_not_clinical_reference
2021-2023,MCQ_L,MCQ040,male,70-79,2.0,24,0.6486486486486487,exploratory_unweighted_not_clinical_reference
2021-2023,MCQ_L,MCQ040,male,70-79,1.0,12,0.32432432432432434,exploratory_unweighted_not_clinical_reference
2021-2023,MCQ_L,MCQ040,male,70-79,9.0,1,0.02702702702702703,exploratory_unweighted_not_clinical_reference
2021-2023,MCQ_L,MCQ050,female,0-11,2.0,37,0.6851851851851852,exploratory_unweighted_not_clinical_reference
2021-2023,MCQ_L,MCQ050,female,0-11,1.0,17,0.3148148148148148,exploratory_unweighted_not_clinical_reference
2021-2023,MCQ_L,MCQ050,female,12-17,2.0,60,0.8823529411764706,exploratory_unweighted_not_clinical_reference
2021-2023,MCQ_L,MCQ050,female,12-17,1.0,8,0.11764705882352941,exploratory_unweighted_not_clinical_reference
2021-2023,MCQ_L,MCQ050,female,18-29,2.0,86,0.8865979381443299,exploratory_unweighted_not_clinical_reference
2021-2023,MCQ_L,MCQ050,female,18-29,1.0,11,0.1134020618556701,exploratory_unweighted_not_clinical_reference
2021-2023,MCQ_L,MCQ050,female,30-39,2.0,62,0.7948717948717948,exploratory_unweighted_not_clinical_reference
2021-2023,MCQ_L,MCQ050,female,30-39,1.0,16,0.20512820512820512,exploratory_unweighted_not_clinical_reference
2021-2023,MCQ_L,MCQ050,female,40-49,2.0,64,0.8421052631578947,exploratory_unweighted_not_clinical_reference
2021-2023,MCQ_L,MCQ050,female,40-49,1.0,12,0.15789473684210525,exploratory_unweighted_not_clinical_reference
2021-2023,MCQ_L,MCQ050,female,50-59,2.0,91,0.900990099009901,exploratory_unweighted_not_clinical_reference
2021-2023,MCQ_L,MCQ050,female,50-59,1.0,10,0.09900990099009901,exploratory_unweighted_not_clinical_reference
2021-2023,MCQ_L,MCQ050,female,60-69,2.0,120,0.8888888888888888,exploratory_unweighted_not_clinical_reference
2021-2023,MCQ_L,MCQ050,female,60-69,1.0,14,0.1037037037037037,exploratory_unweighted_not_clinical_reference
2021-2023,MCQ_L,MCQ050,female,60-69,9.0,1,0.007407407407407408,exploratory_unweighted_not_clinical_reference
2021-2023,MCQ_L,MCQ050,female,70-79,2.0,77,0.9166666666666666,exploratory_unweighted_not_clinical_reference
2021-2023,MCQ_L,MCQ050,female,70-79,1.0,7,0.08333333333333333,exploratory_unweighted_not_clinical_reference
2021-2023,MCQ_L,MCQ050,female,80+,2.0,22,0.9166666666666666,exploratory_unweighted_not_clinical_reference
2021-2023,MCQ_L,MCQ050,female,80+,1.0,2,0.08333333333333333,exploratory_unweighted_not_clinical_reference
2021-2023,MCQ_L,MCQ050,male,0-11,2.0,88,0.7927927927927928,exploratory_unweighted_not_clinical_reference
2021-2023,MCQ_L,MCQ050,male,0-11,1.0,23,0.2072072072072072,exploratory_unweighted_not_clinical_reference
2021-2023,MCQ_L,MCQ050,male,12-17,2.0,73,0.9358974358974359,exploratory_unweighted_not_clinical_reference
2021-2023,MCQ_L,MCQ050,male,12-17,1.0,5,0.0641025641025641,exploratory_unweighted_not_clinical_reference
2021-2023,MCQ_L,MCQ050,male,18-29,2.0,51,0.8793103448275862,exploratory_unweighted_not_clinical_reference
2021-2023,MCQ_L,MCQ050,male,18-29,1.0,7,0.1206896551724138,exploratory_unweighted_not_clinical_reference
2021-2023,MCQ_L,MCQ050,male,30-39,2.0,34,0.8095238095238095,exploratory_unweighted_not_clinical_reference
2021-2023,MCQ_L,MCQ050,male,30-39,1.0,8,0.19047619047619047,exploratory_unweighted_not_clinical_reference
2021-2023,MCQ_L,MCQ050,male,40-49,2.0,40,0.9302325581395349,exploratory_unweighted_not_clinical_reference
2021-2023,MCQ_L,MCQ050,male,40-49,1.0,3,0.06976744186046512,exploratory_unweighted_not_clinical_reference
2021-2023,MCQ_L,MCQ050,male,50-59,2.0,50,0.847457627118644,exploratory_unweighted_not_clinical_reference
2021-2023,MCQ_L,MCQ050,male,50-59,1.0,9,0.15254237288135594,exploratory_unweighted_not_clinical_reference
2021-2023,MCQ_L,MCQ050,male,60-69,2.0,52,0.9285714285714286,exploratory_unweighted_not_clinical_reference
2021-2023,MCQ_L,MCQ050,male,60-69,1.0,3,0.05357142857142857,exploratory_unweighted_not_clinical_reference
2021-2023,MCQ_L,MCQ050,male,60-69,9.0,1,0.017857142857142856,exploratory_unweighted_not_clinical_reference
2021-2023,MCQ_L,MCQ050,male,70-79,2.0,34,0.918918918918919,exploratory_unweighted_not_clinical_reference
2021-2023,MCQ_L,MCQ050,male,70-79,1.0,3,0.08108108108108109,exploratory_unweighted_not_clinical_reference
2021-2023,MCQ_L,AGQ030,female,0-11,2.0,999,0.8582474226804123,exploratory_unweighted_not_clinical_reference
2021-2023,MCQ_L,AGQ030,female,0-11,1.0,164,0.140893470790378,exploratory_unweighted_not_clinical_reference
2021-2023,MCQ_L,AGQ030,female,0-11,9.0,1,0.000859106529209622,exploratory_unweighted_not_clinical_reference
2021-2023,MCQ_L,AGQ030,female,12-17,2.0,495,0.8048780487804879,exploratory_unweighted_not_clinical_reference
2021-2023,MCQ_L,AGQ030,female,12-17,1.0,120,0.1951219512195122,exploratory_unweighted_not_clinical_reference
2021-2023,MCQ_L,AGQ030,female,18-29,2.0,556,0.8286140089418778,exploratory_unweighted_not_clinical_reference
2021-2023,MCQ_L,AGQ030,female,18-29,1.0,114,0.16989567809239942,exploratory_unweighted_not_clinical_reference
2021-2023,MCQ_L,AGQ030,female,18-29,9.0,1,0.0014903129657228018,exploratory_unweighted_not_clinical_reference
2021-2023,MCQ_L,AGQ030,female,30-39,2.0,547,0.8044117647058824,exploratory_unweighted_not_clinical_reference
2021-2023,MCQ_L,AGQ030,female,30-39,1.0,132,0.19411764705882353,exploratory_unweighted_not_clinical_reference
2021-2023,MCQ_L,AGQ030,female,30-39,9.0,1,0.0014705882352941176,exploratory_unweighted_not_clinical_reference
2021-2023,MCQ_L,AGQ030,female,40-49,2.0,459,0.7927461139896373,exploratory_unweighted_not_clinical_reference
2021-2023,MCQ_L,AGQ030,female,40-49,1.0,120,0.20725388601036268,exploratory_unweighted_not_clinical_reference
2021-2023,MCQ_L,AGQ030,female,50-59,2.0,488,0.7507692307692307,exploratory_unweighted_not_clinical_reference
2021-2023,MCQ_L,AGQ030,female,50-59,1.0,161,0.24769230769230768,exploratory_unweighted_not_clinical_reference
2021-2023,MCQ_L,AGQ030,female,50-59,9.0,1,0.0015384615384615385,exploratory_unweighted_not_clinical_reference
2021-2023,MCQ_L,AGQ030,female,60-69,2.0,719,0.7420020639834881,exploratory_unweighted_not_clinical_reference
2021-2023,MCQ_L,AGQ030,female,60-69,1.0,249,0.25696594427244585,exploratory_unweighted_not_clinical_reference
2021-2023,MCQ_L,AGQ030,female,60-69,9.0,1,0.0010319917440660474,exploratory_unweighted_not_clinical_reference
2021-2023,MCQ_L,AGQ030,female,70-79,2.0,510,0.7798165137614679,exploratory_unweighted_not_clinical_reference
2021-2023,MCQ_L,AGQ030,female,70-79,1.0,142,0.21712538226299694,exploratory_unweighted_not_clinical_reference
2021-2023,MCQ_L,AGQ030,female,70-79,9.0,2,0.0030581039755351682,exploratory_unweighted_not_clinical_reference
2021-2023,MCQ_L,AGQ030,female,80+,2.0,247,0.8458904109589042,exploratory_unweighted_not_clinical_reference
2021-2023,MCQ_L,AGQ030,female,80+,1.0,45,0.1541095890410959,exploratory_unweighted_not_clinical_reference
2021-2023,MCQ_L,AGQ030,male,0-11,2.0,994,0.8338926174496645,exploratory_unweighted_not_clinical_reference
2021-2023,MCQ_L,AGQ030,male,0-11,1.0,195,0.16359060402684564,exploratory_unweighted_not_clinical_reference
2021-2023,MCQ_L,AGQ030,male,0-11,9.0,3,0.0025167785234899327,exploratory_unweighted_not_clinical_reference
2021-2023,MCQ_L,AGQ030,male,12-17,2.0,489,0.7887096774193548,exploratory_unweighted_not_clinical_reference
2021-2023,MCQ_L,AGQ030,male,12-17,1.0,130,0.20967741935483872,exploratory_unweighted_not_clinical_reference
2021-2023,MCQ_L,AGQ030,male,12-17,9.0,1,0.0016129032258064516,exploratory_unweighted_not_clinical_reference
2021-2023,MCQ_L,AGQ030,male,18-29,2.0,490,0.8506944444444444,exploratory_unweighted_not_clinical_reference
2021-2023,MCQ_L,AGQ030,male,18-29,1.0,86,0.14930555555555555,exploratory_unweighted_not_clinical_reference
2021-2023,MCQ_L,AGQ030,male,30-39,2.0,443,0.886,exploratory_unweighted_not_clinical_reference
2021-2023,MCQ_L,AGQ030,male,30-39,1.0,57,0.114,exploratory_unweighted_not_clinical_reference
2021-2023,MCQ_L,AGQ030,male,40-49,2.0,409,0.8833693304535637,exploratory_unweighted_not_clinical_reference
2021-2023,MCQ_L,AGQ030,male,40-49,1.0,54,0.11663066954643629,exploratory_unweighted_not_clinical_reference
2021-2023,MCQ_L,AGQ030,male,50-59,2.0,460,0.8695652173913043,exploratory_unweighted_not_clinical_reference
2021-2023,MCQ_L,AGQ030,male,50-59,1.0,69,0.13043478260869565,exploratory_unweighted_not_clinical_reference
2021-2023,MCQ_L,AGQ030,male,60-69,2.0,683,0.8580402010050251,exploratory_unweighted_not_clinical_reference
2021-2023,MCQ_L,AGQ030,male,60-69,1.0,113,0.14195979899497488,exploratory_unweighted_not_clinical_reference
2021-2023,MCQ_L,AGQ030,male,70-79,2.0,474,0.8464285714285714,exploratory_unweighted_not_clinical_reference
2021-2023,MCQ_L,AGQ030,male,70-79,1.0,86,0.15357142857142858,exploratory_unweighted_not_clinical_reference
2021-2023,MCQ_L,AGQ030,male,80+,2.0,203,0.871244635193133,exploratory_unweighted_not_clinical_reference
2021-2023,MCQ_L,AGQ030,male,80+,1.0,30,0.12875536480686695,exploratory_unweighted_not_clinical_reference
2021-2023,MCQ_L,MCQ053,female,0-11,2.0,1151,0.988831615120275,exploratory_unweighted_not_clinical_reference
2021-2023,MCQ_L,MCQ053,female,0-11,1.0,13,0.011168384879725086,exploratory_unweighted_not_clinical_reference
2021-2023,MCQ_L,MCQ053,female,12-17,2.0,604,0.9821138211382113,exploratory_unweighted_not_clinical_reference
2021-2023,MCQ_L,MCQ053,female,12-17,1.0,11,0.01788617886178862,exploratory_unweighted_not_clinical_reference
2021-2023,MCQ_L,MCQ053,female,18-29,2.0,621,0.9254843517138599,exploratory_unweighted_not_clinical_reference
2021-2023,MCQ_L,MCQ053,female,18-29,1.0,50,0.07451564828614009,exploratory_unweighted_not_clinical_reference
2021-2023,MCQ_L,MCQ053,female,30-39,2.0,627,0.9220588235294118,exploratory_unweighted_not_clinical_reference
2021-2023,MCQ_L,MCQ053,female,30-39,1.0,52,0.07647058823529412,exploratory_unweighted_not_clinical_reference
2021-2023,MCQ_L,MCQ053,female,30-39,9.0,1,0.0014705882352941176,exploratory_unweighted_not_clinical_reference
2021-2023,MCQ_L,MCQ053,female,40-49,2.0,525,0.9067357512953368,exploratory_unweighted_not_clinical_reference
2021-2023,MCQ_L,MCQ053,female,40-49,1.0,52,0.08981001727115717,exploratory_unweighted_not_clinical_reference
2021-2023,MCQ_L,MCQ053,female,40-49,9.0,2,0.0034542314335060447,exploratory_unweighted_not_clinical_reference
2021-2023,MCQ_L,MCQ053,female,50-59,2.0,605,0.9307692307692308,exploratory_unweighted_not_clinical_reference
2021-2023,MCQ_L,MCQ053,female,50-59,1.0,45,0.06923076923076923,exploratory_unweighted_not_clinical_reference
2021-2023,MCQ_L,MCQ053,female,60-69,2.0,920,0.9494324045407637,exploratory_unweighted_not_clinical_reference
2021-2023,MCQ_L,MCQ053,female,60-69,1.0,49,0.05056759545923633,exploratory_unweighted_not_clinical_reference
2021-2023,MCQ_L,MCQ053,female,70-79,2.0,602,0.9204892966360856,exploratory_unweighted_not_clinical_reference
2021-2023,MCQ_L,MCQ053,female,70-79,1.0,51,0.0779816513761468,exploratory_unweighted_not_clinical_reference
2021-2023,MCQ_L,MCQ053,female,70-79,9.0,1,0.0015290519877675841,exploratory_unweighted_not_clinical_reference
2021-2023,MCQ_L,MCQ053,female,80+,2.0,282,0.9657534246575342,exploratory_unweighted_not_clinical_reference
2021-2023,MCQ_L,MCQ053,female,80+,1.0,10,0.03424657534246575,exploratory_unweighted_not_clinical_reference
2021-2023,MCQ_L,MCQ053,male,0-11,2.0,1180,0.9907640638119227,exploratory_unweighted_not_clinical_reference
2021-2023,MCQ_L,MCQ053,male,0-11,1.0,9,0.007556675062972292,exploratory_unweighted_not_clinical_reference
2021-2023,MCQ_L,MCQ053,male,0-11,9.0,1,0.0008396305625524769,exploratory_unweighted_not_clinical_reference
2021-2023,MCQ_L,MCQ053,male,0-11,7.0,1,0.0008396305625524769,exploratory_unweighted_not_clinical_reference
2021-2023,MCQ_L,MCQ053,male,12-17,2.0,619,0.9983870967741936,exploratory_unweighted_not_clinical_reference
2021-2023,MCQ_L,MCQ053,male,12-17,9.0,1,0.0016129032258064516,exploratory_unweighted_not_clinical_reference
2021-2023,MCQ_L,MCQ053,male,18-29,2.0,573,0.9947916666666666,exploratory_unweighted_not_clinical_reference
2021-2023,MCQ_L,MCQ053,male,18-29,1.0,3,0.005208333333333333,exploratory_unweighted_not_clinical_reference
2021-2023,MCQ_L,MCQ053,male,30-39,2.0,499,0.998,exploratory_unweighted_not_clinical_reference
2021-2023,MCQ_L,MCQ053,male,30-39,1.0,1,0.002,exploratory_unweighted_not_clinical_reference
2021-2023,MCQ_L,MCQ053,male,40-49,2.0,458,0.9892008639308856,exploratory_unweighted_not_clinical_reference
2021-2023,MCQ_L,MCQ053,male,40-49,1.0,5,0.01079913606911447,exploratory_unweighted_not_clinical_reference
2021-2023,MCQ_L,MCQ053,male,50-59,2.0,517,0.9791666666666666,exploratory_unweighted_not_clinical_reference
2021-2023,MCQ_L,MCQ053,male,50-59,1.0,11,0.020833333333333332,exploratory_unweighted_not_clinical_reference
2021-2023,MCQ_L,MCQ053,male,60-69,2.0,765,0.9610552763819096,exploratory_unweighted_not_clinical_reference
2021-2023,MCQ_L,MCQ053,male,60-69,1.0,31,0.038944723618090454,exploratory_unweighted_not_clinical_reference
2021-2023,MCQ_L,MCQ053,male,70-79,2.0,530,0.9464285714285714,exploratory_unweighted_not_clinical_reference
2021-2023,MCQ_L,MCQ053,male,70-79,1.0,29,0.05178571428571429,exploratory_unweighted_not_clinical_reference
2021-2023,MCQ_L,MCQ053,male,70-79,9.0,1,0.0017857142857142857,exploratory_unweighted_not_clinical_reference
2021-2023,MCQ_L,MCQ053,male,80+,2.0,222,0.9527896995708155,exploratory_unweighted_not_clinical_reference
2021-2023,MCQ_L,MCQ053,male,80+,1.0,11,0.04721030042918455,exploratory_unweighted_not_clinical_reference
2021-2023,MCQ_L,MCQ149,female,0-11,2.0,368,0.847926267281106,exploratory_unweighted_not_clinical_reference
2021-2023,MCQ_L,MCQ149,female,0-11,1.0,64,0.14746543778801843,exploratory_unweighted_not_clinical_reference
2021-2023,MCQ_L,MCQ149,female,0-11,9.0,2,0.004608294930875576,exploratory_unweighted_not_clinical_reference
2021-2023,MCQ_L,MCQ160A,female,18-29,2.0,474,0.9537223340040242,exploratory_unweighted_not_clinical_reference
2021-2023,MCQ_L,MCQ160A,female,18-29,1.0,23,0.04627766599597585,exploratory_unweighted_not_clinical_reference
2021-2023,MCQ_L,MCQ160A,female,30-39,2.0,624,0.9176470588235294,exploratory_unweighted_not_clinical_reference
2021-2023,MCQ_L,MCQ160A,female,30-39,1.0,53,0.07794117647058824,exploratory_unweighted_not_clinical_reference
2021-2023,MCQ_L,MCQ160A,female,30-39,9.0,3,0.004411764705882353,exploratory_unweighted_not_clinical_reference
2021-2023,MCQ_L,MCQ160A,female,40-49,2.0,467,0.8065630397236615,exploratory_unweighted_not_clinical_reference
2021-2023,MCQ_L,MCQ160A,female,40-49,1.0,112,0.19343696027633853,exploratory_unweighted_not_clinical_reference
2021-2023,MCQ_L,MCQ160A,female,50-59,2.0,377,0.58,exploratory_unweighted_not_clinical_reference
2021-2023,MCQ_L,MCQ160A,female,50-59,1.0,271,0.4169230769230769,exploratory_unweighted_not_clinical_reference
2021-2023,MCQ_L,MCQ160A,female,50-59,9.0,2,0.003076923076923077,exploratory_unweighted_not_clinical_reference
2021-2023,MCQ_L,MCQ160A,female,60-69,1.0,524,0.5407636738906089,exploratory_unweighted_not_clinical_reference
2021-2023,MCQ_L,MCQ160A,female,60-69,2.0,441,0.4551083591331269,exploratory_unweighted_not_clinical_reference
2021-2023,MCQ_L,MCQ160A,female,60-69,9.0,4,0.0041279669762641896,exploratory_unweighted_not_clinical_reference
2021-2023,MCQ_L,MCQ160A,female,70-79,1.0,389,0.5948012232415902,exploratory_unweighted_not_clinical_reference
2021-2023,MCQ_L,MCQ160A,female,70-79,2.0,263,0.40214067278287463,exploratory_unweighted_not_clinical_reference
2021-2023,MCQ_L,MCQ160A,female,70-79,9.0,2,0.0030581039755351682,exploratory_unweighted_not_clinical_reference
2021-2023,MCQ_L,MCQ160A,female,80+,1.0,188,0.6438356164383562,exploratory_unweighted_not_clinical_reference
2021-2023,MCQ_L,MCQ160A,female,80+,2.0,104,0.3561643835616438,exploratory_unweighted_not_clinical_reference
2021-2023,MCQ_L,MCQ160A,male,18-29,2.0,394,0.9680589680589681,exploratory_unweighted_not_clinical_reference
2021-2023,MCQ_L,MCQ160A,male,18-29,1.0,13,0.03194103194103194,exploratory_unweighted_not_clinical_reference
2021-2023,MCQ_L,MCQ160A,male,30-39,2.0,472,0.944,exploratory_unweighted_not_clinical_reference
2021-2023,MCQ_L,MCQ160A,male,30-39,1.0,28,0.056,exploratory_unweighted_not_clinical_reference
2021-2023,MCQ_L,MCQ160A,male,40-49,2.0,405,0.8766233766233766,exploratory_unweighted_not_clinical_reference
2021-2023,MCQ_L,MCQ160A,male,40-49,1.0,57,0.12337662337662338,exploratory_unweighted_not_clinical_reference
2021-2023,MCQ_L,MCQ160A,male,50-59,2.0,363,0.6875,exploratory_unweighted_not_clinical_reference
2021-2023,MCQ_L,MCQ160A,male,50-59,1.0,165,0.3125,exploratory_unweighted_not_clinical_reference
2021-2023,MCQ_L,MCQ160A,male,60-69,2.0,467,0.5866834170854272,exploratory_unweighted_not_clinical_reference
2021-2023,MCQ_L,MCQ160A,male,60-69,1.0,328,0.4120603015075377,exploratory_unweighted_not_clinical_reference
2021-2023,MCQ_L,MCQ160A,male,60-69,9.0,1,0.001256281407035176,exploratory_unweighted_not_clinical_reference
2021-2023,MCQ_L,MCQ160A,male,70-79,2.0,288,0.5142857142857142,exploratory_unweighted_not_clinical_reference
2021-2023,MCQ_L,MCQ160A,male,70-79,1.0,269,0.48035714285714287,exploratory_unweighted_not_clinical_reference
2021-2023,MCQ_L,MCQ160A,male,70-79,9.0,3,0.005357142857142857,exploratory_unweighted_not_clinical_reference
2021-2023,MCQ_L,MCQ160A,male,80+,2.0,119,0.5107296137339056,exploratory_unweighted_not_clinical_reference
2021-2023,MCQ_L,MCQ160A,male,80+,1.0,112,0.48068669527896996,exploratory_unweighted_not_clinical_reference
2021-2023,MCQ_L,MCQ160A,male,80+,9.0,2,0.008583690987124463,exploratory_unweighted_not_clinical_reference
2021-2023,MCQ_L,MCQ195,female,18-29,2.0,9,0.391304347826087,exploratory_unweighted_not_clinical_reference
2021-2023,MCQ_L,MCQ195,female,18-29,9.0,5,0.21739130434782608,exploratory_unweighted_not_clinical_reference
2021-2023,MCQ_L,MCQ195,female,18-29,4.0,5,0.21739130434782608,exploratory_unweighted_not_clinical_reference
2021-2023,MCQ_L,MCQ195,female,18-29,1.0,3,0.13043478260869565,exploratory_unweighted_not_clinical_reference
2021-2023,MCQ_L,MCQ195,female,18-29,3.0,1,0.043478260869565216,exploratory_unweighted_not_clinical_reference
2021-2023,MCQ_L,MCQ195,female,30-39,1.0,25,0.4716981132075472,exploratory_unweighted_not_clinical_reference
2021-2023,MCQ_L,MCQ195,female,30-39,4.0,11,0.20754716981132076,exploratory_unweighted_not_clinical_reference
2021-2023,MCQ_L,MCQ195,female,30-39,2.0,9,0.16981132075471697,exploratory_unweighted_not_clinical_reference
2021-2023,MCQ_L,MCQ195,female,30-39,9.0,5,0.09433962264150944,exploratory_unweighted_not_clinical_reference
2021-2023,MCQ_L,MCQ195,female,30-39,3.0,3,0.05660377358490566,exploratory_unweighted_not_clinical_reference
2021-2023,MCQ_L,MCQ195,female,40-49,1.0,52,0.4642857142857143,exploratory_unweighted_not_clinical_reference
2021-2023,MCQ_L,MCQ195,female,40-49,2.0,23,0.20535714285714285,exploratory_unweighted_not_clinical_reference
2021-2023,MCQ_L,MCQ195,female,40-49,9.0,19,0.16964285714285715,exploratory_unweighted_not_clinical_reference
2021-2023,MCQ_L,MCQ195,female,40-49,4.0,16,0.14285714285714285,exploratory_unweighted_not_clinical_reference
2021-2023,MCQ_L,MCQ195,female,40-49,3.0,2,0.017857142857142856,exploratory_unweighted_not_clinical_reference
2021-2023,MCQ_L,MCQ195,female,50-59,1.0,145,0.5350553505535055,exploratory_unweighted_not_clinical_reference
2021-2023,MCQ_L,MCQ195,female,50-59,2.0,44,0.16236162361623616,exploratory_unweighted_not_clinical_reference
2021-2023,MCQ_L,MCQ195,female,50-59,9.0,37,0.13653136531365315,exploratory_unweighted_not_clinical_reference
2021-2023,MCQ_L,MCQ195,female,50-59,4.0,32,0.11808118081180811,exploratory_unweighted_not_clinical_reference
2021-2023,MCQ_L,MCQ195,female,50-59,3.0,11,0.04059040590405904,exploratory_unweighted_not_clinical_reference
2021-2023,MCQ_L,MCQ195,female,50-59,7.0,2,0.007380073800738007,exploratory_unweighted_not_clinical_reference
2021-2023,MCQ_L,MCQ195,female,60-69,1.0,300,0.5725190839694656,exploratory_unweighted_not_clinical_reference
2021-2023,MCQ_L,MCQ195,female,60-69,2.0,89,0.16984732824427481,exploratory_unweighted_not_clinical_reference
2021-2023,MCQ_L,MCQ195,female,60-69,9.0,87,0.16603053435114504,exploratory_unweighted_not_clinical_reference
2021-2023,MCQ_L,MCQ195,female,60-69,4.0,37,0.07061068702290077,exploratory_unweighted_not_clinical_reference
2021-2023,MCQ_L,MCQ195,female,60-69,3.0,11,0.02099236641221374,exploratory_unweighted_not_clinical_reference
2021-2023,MCQ_L,MCQ195,female,70-79,1.0,238,0.6118251928020566,exploratory_unweighted_not_clinical_reference
2021-2023,MCQ_L,MCQ195,female,70-79,9.0,71,0.18251928020565553,exploratory_unweighted_not_clinical_reference
2021-2023,MCQ_L,MCQ195,female,70-79,2.0,49,0.12596401028277635,exploratory_unweighted_not_clinical_reference
2021-2023,MCQ_L,MCQ195,female,70-79,4.0,29,0.07455012853470437,exploratory_unweighted_not_clinical_reference
2021-2023,MCQ_L,MCQ195,female,70-79,3.0,2,0.005141388174807198,exploratory_unweighted_not_clinical_reference
2021-2023,MCQ_L,MCQ195,female,80+,1.0,111,0.5904255319148937,exploratory_unweighted_not_clinical_reference
2021-2023,MCQ_L,MCQ195,female,80+,9.0,41,0.21808510638297873,exploratory_unweighted_not_clinical_reference
2021-2023,MCQ_L,MCQ195,female,80+,2.0,23,0.12234042553191489,exploratory_unweighted_not_clinical_reference
2021-2023,MCQ_L,MCQ195,female,80+,4.0,10,0.05319148936170213,exploratory_unweighted_not_clinical_reference
2021-2023,MCQ_L,MCQ195,female,80+,3.0,3,0.015957446808510637,exploratory_unweighted_not_clinical_reference
2021-2023,MCQ_L,MCQ195,male,30-39,4.0,11,0.39285714285714285,exploratory_unweighted_not_clinical_reference
2021-2023,MCQ_L,MCQ195,male,30-39,1.0,7,0.25,exploratory_unweighted_not_clinical_reference
2021-2023,MCQ_L,MCQ195,male,30-39,9.0,6,0.21428571428571427,exploratory_unweighted_not_clinical_reference
2021-2023,MCQ_L,MCQ195,male,30-39,2.0,4,0.14285714285714285,exploratory_unweighted_not_clinical_reference
2021-2023,MCQ_L,MCQ195,male,40-49,1.0,18,0.3157894736842105,exploratory_unweighted_not_clinical_reference
2021-2023,MCQ_L,MCQ195,male,40-49,9.0,15,0.2631578947368421,exploratory_unweighted_not_clinical_reference
2021-2023,MCQ_L,MCQ195,male,40-49,2.0,11,0.19298245614035087,exploratory_unweighted_not_clinical_reference
2021-2023,MCQ_L,MCQ195,male,40-49,4.0,10,0.17543859649122806,exploratory_unweighted_not_clinical_reference
2021-2023,MCQ_L,MCQ195,male,40-49,3.0,3,0.05263157894736842,exploratory_unweighted_not_clinical_reference
2021-2023,MCQ_L,MCQ195,male,50-59,1.0,64,0.3878787878787879,exploratory_unweighted_not_clinical_reference
2021-2023,MCQ_L,MCQ195,male,50-59,9.0,38,0.23030303030303031,exploratory_unweighted_not_clinical_reference
2021-2023,MCQ_L,MCQ195,male,50-59,2.0,36,0.21818181818181817,exploratory_unweighted_not_clinical_reference
2021-2023,MCQ_L,MCQ195,male,50-59,4.0,21,0.12727272727272726,exploratory_unweighted_not_clinical_reference
2021-2023,MCQ_L,MCQ195,male,50-59,3.0,6,0.03636363636363636,exploratory_unweighted_not_clinical_reference
2021-2023,MCQ_L,MCQ195,male,60-69,1.0,159,0.4847560975609756,exploratory_unweighted_not_clinical_reference
2021-2023,MCQ_L,MCQ195,male,60-69,9.0,73,0.2225609756097561,exploratory_unweighted_not_clinical_reference
2021-2023,MCQ_L,MCQ195,male,60-69,2.0,50,0.1524390243902439,exploratory_unweighted_not_clinical_reference
2021-2023,MCQ_L,MCQ195,male,60-69,4.0,37,0.11280487804878049,exploratory_unweighted_not_clinical_reference
2021-2023,MCQ_L,MCQ195,male,60-69,3.0,9,0.027439024390243903,exploratory_unweighted_not_clinical_reference
2021-2023,MCQ_L,MCQ195,male,70-79,1.0,123,0.45724907063197023,exploratory_unweighted_not_clinical_reference
2021-2023,MCQ_L,MCQ195,male,70-79,9.0,68,0.2527881040892193,exploratory_unweighted_not_clinical_reference
2021-2023,MCQ_L,MCQ195,male,70-79,2.0,44,0.16356877323420074,exploratory_unweighted_not_clinical_reference
2021-2023,MCQ_L,MCQ195,male,70-79,4.0,24,0.08921933085501858,exploratory_unweighted_not_clinical_reference
2021-2023,MCQ_L,MCQ195,male,70-79,3.0,7,0.026022304832713755,exploratory_unweighted_not_clinical_reference
2021-2023,MCQ_L,MCQ195,male,70-79,7.0,3,0.011152416356877323,exploratory_unweighted_not_clinical_reference
2021-2023,MCQ_L,MCQ195,male,80+,1.0,50,0.44642857142857145,exploratory_unweighted_not_clinical_reference
2021-2023,MCQ_L,MCQ195,male,80+,9.0,28,0.25,exploratory_unweighted_not_clinical_reference
2021-2023,MCQ_L,MCQ195,male,80+,2.0,22,0.19642857142857142,exploratory_unweighted_not_clinical_reference
2021-2023,MCQ_L,MCQ195,male,80+,4.0,10,0.08928571428571429,exploratory_unweighted_not_clinical_reference
2021-2023,MCQ_L,MCQ195,male,80+,3.0,2,0.017857142857142856,exploratory_unweighted_not_clinical_reference
2021-2023,MCQ_L,MCQ160B,female,18-29,2.0,497,1.0,exploratory_unweighted_not_clinical_reference
2021-2023,MCQ_L,MCQ160B,female,30-39,2.0,679,0.9985294117647059,exploratory_unweighted_not_clinical_reference
2021-2023,MCQ_L,MCQ160B,female,30-39,1.0,1,0.0014705882352941176,exploratory_unweighted_not_clinical_reference
2021-2023,MCQ_L,MCQ160B,female,40-49,2.0,570,0.9844559585492227,exploratory_unweighted_not_clinical_reference
2021-2023,MCQ_L,MCQ160B,female,40-49,1.0,9,0.015544041450777202,exploratory_unweighted_not_clinical_reference
2021-2023,MCQ_L,MCQ160B,female,50-59,2.0,632,0.9723076923076923,exploratory_unweighted_not_clinical_reference
2021-2023,MCQ_L,MCQ160B,female,50-59,1.0,17,0.026153846153846153,exploratory_unweighted_not_clinical_reference
2021-2023,MCQ_L,MCQ160B,female,50-59,9.0,1,0.0015384615384615385,exploratory_unweighted_not_clinical_reference
2021-2023,MCQ_L,MCQ160B,female,60-69,2.0,915,0.9442724458204335,exploratory_unweighted_not_clinical_reference
2021-2023,MCQ_L,MCQ160B,female,60-69,1.0,52,0.053663570691434466,exploratory_unweighted_not_clinical_reference
2021-2023,MCQ_L,MCQ160B,female,60-69,9.0,2,0.0020639834881320948,exploratory_unweighted_not_clinical_reference
2021-2023,MCQ_L,MCQ160B,female,70-79,2.0,608,0.9296636085626911,exploratory_unweighted_not_clinical_reference
2021-2023,MCQ_L,MCQ160B,female,70-79,1.0,43,0.06574923547400612,exploratory_unweighted_not_clinical_reference
2021-2023,MCQ_L,MCQ160B,female,70-79,9.0,3,0.0045871559633027525,exploratory_unweighted_not_clinical_reference
2021-2023,MCQ_L,MCQ160B,female,80+,2.0,255,0.8732876712328768,exploratory_unweighted_not_clinical_reference
2021-2023,MCQ_L,MCQ160B,female,80+,1.0,36,0.1232876712328767,exploratory_unweighted_not_clinical_reference
2021-2023,MCQ_L,MCQ160B,female,80+,9.0,1,0.003424657534246575,exploratory_unweighted_not_clinical_reference
2021-2023,MCQ_L,MCQ160B,male,18-29,2.0,407,1.0,exploratory_unweighted_not_clinical_reference
2021-2023,MCQ_L,MCQ160B,male,30-39,2.0,498,0.996,exploratory_unweighted_not_clinical_reference
2021-2023,MCQ_L,MCQ160B,male,30-39,1.0,2,0.004,exploratory_unweighted_not_clinical_reference
2021-2023,MCQ_L,MCQ160B,male,40-49,2.0,459,0.9913606911447084,exploratory_unweighted_not_clinical_reference
2021-2023,MCQ_L,MCQ160B,male,40-49,1.0,4,0.008639308855291577,exploratory_unweighted_not_clinical_reference
2021-2023,MCQ_L,MCQ160B,male,50-59,2.0,502,0.9507575757575758,exploratory_unweighted_not_clinical_reference
2021-2023,MCQ_L,MCQ160B,male,50-59,1.0,25,0.04734848484848485,exploratory_unweighted_not_clinical_reference
2021-2023,MCQ_L,MCQ160B,male,50-59,9.0,1,0.001893939393939394,exploratory_unweighted_not_clinical_reference
2021-2023,MCQ_L,MCQ160B,male,60-69,2.0,731,0.9183417085427136,exploratory_unweighted_not_clinical_reference
2021-2023,MCQ_L,MCQ160B,male,60-69,1.0,62,0.07788944723618091,exploratory_unweighted_not_clinical_reference
2021-2023,MCQ_L,MCQ160B,male,60-69,9.0,3,0.0037688442211055275,exploratory_unweighted_not_clinical_reference
2021-2023,MCQ_L,MCQ160B,male,70-79,2.0,496,0.8857142857142857,exploratory_unweighted_not_clinical_reference
2021-2023,MCQ_L,MCQ160B,male,70-79,1.0,60,0.10714285714285714,exploratory_unweighted_not_clinical_reference
2021-2023,MCQ_L,MCQ160B,male,70-79,9.0,4,0.007142857142857143,exploratory_unweighted_not_clinical_reference
2021-2023,MCQ_L,MCQ160B,male,80+,2.0,199,0.8540772532188842,exploratory_unweighted_not_clinical_reference
2021-2023,MCQ_L,MCQ160B,male,80+,1.0,32,0.13733905579399142,exploratory_unweighted_not_clinical_reference
2021-2023,MCQ_L,MCQ160B,male,80+,9.0,2,0.008583690987124463,exploratory_unweighted_not_clinical_reference
2021-2023,MCQ_L,MCQ160C,female,18-29,2.0,497,1.0,exploratory_unweighted_not_clinical_reference
2021-2023,MCQ_L,MCQ160C,female,30-39,2.0,678,0.9970588235294118,exploratory_unweighted_not_clinical_reference
2021-2023,MCQ_L,MCQ160C,female,30-39,1.0,2,0.0029411764705882353,exploratory_unweighted_not_clinical_reference
2021-2023,MCQ_L,MCQ160C,female,40-49,2.0,577,0.9965457685664939,exploratory_unweighted_not_clinical_reference
2021-2023,MCQ_L,MCQ160C,female,40-49,1.0,2,0.0034542314335060447,exploratory_unweighted_not_clinical_reference
2021-2023,MCQ_L,MCQ160C,female,50-59,2.0,632,0.9723076923076923,exploratory_unweighted_not_clinical_reference
2021-2023,MCQ_L,MCQ160C,female,50-59,1.0,17,0.026153846153846153,exploratory_unweighted_not_clinical_reference
2021-2023,MCQ_L,MCQ160C,female,50-59,9.0,1,0.0015384615384615385,exploratory_unweighted_not_clinical_reference
2021-2023,MCQ_L,MCQ160C,female,60-69,2.0,932,0.9618163054695562,exploratory_unweighted_not_clinical_reference
2021-2023,MCQ_L,MCQ160C,female,60-69,1.0,35,0.03611971104231166,exploratory_unweighted_not_clinical_reference
2021-2023,MCQ_L,MCQ160C,female,60-69,9.0,2,0.0020639834881320948,exploratory_unweighted_not_clinical_reference
2021-2023,MCQ_L,MCQ160C,female,70-79,2.0,605,0.9250764525993884,exploratory_unweighted_not_clinical_reference
2021-2023,MCQ_L,MCQ160C,female,70-79,1.0,46,0.07033639143730887,exploratory_unweighted_not_clinical_reference
2021-2023,MCQ_L,MCQ160C,female,70-79,9.0,3,0.0045871559633027525,exploratory_unweighted_not_clinical_reference
2021-2023,MCQ_L,MCQ160C,female,80+,2.0,249,0.8527397260273972,exploratory_unweighted_not_clinical_reference
2021-2023,MCQ_L,MCQ160C,female,80+,1.0,38,0.13013698630136986,exploratory_unweighted_not_clinical_reference
2021-2023,MCQ_L,MCQ160C,female,80+,9.0,5,0.017123287671232876,exploratory_unweighted_not_clinical_reference
2021-2023,MCQ_L,MCQ160C,male,18-29,2.0,407,1.0,exploratory_unweighted_not_clinical_reference
2021-2023,MCQ_L,MCQ160C,male,30-39,2.0,498,0.996,exploratory_unweighted_not_clinical_reference
2021-2023,MCQ_L,MCQ160C,male,30-39,1.0,2,0.004,exploratory_unweighted_not_clinical_reference
2021-2023,MCQ_L,MCQ160C,male,40-49,2.0,459,0.9913606911447084,exploratory_unweighted_not_clinical_reference
2021-2023,MCQ_L,MCQ160C,male,40-49,1.0,3,0.0064794816414686825,exploratory_unweighted_not_clinical_reference
2021-2023,MCQ_L,MCQ160C,male,40-49,9.0,1,0.0021598272138228943,exploratory_unweighted_not_clinical_reference
2021-2023,MCQ_L,MCQ160C,male,50-59,2.0,499,0.9450757575757576,exploratory_unweighted_not_clinical_reference
2021-2023,MCQ_L,MCQ160C,male,50-59,1.0,22,0.041666666666666664,exploratory_unweighted_not_clinical_reference
2021-2023,MCQ_L,MCQ160C,male,50-59,9.0,7,0.013257575757575758,exploratory_unweighted_not_clinical_reference
2021-2023,MCQ_L,MCQ160C,male,60-69,2.0,697,0.8767295597484277,exploratory_unweighted_not_clinical_reference
2021-2023,MCQ_L,MCQ160C,male,60-69,1.0,91,0.11446540880503145,exploratory_unweighted_not_clinical_reference
2021-2023,MCQ_L,MCQ160C,male,60-69,9.0,7,0.00880503144654088,exploratory_unweighted_not_clinical_reference
2021-2023,MCQ_L,MCQ160C,male,70-79,2.0,462,0.825,exploratory_unweighted_not_clinical_reference
2021-2023,MCQ_L,MCQ160C,male,70-79,1.0,94,0.16785714285714284,exploratory_unweighted_not_clinical_reference
2021-2023,MCQ_L,MCQ160C,male,70-79,9.0,4,0.007142857142857143,exploratory_unweighted_not_clinical_reference
2021-2023,MCQ_L,MCQ160C,male,80+,2.0,179,0.7682403433476395,exploratory_unweighted_not_clinical_reference
2021-2023,MCQ_L,MCQ160C,male,80+,1.0,50,0.2145922746781116,exploratory_unweighted_not_clinical_reference
2021-2023,MCQ_L,MCQ160C,male,80+,9.0,4,0.017167381974248927,exploratory_unweighted_not_clinical_reference
2021-2023,MCQ_L,MCQ160D,female,18-29,2.0,495,0.9959758551307847,exploratory_unweighted_not_clinical_reference
2021-2023,MCQ_L,MCQ160D,female,18-29,1.0,2,0.004024144869215292,exploratory_unweighted_not_clinical_reference
2021-2023,MCQ_L,MCQ160D,female,30-39,2.0,676,0.9941176470588236,exploratory_unweighted_not_clinical_reference
2021-2023,MCQ_L,MCQ160D,female,30-39,1.0,3,0.004411764705882353,exploratory_unweighted_not_clinical_reference
2021-2023,MCQ_L,MCQ160D,female,30-39,9.0,1,0.0014705882352941176,exploratory_unweighted_not_clinical_reference
2021-2023,MCQ_L,MCQ160D,female,40-49,2.0,576,0.9948186528497409,exploratory_unweighted_not_clinical_reference
2021-2023,MCQ_L,MCQ160D,female,40-49,1.0,2,0.0034542314335060447,exploratory_unweighted_not_clinical_reference
2021-2023,MCQ_L,MCQ160D,female,40-49,9.0,1,0.0017271157167530224,exploratory_unweighted_not_clinical_reference
2021-2023,MCQ_L,MCQ160D,female,50-59,2.0,636,0.9784615384615385,exploratory_unweighted_not_clinical_reference
2021-2023,MCQ_L,MCQ160D,female,50-59,1.0,14,0.021538461538461538,exploratory_unweighted_not_clinical_reference
2021-2023,MCQ_L,MCQ160D,female,60-69,2.0,949,0.9793601651186791,exploratory_unweighted_not_clinical_reference
2021-2023,MCQ_L,MCQ160D,female,60-69,1.0,19,0.0196078431372549,exploratory_unweighted_not_clinical_reference
2021-2023,MCQ_L,MCQ160D,female,60-69,9.0,1,0.0010319917440660474,exploratory_unweighted_not_clinical_reference
2021-2023,MCQ_L,MCQ160D,female,70-79,2.0,628,0.9602446483180428,exploratory_unweighted_not_clinical_reference
2021-2023,MCQ_L,MCQ160D,female,70-79,1.0,25,0.0382262996941896,exploratory_unweighted_not_clinical_reference
2021-2023,MCQ_L,MCQ160D,female,70-79,9.0,1,0.0015290519877675841,exploratory_unweighted_not_clinical_reference
2021-2023,MCQ_L,MCQ160D,female,80+,2.0,269,0.9212328767123288,exploratory_unweighted_not_clinical_reference
2021-2023,MCQ_L,MCQ160D,female,80+,1.0,20,0.0684931506849315,exploratory_unweighted_not_clinical_reference
2021-2023,MCQ_L,MCQ160D,female,80+,9.0,3,0.010273972602739725,exploratory_unweighted_not_clinical_reference
2021-2023,MCQ_L,MCQ160D,male,18-29,2.0,405,0.995085995085995,exploratory_unweighted_not_clinical_reference
2021-2023,MCQ_L,MCQ160D,male,18-29,1.0,1,0.002457002457002457,exploratory_unweighted_not_clinical_reference
2021-2023,MCQ_L,MCQ160D,male,18-29,9.0,1,0.002457002457002457,exploratory_unweighted_not_clinical_reference
2021-2023,MCQ_L,MCQ160D,male,30-39,2.0,497,0.994,exploratory_unweighted_not_clinical_reference
2021-2023,MCQ_L,MCQ160D,male,30-39,1.0,3,0.006,exploratory_unweighted_not_clinical_reference
2021-2023,MCQ_L,MCQ160D,male,40-49,2.0,462,0.9978401727861771,exploratory_unweighted_not_clinical_reference
2021-2023,MCQ_L,MCQ160D,male,40-49,1.0,1,0.0021598272138228943,exploratory_unweighted_not_clinical_reference
2021-2023,MCQ_L,MCQ160D,male,50-59,2.0,513,0.9715909090909091,exploratory_unweighted_not_clinical_reference
2021-2023,MCQ_L,MCQ160D,male,50-59,1.0,12,0.022727272727272728,exploratory_unweighted_not_clinical_reference
2021-2023,MCQ_L,MCQ160D,male,50-59,9.0,3,0.005681818181818182,exploratory_unweighted_not_clinical_reference
2021-2023,MCQ_L,MCQ160D,male,60-69,2.0,757,0.9510050251256281,exploratory_unweighted_not_clinical_reference
2021-2023,MCQ_L,MCQ160D,male,60-69,1.0,34,0.04271356783919598,exploratory_unweighted_not_clinical_reference
2021-2023,MCQ_L,MCQ160D,male,60-69,9.0,5,0.00628140703517588,exploratory_unweighted_not_clinical_reference
2021-2023,MCQ_L,MCQ160D,male,70-79,2.0,526,0.9392857142857143,exploratory_unweighted_not_clinical_reference
2021-2023,MCQ_L,MCQ160D,male,70-79,1.0,30,0.05357142857142857,exploratory_unweighted_not_clinical_reference
2021-2023,MCQ_L,MCQ160D,male,70-79,9.0,4,0.007142857142857143,exploratory_unweighted_not_clinical_reference
2021-2023,MCQ_L,MCQ160D,male,80+,2.0,213,0.9141630901287554,exploratory_unweighted_not_clinical_reference
2021-2023,MCQ_L,MCQ160D,male,80+,1.0,15,0.06437768240343347,exploratory_unweighted_not_clinical_reference
2021-2023,MCQ_L,MCQ160D,male,80+,9.0,5,0.02145922746781116,exploratory_unweighted_not_clinical_reference
2021-2023,MCQ_L,MCQ160E,female,18-29,2.0,496,0.9979879275653923,exploratory_unweighted_not_clinical_reference
2021-2023,MCQ_L,MCQ160E,female,18-29,1.0,1,0.002012072434607646,exploratory_unweighted_not_clinical_reference
2021-2023,MCQ_L,MCQ160E,female,30-39,2.0,677,0.9955882352941177,exploratory_unweighted_not_clinical_reference
2021-2023,MCQ_L,MCQ160E,female,30-39,1.0,3,0.004411764705882353,exploratory_unweighted_not_clinical_reference
2021-2023,MCQ_L,MCQ160E,female,40-49,2.0,578,0.998272884283247,exploratory_unweighted_not_clinical_reference
2021-2023,MCQ_L,MCQ160E,female,40-49,1.0,1,0.0017271157167530224,exploratory_unweighted_not_clinical_reference
2021-2023,MCQ_L,MCQ160E,female,50-59,2.0,631,0.9707692307692307,exploratory_unweighted_not_clinical_reference
2021-2023,MCQ_L,MCQ160E,female,50-59,1.0,19,0.02923076923076923,exploratory_unweighted_not_clinical_reference
2021-2023,MCQ_L,MCQ160E,female,60-69,2.0,934,0.9638802889576883,exploratory_unweighted_not_clinical_reference
2021-2023,MCQ_L,MCQ160E,female,60-69,1.0,33,0.034055727554179564,exploratory_unweighted_not_clinical_reference
2021-2023,MCQ_L,MCQ160E,female,60-69,9.0,2,0.0020639834881320948,exploratory_unweighted_not_clinical_reference
2021-2023,MCQ_L,MCQ160E,female,70-79,2.0,620,0.9480122324159022,exploratory_unweighted_not_clinical_reference
2021-2023,MCQ_L,MCQ160E,female,70-79,1.0,32,0.04892966360856269,exploratory_unweighted_not_clinical_reference
2021-2023,MCQ_L,MCQ160E,female,70-79,9.0,2,0.0030581039755351682,exploratory_unweighted_not_clinical_reference
2021-2023,MCQ_L,MCQ160E,female,80+,2.0,262,0.8972602739726028,exploratory_unweighted_not_clinical_reference
2021-2023,MCQ_L,MCQ160E,female,80+,1.0,29,0.09931506849315068,exploratory_unweighted_not_clinical_reference
2021-2023,MCQ_L,MCQ160E,female,80+,9.0,1,0.003424657534246575,exploratory_unweighted_not_clinical_reference
2021-2023,MCQ_L,MCQ160E,male,18-29,2.0,406,0.9975429975429976,exploratory_unweighted_not_clinical_reference
2021-2023,MCQ_L,MCQ160E,male,18-29,1.0,1,0.002457002457002457,exploratory_unweighted_not_clinical_reference
2021-2023,MCQ_L,MCQ160E,male,30-39,2.0,494,0.988,exploratory_unweighted_not_clinical_reference
2021-2023,MCQ_L,MCQ160E,male,30-39,1.0,5,0.01,exploratory_unweighted_not_clinical_reference
2021-2023,MCQ_L,MCQ160E,male,30-39,9.0,1,0.002,exploratory_unweighted_not_clinical_reference
2021-2023,MCQ_L,MCQ160E,male,40-49,2.0,457,0.9891774891774892,exploratory_unweighted_not_clinical_reference
2021-2023,MCQ_L,MCQ160E,male,40-49,1.0,5,0.010822510822510822,exploratory_unweighted_not_clinical_reference
2021-2023,MCQ_L,MCQ160E,male,50-59,2.0,503,0.9526515151515151,exploratory_unweighted_not_clinical_reference
2021-2023,MCQ_L,MCQ160E,male,50-59,1.0,24,0.045454545454545456,exploratory_unweighted_not_clinical_reference
2021-2023,MCQ_L,MCQ160E,male,50-59,9.0,1,0.001893939393939394,exploratory_unweighted_not_clinical_reference
2021-2023,MCQ_L,MCQ160E,male,60-69,2.0,713,0.8957286432160804,exploratory_unweighted_not_clinical_reference
2021-2023,MCQ_L,MCQ160E,male,60-69,1.0,81,0.10175879396984924,exploratory_unweighted_not_clinical_reference
2021-2023,MCQ_L,MCQ160E,male,60-69,9.0,2,0.002512562814070352,exploratory_unweighted_not_clinical_reference
2021-2023,MCQ_L,MCQ160E,male,70-79,2.0,498,0.8892857142857142,exploratory_unweighted_not_clinical_reference
2021-2023,MCQ_L,MCQ160E,male,70-79,1.0,59,0.10535714285714286,exploratory_unweighted_not_clinical_reference
2021-2023,MCQ_L,MCQ160E,male,70-79,9.0,3,0.005357142857142857,exploratory_unweighted_not_clinical_reference
2021-2023,MCQ_L,MCQ160E,male,80+,2.0,193,0.8283261802575107,exploratory_unweighted_not_clinical_reference
2021-2023,MCQ_L,MCQ160E,male,80+,1.0,39,0.16738197424892703,exploratory_unweighted_not_clinical_reference
2021-2023,MCQ_L,MCQ160E,male,80+,9.0,1,0.004291845493562232,exploratory_unweighted_not_clinical_reference
2021-2023,MCQ_L,MCQ160F,female,18-29,2.0,495,0.9959758551307847,exploratory_unweighted_not_clinical_reference
2021-2023,MCQ_L,MCQ160F,female,18-29,1.0,2,0.004024144869215292,exploratory_unweighted_not_clinical_reference
2021-2023,MCQ_L,MCQ160F,female,30-39,2.0,676,0.9941176470588236,exploratory_unweighted_not_clinical_reference
2021-2023,MCQ_L,MCQ160F,female,30-39,1.0,4,0.0058823529411764705,exploratory_unweighted_not_clinical_reference
2021-2023,MCQ_L,MCQ160F,female,40-49,2.0,571,0.9861830742659758,exploratory_unweighted_not_clinical_reference
2021-2023,MCQ_L,MCQ160F,female,40-49,1.0,7,0.012089810017271158,exploratory_unweighted_not_clinical_reference
2021-2023,MCQ_L,MCQ160F,female,40-49,9.0,1,0.0017271157167530224,exploratory_unweighted_not_clinical_reference
2021-2023,MCQ_L,MCQ160F,female,50-59,2.0,614,0.9446153846153846,exploratory_unweighted_not_clinical_reference
2021-2023,MCQ_L,MCQ160F,female,50-59,1.0,34,0.052307692307692305,exploratory_unweighted_not_clinical_reference
2021-2023,MCQ_L,MCQ160F,female,50-59,9.0,2,0.003076923076923077,exploratory_unweighted_not_clinical_reference
2021-2023,MCQ_L,MCQ160F,female,60-69,2.0,913,0.9422084623323014,exploratory_unweighted_not_clinical_reference
2021-2023,MCQ_L,MCQ160F,female,60-69,1.0,55,0.05675954592363261,exploratory_unweighted_not_clinical_reference
2021-2023,MCQ_L,MCQ160F,female,60-69,9.0,1,0.0010319917440660474,exploratory_unweighted_not_clinical_reference
2021-2023,MCQ_L,MCQ160F,female,70-79,2.0,601,0.918960244648318,exploratory_unweighted_not_clinical_reference
2021-2023,MCQ_L,MCQ160F,female,70-79,1.0,49,0.07492354740061162,exploratory_unweighted_not_clinical_reference
2021-2023,MCQ_L,MCQ160F,female,70-79,9.0,4,0.0061162079510703364,exploratory_unweighted_not_clinical_reference
2021-2023,MCQ_L,MCQ160F,female,80+,2.0,253,0.8664383561643836,exploratory_unweighted_not_clinical_reference
2021-2023,MCQ_L,MCQ160F,female,80+,1.0,38,0.13013698630136986,exploratory_unweighted_not_clinical_reference
2021-2023,MCQ_L,MCQ160F,female,80+,9.0,1,0.003424657534246575,exploratory_unweighted_not_clinical_reference
2021-2023,MCQ_L,MCQ160F,male,18-29,2.0,406,0.9975429975429976,exploratory_unweighted_not_clinical_reference
2021-2023,MCQ_L,MCQ160F,male,18-29,1.0,1,0.002457002457002457,exploratory_unweighted_not_clinical_reference
2021-2023,MCQ_L,MCQ160F,male,30-39,2.0,496,0.992,exploratory_unweighted_not_clinical_reference
2021-2023,MCQ_L,MCQ160F,male,30-39,1.0,4,0.008,exploratory_unweighted_not_clinical_reference
2021-2023,MCQ_L,MCQ160F,male,40-49,2.0,454,0.9826839826839827,exploratory_unweighted_not_clinical_reference
2021-2023,MCQ_L,MCQ160F,male,40-49,1.0,8,0.017316017316017316,exploratory_unweighted_not_clinical_reference
2021-2023,MCQ_L,MCQ160F,male,50-59,2.0,502,0.9507575757575758,exploratory_unweighted_not_clinical_reference
2021-2023,MCQ_L,MCQ160F,male,50-59,1.0,23,0.043560606060606064,exploratory_unweighted_not_clinical_reference
2021-2023,MCQ_L,MCQ160F,male,50-59,9.0,3,0.005681818181818182,exploratory_unweighted_not_clinical_reference
2021-2023,MCQ_L,MCQ160F,male,60-69,2.0,734,0.9232704402515723,exploratory_unweighted_not_clinical_reference
2021-2023,MCQ_L,MCQ160F,male,60-69,1.0,59,0.07421383647798742,exploratory_unweighted_not_clinical_reference
2021-2023,MCQ_L,MCQ160F,male,60-69,9.0,2,0.0025157232704402514,exploratory_unweighted_not_clinical_reference
2021-2023,MCQ_L,MCQ160F,male,70-79,2.0,503,0.8982142857142857,exploratory_unweighted_not_clinical_reference
2021-2023,MCQ_L,MCQ160F,male,70-79,1.0,55,0.09821428571428571,exploratory_unweighted_not_clinical_reference
2021-2023,MCQ_L,MCQ160F,male,70-79,9.0,2,0.0035714285714285713,exploratory_unweighted_not_clinical_reference
2021-2023,MCQ_L,MCQ160F,male,80+,2.0,200,0.8583690987124464,exploratory_unweighted_not_clinical_reference
2021-2023,MCQ_L,MCQ160F,male,80+,1.0,28,0.12017167381974249,exploratory_unweighted_not_clinical_reference
2021-2023,MCQ_L,MCQ160F,male,80+,9.0,5,0.02145922746781116,exploratory_unweighted_not_clinical_reference
2021-2023,MCQ_L,MCQ160M,female,18-29,2.0,471,0.9476861167002012,exploratory_unweighted_not_clinical_reference
2021-2023,MCQ_L,MCQ160M,female,18-29,1.0,24,0.0482897384305835,exploratory_unweighted_not_clinical_reference
2021-2023,MCQ_L,MCQ160M,female,18-29,9.0,2,0.004024144869215292,exploratory_unweighted_not_clinical_reference
2021-2023,MCQ_L,MCQ160M,female,30-39,2.0,603,0.8867647058823529,exploratory_unweighted_not_clinical_reference
2021-2023,MCQ_L,MCQ160M,female,30-39,1.0,75,0.11029411764705882,exploratory_unweighted_not_clinical_reference
2021-2023,MCQ_L,MCQ160M,female,30-39,7.0,1,0.0014705882352941176,exploratory_unweighted_not_clinical_reference
2021-2023,MCQ_L,MCQ160M,female,30-39,9.0,1,0.0014705882352941176,exploratory_unweighted_not_clinical_reference
2021-2023,MCQ_L,MCQ160M,female,40-49,2.0,495,0.8549222797927462,exploratory_unweighted_not_clinical_reference
2021-2023,MCQ_L,MCQ160M,female,40-49,1.0,84,0.14507772020725387,exploratory_unweighted_not_clinical_reference
2021-2023,MCQ_L,MCQ160M,female,50-59,2.0,509,0.7830769230769231,exploratory_unweighted_not_clinical_reference
2021-2023,MCQ_L,MCQ160M,female,50-59,1.0,140,0.2153846153846154,exploratory_unweighted_not_clinical_reference
2021-2023,MCQ_L,MCQ160M,female,50-59,9.0,1,0.0015384615384615385,exploratory_unweighted_not_clinical_reference
2021-2023,MCQ_L,MCQ160M,female,60-69,2.0,739,0.762641898864809,exploratory_unweighted_not_clinical_reference
2021-2023,MCQ_L,MCQ160M,female,60-69,1.0,229,0.23632610939112486,exploratory_unweighted_not_clinical_reference
2021-2023,MCQ_L,MCQ160M,female,60-69,9.0,1,0.0010319917440660474,exploratory_unweighted_not_clinical_reference
2021-2023,MCQ_L,MCQ160M,female,70-79,2.0,454,0.6941896024464832,exploratory_unweighted_not_clinical_reference
2021-2023,MCQ_L,MCQ160M,female,70-79,1.0,198,0.30275229357798167,exploratory_unweighted_not_clinical_reference
2021-2023,MCQ_L,MCQ160M,female,70-79,9.0,2,0.0030581039755351682,exploratory_unweighted_not_clinical_reference
2021-2023,MCQ_L,MCQ160M,female,80+,2.0,203,0.6952054794520548,exploratory_unweighted_not_clinical_reference
2021-2023,MCQ_L,MCQ160M,female,80+,1.0,89,0.3047945205479452,exploratory_unweighted_not_clinical_reference
2021-2023,MCQ_L,MCQ160M,male,18-29,2.0,402,0.9877149877149877,exploratory_unweighted_not_clinical_reference
2021-2023,MCQ_L,MCQ160M,male,18-29,1.0,5,0.012285012285012284,exploratory_unweighted_not_clinical_reference
2021-2023,MCQ_L,MCQ160M,male,30-39,2.0,489,0.978,exploratory_unweighted_not_clinical_reference
2021-2023,MCQ_L,MCQ160M,male,30-39,1.0,11,0.022,exploratory_unweighted_not_clinical_reference
2021-2023,MCQ_L,MCQ160M,male,40-49,2.0,450,0.974025974025974,exploratory_unweighted_not_clinical_reference
2021-2023,MCQ_L,MCQ160M,male,40-49,1.0,12,0.025974025974025976,exploratory_unweighted_not_clinical_reference
2021-2023,MCQ_L,MCQ160M,male,50-59,2.0,500,0.946969696969697,exploratory_unweighted_not_clinical_reference
2021-2023,MCQ_L,MCQ160M,male,50-59,1.0,26,0.04924242424242424,exploratory_unweighted_not_clinical_reference
2021-2023,MCQ_L,MCQ160M,male,50-59,9.0,2,0.003787878787878788,exploratory_unweighted_not_clinical_reference
2021-2023,MCQ_L,MCQ160M,male,60-69,2.0,726,0.9120603015075377,exploratory_unweighted_not_clinical_reference
2021-2023,MCQ_L,MCQ160M,male,60-69,1.0,66,0.0829145728643216,exploratory_unweighted_not_clinical_reference
2021-2023,MCQ_L,MCQ160M,male,60-69,9.0,4,0.005025125628140704,exploratory_unweighted_not_clinical_reference
2021-2023,MCQ_L,MCQ160M,male,70-79,2.0,490,0.875,exploratory_unweighted_not_clinical_reference
2021-2023,MCQ_L,MCQ160M,male,70-79,1.0,67,0.11964285714285715,exploratory_unweighted_not_clinical_reference
2021-2023,MCQ_L,MCQ160M,male,70-79,9.0,3,0.005357142857142857,exploratory_unweighted_not_clinical_reference
2021-2023,MCQ_L,MCQ160M,male,80+,2.0,203,0.875,exploratory_unweighted_not_clinical_reference
2021-2023,MCQ_L,MCQ160M,male,80+,1.0,27,0.11637931034482758,exploratory_unweighted_not_clinical_reference
2021-2023,MCQ_L,MCQ160M,male,80+,9.0,2,0.008620689655172414,exploratory_unweighted_not_clinical_reference
2021-2023,MCQ_L,MCQ170M,female,18-29,1.0,15,0.625,exploratory_unweighted_not_clinical_reference
2021-2023,MCQ_L,MCQ170M,female,18-29,2.0,7,0.2916666666666667,exploratory_unweighted_not_clinical_reference
2021-2023,MCQ_L,MCQ170M,female,18-29,9.0,2,0.08333333333333333,exploratory_unweighted_not_clinical_reference
2021-2023,MCQ_L,MCQ170M,female,30-39,1.0,58,0.7733333333333333,exploratory_unweighted_not_clinical_reference
2021-2023,MCQ_L,MCQ170M,female,30-39,2.0,13,0.17333333333333334,exploratory_unweighted_not_clinical_reference
2021-2023,MCQ_L,MCQ170M,female,30-39,9.0,4,0.05333333333333334,exploratory_unweighted_not_clinical_reference
2021-2023,MCQ_L,MCQ170M,female,40-49,1.0,65,0.7738095238095238,exploratory_unweighted_not_clinical_reference
2021-2023,MCQ_L,MCQ170M,female,40-49,2.0,18,0.21428571428571427,exploratory_unweighted_not_clinical_reference
2021-2023,MCQ_L,MCQ170M,female,40-49,9.0,1,0.011904761904761904,exploratory_unweighted_not_clinical_reference
2021-2023,MCQ_L,MCQ170M,female,50-59,1.0,119,0.85,exploratory_unweighted_not_clinical_reference
2021-2023,MCQ_L,MCQ170M,female,50-59,2.0,19,0.1357142857142857,exploratory_unweighted_not_clinical_reference
2021-2023,MCQ_L,MCQ170M,female,50-59,9.0,2,0.014285714285714285,exploratory_unweighted_not_clinical_reference
2021-2023,MCQ_L,MCQ170M,female,60-69,1.0,188,0.8209606986899564,exploratory_unweighted_not_clinical_reference
2021-2023,MCQ_L,MCQ170M,female,60-69,2.0,39,0.1703056768558952,exploratory_unweighted_not_clinical_reference
2021-2023,MCQ_L,MCQ170M,female,60-69,9.0,2,0.008733624454148471,exploratory_unweighted_not_clinical_reference
2021-2023,MCQ_L,MCQ170M,female,70-79,1.0,155,0.7828282828282829,exploratory_unweighted_not_clinical_reference
2021-2023,MCQ_L,MCQ170M,female,70-79,2.0,41,0.20707070707070707,exploratory_unweighted_not_clinical_reference
2021-2023,MCQ_L,MCQ170M,female,70-79,9.0,2,0.010101010101010102,exploratory_unweighted_not_clinical_reference
2021-2023,MCQ_L,MCQ170M,female,80+,1.0,64,0.7191011235955056,exploratory_unweighted_not_clinical_reference
2021-2023,MCQ_L,MCQ170M,female,80+,2.0,23,0.25842696629213485,exploratory_unweighted_not_clinical_reference
2021-2023,MCQ_L,MCQ170M,female,80+,9.0,2,0.02247191011235955,exploratory_unweighted_not_clinical_reference
2021-2023,MCQ_L,MCQ170M,male,50-59,1.0,23,0.8846153846153846,exploratory_unweighted_not_clinical_reference
2021-2023,MCQ_L,MCQ170M,male,50-59,2.0,2,0.07692307692307693,exploratory_unweighted_not_clinical_reference
2021-2023,MCQ_L,MCQ170M,male,50-59,9.0,1,0.038461538461538464,exploratory_unweighted_not_clinical_reference
2021-2023,MCQ_L,MCQ170M,male,60-69,1.0,52,0.7878787878787878,exploratory_unweighted_not_clinical_reference
2021-2023,MCQ_L,MCQ170M,male,60-69,2.0,11,0.16666666666666666,exploratory_unweighted_not_clinical_reference
2021-2023,MCQ_L,MCQ170M,male,60-69,9.0,3,0.045454545454545456,exploratory_unweighted_not_clinical_reference
2021-2023,MCQ_L,MCQ170M,male,70-79,1.0,53,0.7910447761194029,exploratory_unweighted_not_clinical_reference
2021-2023,MCQ_L,MCQ170M,male,70-79,2.0,13,0.19402985074626866,exploratory_unweighted_not_clinical_reference
2021-2023,MCQ_L,MCQ170M,male,70-79,9.0,1,0.014925373134328358,exploratory_unweighted_not_clinical_reference
2021-2023,MCQ_L,MCQ170M,male,80+,1.0,20,0.7407407407407407,exploratory_unweighted_not_clinical_reference
2021-2023,MCQ_L,MCQ170M,male,80+,2.0,6,0.2222222222222222,exploratory_unweighted_not_clinical_reference
2021-2023,MCQ_L,MCQ170M,male,80+,9.0,1,0.037037037037037035,exploratory_unweighted_not_clinical_reference
2021-2023,MCQ_L,MCQ160P,female,18-29,2.0,486,0.9778672032193159,exploratory_unweighted_not_clinical_reference
2021-2023,MCQ_L,MCQ160P,female,18-29,1.0,11,0.022132796780684104,exploratory_unweighted_not_clinical_reference
2021-2023,MCQ_L,MCQ160P,female,30-39,2.0,658,0.9676470588235294,exploratory_unweighted_not_clinical_reference
2021-2023,MCQ_L,MCQ160P,female,30-39,1.0,20,0.029411764705882353,exploratory_unweighted_not_clinical_reference
2021-2023,MCQ_L,MCQ160P,female,30-39,9.0,2,0.0029411764705882353,exploratory_unweighted_not_clinical_reference
2021-2023,MCQ_L,MCQ160P,female,40-49,2.0,552,0.9533678756476683,exploratory_unweighted_not_clinical_reference
2021-2023,MCQ_L,MCQ160P,female,40-49,1.0,27,0.046632124352331605,exploratory_unweighted_not_clinical_reference
2021-2023,MCQ_L,MCQ160P,female,50-59,2.0,594,0.9138461538461539,exploratory_unweighted_not_clinical_reference
2021-2023,MCQ_L,MCQ160P,female,50-59,1.0,54,0.08307692307692308,exploratory_unweighted_not_clinical_reference
2021-2023,MCQ_L,MCQ160P,female,50-59,9.0,2,0.003076923076923077,exploratory_unweighted_not_clinical_reference
2021-2023,MCQ_L,MCQ160P,female,60-69,2.0,866,0.8937048503611971,exploratory_unweighted_not_clinical_reference
2021-2023,MCQ_L,MCQ160P,female,60-69,1.0,102,0.10526315789473684,exploratory_unweighted_not_clinical_reference
2021-2023,MCQ_L,MCQ160P,female,60-69,9.0,1,0.0010319917440660474,exploratory_unweighted_not_clinical_reference
2021-2023,MCQ_L,MCQ160P,female,70-79,2.0,570,0.8715596330275229,exploratory_unweighted_not_clinical_reference
2021-2023,MCQ_L,MCQ160P,female,70-79,1.0,82,0.12538226299694188,exploratory_unweighted_not_clinical_reference
2021-2023,MCQ_L,MCQ160P,female,70-79,9.0,2,0.0030581039755351682,exploratory_unweighted_not_clinical_reference
2021-2023,MCQ_L,MCQ160P,female,80+,2.0,260,0.8904109589041096,exploratory_unweighted_not_clinical_reference
2021-2023,MCQ_L,MCQ160P,female,80+,1.0,30,0.10273972602739725,exploratory_unweighted_not_clinical_reference
2021-2023,MCQ_L,MCQ160P,female,80+,9.0,2,0.00684931506849315,exploratory_unweighted_not_clinical_reference
2021-2023,MCQ_L,MCQ160P,male,18-29,2.0,404,0.9926289926289926,exploratory_unweighted_not_clinical_reference
2021-2023,MCQ_L,MCQ160P,male,18-29,1.0,3,0.007371007371007371,exploratory_unweighted_not_clinical_reference
2021-2023,MCQ_L,MCQ160P,male,30-39,2.0,491,0.982,exploratory_unweighted_not_clinical_reference
2021-2023,MCQ_L,MCQ160P,male,30-39,1.0,8,0.016,exploratory_unweighted_not_clinical_reference
2021-2023,MCQ_L,MCQ160P,male,30-39,9.0,1,0.002,exploratory_unweighted_not_clinical_reference
2021-2023,MCQ_L,MCQ160P,male,40-49,2.0,453,0.978401727861771,exploratory_unweighted_not_clinical_reference
2021-2023,MCQ_L,MCQ160P,male,40-49,1.0,10,0.02159827213822894,exploratory_unweighted_not_clinical_reference
2021-2023,MCQ_L,MCQ160P,male,50-59,2.0,486,0.9204545454545454,exploratory_unweighted_not_clinical_reference
2021-2023,MCQ_L,MCQ160P,male,50-59,1.0,42,0.07954545454545454,exploratory_unweighted_not_clinical_reference
2021-2023,MCQ_L,MCQ160P,male,60-69,2.0,717,0.9007537688442211,exploratory_unweighted_not_clinical_reference
2021-2023,MCQ_L,MCQ160P,male,60-69,1.0,78,0.09798994974874371,exploratory_unweighted_not_clinical_reference
2021-2023,MCQ_L,MCQ160P,male,60-69,9.0,1,0.001256281407035176,exploratory_unweighted_not_clinical_reference
2021-2023,MCQ_L,MCQ160P,male,70-79,2.0,490,0.875,exploratory_unweighted_not_clinical_reference
2021-2023,MCQ_L,MCQ160P,male,70-79,1.0,68,0.12142857142857143,exploratory_unweighted_not_clinical_reference
2021-2023,MCQ_L,MCQ160P,male,70-79,9.0,2,0.0035714285714285713,exploratory_unweighted_not_clinical_reference
2021-2023,MCQ_L,MCQ160P,male,80+,2.0,199,0.8577586206896551,exploratory_unweighted_not_clinical_reference
2021-2023,MCQ_L,MCQ160P,male,80+,1.0,32,0.13793103448275862,exploratory_unweighted_not_clinical_reference
2021-2023,MCQ_L,MCQ160P,male,80+,9.0,1,0.004310344827586207,exploratory_unweighted_not_clinical_reference
2021-2023,MCQ_L,MCQ160L,female,18-29,2.0,487,0.9798792756539235,exploratory_unweighted_not_clinical_reference
2021-2023,MCQ_L,MCQ160L,female,18-29,1.0,9,0.018108651911468814,exploratory_unweighted_not_clinical_reference
2021-2023,MCQ_L,MCQ160L,female,18-29,7.0,1,0.002012072434607646,exploratory_unweighted_not_clinical_reference
2021-2023,MCQ_L,MCQ160L,female,30-39,2.0,651,0.9573529411764706,exploratory_unweighted_not_clinical_reference
2021-2023,MCQ_L,MCQ160L,female,30-39,1.0,28,0.041176470588235294,exploratory_unweighted_not_clinical_reference
2021-2023,MCQ_L,MCQ160L,female,30-39,9.0,1,0.0014705882352941176,exploratory_unweighted_not_clinical_reference
2021-2023,MCQ_L,MCQ160L,female,40-49,2.0,550,0.9499136442141624,exploratory_unweighted_not_clinical_reference
2021-2023,MCQ_L,MCQ160L,female,40-49,1.0,28,0.04835924006908463,exploratory_unweighted_not_clinical_reference
2021-2023,MCQ_L,MCQ160L,female,40-49,9.0,1,0.0017271157167530224,exploratory_unweighted_not_clinical_reference
2021-2023,MCQ_L,MCQ160L,female,50-59,2.0,600,0.9230769230769231,exploratory_unweighted_not_clinical_reference
2021-2023,MCQ_L,MCQ160L,female,50-59,1.0,49,0.07538461538461538,exploratory_unweighted_not_clinical_reference
2021-2023,MCQ_L,MCQ160L,female,50-59,9.0,1,0.0015384615384615385,exploratory_unweighted_not_clinical_reference
2021-2023,MCQ_L,MCQ160L,female,60-69,2.0,877,0.9050567595459237,exploratory_unweighted_not_clinical_reference
2021-2023,MCQ_L,MCQ160L,female,60-69,1.0,91,0.09391124871001032,exploratory_unweighted_not_clinical_reference
2021-2023,MCQ_L,MCQ160L,female,60-69,9.0,1,0.0010319917440660474,exploratory_unweighted_not_clinical_reference
2021-2023,MCQ_L,MCQ160L,female,70-79,2.0,620,0.9480122324159022,exploratory_unweighted_not_clinical_reference
2021-2023,MCQ_L,MCQ160L,female,70-79,1.0,33,0.05045871559633028,exploratory_unweighted_not_clinical_reference
2021-2023,MCQ_L,MCQ160L,female,70-79,9.0,1,0.0015290519877675841,exploratory_unweighted_not_clinical_reference
2021-2023,MCQ_L,MCQ160L,female,80+,2.0,283,0.9691780821917808,exploratory_unweighted_not_clinical_reference
2021-2023,MCQ_L,MCQ160L,female,80+,1.0,8,0.0273972602739726,exploratory_unweighted_not_clinical_reference
2021-2023,MCQ_L,MCQ160L,female,80+,9.0,1,0.003424657534246575,exploratory_unweighted_not_clinical_reference
2021-2023,MCQ_L,MCQ160L,male,18-29,2.0,401,0.9852579852579852,exploratory_unweighted_not_clinical_reference
2021-2023,MCQ_L,MCQ160L,male,18-29,1.0,6,0.014742014742014743,exploratory_unweighted_not_clinical_reference
2021-2023,MCQ_L,MCQ160L,male,30-39,2.0,488,0.976,exploratory_unweighted_not_clinical_reference
2021-2023,MCQ_L,MCQ160L,male,30-39,1.0,12,0.024,exploratory_unweighted_not_clinical_reference
2021-2023,MCQ_L,MCQ160L,male,40-49,2.0,446,0.9632829373650108,exploratory_unweighted_not_clinical_reference
2021-2023,MCQ_L,MCQ160L,male,40-49,1.0,16,0.03455723542116631,exploratory_unweighted_not_clinical_reference
2021-2023,MCQ_L,MCQ160L,male,40-49,7.0,1,0.0021598272138228943,exploratory_unweighted_not_clinical_reference
2021-2023,MCQ_L,MCQ160L,male,50-59,2.0,481,0.9109848484848485,exploratory_unweighted_not_clinical_reference
2021-2023,MCQ_L,MCQ160L,male,50-59,1.0,45,0.08522727272727272,exploratory_unweighted_not_clinical_reference
2021-2023,MCQ_L,MCQ160L,male,50-59,9.0,2,0.003787878787878788,exploratory_unweighted_not_clinical_reference
2021-2023,MCQ_L,MCQ160L,male,60-69,2.0,731,0.9183417085427136,exploratory_unweighted_not_clinical_reference
2021-2023,MCQ_L,MCQ160L,male,60-69,1.0,64,0.08040201005025126,exploratory_unweighted_not_clinical_reference
2021-2023,MCQ_L,MCQ160L,male,60-69,9.0,1,0.001256281407035176,exploratory_unweighted_not_clinical_reference
2021-2023,MCQ_L,MCQ160L,male,70-79,2.0,528,0.9428571428571428,exploratory_unweighted_not_clinical_reference
2021-2023,MCQ_L,MCQ160L,male,70-79,1.0,30,0.05357142857142857,exploratory_unweighted_not_clinical_reference
2021-2023,MCQ_L,MCQ160L,male,70-79,9.0,2,0.0035714285714285713,exploratory_unweighted_not_clinical_reference
2021-2023,MCQ_L,MCQ160L,male,80+,2.0,226,0.9741379310344828,exploratory_unweighted_not_clinical_reference
2021-2023,MCQ_L,MCQ160L,male,80+,1.0,6,0.02586206896551724,exploratory_unweighted_not_clinical_reference
2021-2023,MCQ_L,MCQ170L,female,30-39,1.0,14,0.5,exploratory_unweighted_not_clinical_reference
2021-2023,MCQ_L,MCQ170L,female,30-39,2.0,11,0.39285714285714285,exploratory_unweighted_not_clinical_reference
2021-2023,MCQ_L,MCQ170L,female,30-39,9.0,3,0.10714285714285714,exploratory_unweighted_not_clinical_reference
2021-2023,MCQ_L,MCQ170L,female,40-49,1.0,16,0.5714285714285714,exploratory_unweighted_not_clinical_reference
2021-2023,MCQ_L,MCQ170L,female,40-49,2.0,9,0.32142857142857145,exploratory_unweighted_not_clinical_reference
2021-2023,MCQ_L,MCQ170L,female,40-49,9.0,3,0.10714285714285714,exploratory_unweighted_not_clinical_reference
2021-2023,MCQ_L,MCQ170L,female,50-59,1.0,28,0.5714285714285714,exploratory_unweighted_not_clinical_reference
2021-2023,MCQ_L,MCQ170L,female,50-59,2.0,12,0.24489795918367346,exploratory_unweighted_not_clinical_reference
2021-2023,MCQ_L,MCQ170L,female,50-59,9.0,9,0.1836734693877551,exploratory_unweighted_not_clinical_reference
2021-2023,MCQ_L,MCQ170L,female,60-69,1.0,61,0.6703296703296703,exploratory_unweighted_not_clinical_reference
2021-2023,MCQ_L,MCQ170L,female,60-69,2.0,26,0.2857142857142857,exploratory_unweighted_not_clinical_reference
2021-2023,MCQ_L,MCQ170L,female,60-69,9.0,4,0.04395604395604396,exploratory_unweighted_not_clinical_reference
2021-2023,MCQ_L,MCQ170L,female,70-79,1.0,22,0.6666666666666666,exploratory_unweighted_not_clinical_reference
2021-2023,MCQ_L,MCQ170L,female,70-79,9.0,8,0.24242424242424243,exploratory_unweighted_not_clinical_reference
2021-2023,MCQ_L,MCQ170L,female,70-79,2.0,2,0.06060606060606061,exploratory_unweighted_not_clinical_reference
2021-2023,MCQ_L,MCQ170L,female,70-79,7.0,1,0.030303030303030304,exploratory_unweighted_not_clinical_reference
2021-2023,MCQ_L,MCQ170L,male,50-59,1.0,18,0.4,exploratory_unweighted_not_clinical_reference
2021-2023,MCQ_L,MCQ170L,male,50-59,2.0,16,0.35555555555555557,exploratory_unweighted_not_clinical_reference
2021-2023,MCQ_L,MCQ170L,male,50-59,9.0,11,0.24444444444444444,exploratory_unweighted_not_clinical_reference
2021-2023,MCQ_L,MCQ170L,male,60-69,1.0,34,0.53125,exploratory_unweighted_not_clinical_reference
2021-2023,MCQ_L,MCQ170L,male,60-69,2.0,23,0.359375,exploratory_unweighted_not_clinical_reference
2021-2023,MCQ_L,MCQ170L,male,60-69,9.0,7,0.109375,exploratory_unweighted_not_clinical_reference
2021-2023,MCQ_L,MCQ170L,male,70-79,2.0,15,0.5,exploratory_unweighted_not_clinical_reference
2021-2023,MCQ_L,MCQ170L,male,70-79,1.0,13,0.43333333333333335,exploratory_unweighted_not_clinical_reference
2021-2023,MCQ_L,MCQ170L,male,70-79,9.0,2,0.06666666666666667,exploratory_unweighted_not_clinical_reference
2021-2023,MCQ_L,MCQ500,female,12-17,2.0,609,0.9902439024390244,exploratory_unweighted_not_clinical_reference
2021-2023,MCQ_L,MCQ500,female,12-17,1.0,5,0.008130081300813009,exploratory_unweighted_not_clinical_reference
2021-2023,MCQ_L,MCQ500,female,12-17,9.0,1,0.0016260162601626016,exploratory_unweighted_not_clinical_reference
2021-2023,MCQ_L,MCQ500,female,18-29,2.0,172,0.9885057471264368,exploratory_unweighted_not_clinical_reference
2021-2023,MCQ_L,MCQ500,female,18-29,1.0,2,0.011494252873563218,exploratory_unweighted_not_clinical_reference
2021-2023,MCQ_L,MCQ500,male,12-17,2.0,614,0.9903225806451613,exploratory_unweighted_not_clinical_reference
2021-2023,MCQ_L,MCQ500,male,12-17,1.0,6,0.00967741935483871,exploratory_unweighted_not_clinical_reference
2021-2023,MCQ_L,MCQ500,male,18-29,2.0,167,0.9881656804733728,exploratory_unweighted_not_clinical_reference
2021-2023,MCQ_L,MCQ500,male,18-29,1.0,2,0.011834319526627219,exploratory_unweighted_not_clinical_reference
2021-2023,MCQ_L,MCQ510A,female,50-59,1.0,26,0.8666666666666667,exploratory_unweighted_not_clinical_reference
2021-2023,MCQ_L,MCQ510A,female,50-59,99.0,4,0.13333333333333333,exploratory_unweighted_not_clinical_reference
2021-2023,MCQ_L,MCQ510A,female,60-69,1.0,55,0.9482758620689655,exploratory_unweighted_not_clinical_reference
2021-2023,MCQ_L,MCQ510A,female,60-69,99.0,3,0.05172413793103448,exploratory_unweighted_not_clinical_reference
2021-2023,MCQ_L,MCQ510A,female,70-79,1.0,20,0.9523809523809523,exploratory_unweighted_not_clinical_reference
2021-2023,MCQ_L,MCQ510A,female,70-79,77.0,1,0.047619047619047616,exploratory_unweighted_not_clinical_reference
2021-2023,MCQ_L,MCQ510A,male,50-59,1.0,27,0.9310344827586207,exploratory_unweighted_not_clinical_reference
2021-2023,MCQ_L,MCQ510A,male,50-59,99.0,2,0.06896551724137931,exploratory_unweighted_not_clinical_reference
2021-2023,MCQ_L,MCQ510A,male,60-69,1.0,27,0.84375,exploratory_unweighted_not_clinical_reference
2021-2023,MCQ_L,MCQ510A,male,60-69,99.0,5,0.15625,exploratory_unweighted_not_clinical_reference
2021-2023,MCQ_L,MCQ550,female,18-29,2.0,474,0.9537223340040242,exploratory_unweighted_not_clinical_reference
2021-2023,MCQ_L,MCQ550,female,18-29,1.0,23,0.04627766599597585,exploratory_unweighted_not_clinical_reference
2021-2023,MCQ_L,MCQ550,female,30-39,2.0,609,0.8955882352941177,exploratory_unweighted_not_clinical_reference
2021-2023,MCQ_L,MCQ550,female,30-39,1.0,70,0.10294117647058823,exploratory_unweighted_not_clinical_reference
2021-2023,MCQ_L,MCQ550,female,30-39,9.0,1,0.0014705882352941176,exploratory_unweighted_not_clinical_reference
2021-2023,MCQ_L,MCQ550,female,40-49,2.0,502,0.8670120898100173,exploratory_unweighted_not_clinical_reference
2021-2023,MCQ_L,MCQ550,female,40-49,1.0,75,0.12953367875647667,exploratory_unweighted_not_clinical_reference
2021-2023,MCQ_L,MCQ550,female,40-49,9.0,2,0.0034542314335060447,exploratory_unweighted_not_clinical_reference
2021-2023,MCQ_L,MCQ550,female,50-59,2.0,547,0.8415384615384616,exploratory_unweighted_not_clinical_reference
2021-2023,MCQ_L,MCQ550,female,50-59,1.0,97,0.14923076923076922,exploratory_unweighted_not_clinical_reference
2021-2023,MCQ_L,MCQ550,female,50-59,9.0,6,0.009230769230769232,exploratory_unweighted_not_clinical_reference
2021-2023,MCQ_L,MCQ550,female,60-69,2.0,789,0.8142414860681114,exploratory_unweighted_not_clinical_reference
2021-2023,MCQ_L,MCQ550,female,60-69,1.0,178,0.18369453044375644,exploratory_unweighted_not_clinical_reference
2021-2023,MCQ_L,MCQ550,female,60-69,9.0,2,0.0020639834881320948,exploratory_unweighted_not_clinical_reference
2021-2023,MCQ_L,MCQ550,female,70-79,2.0,524,0.8012232415902141,exploratory_unweighted_not_clinical_reference
2021-2023,MCQ_L,MCQ550,female,70-79,1.0,128,0.19571865443425077,exploratory_unweighted_not_clinical_reference
2021-2023,MCQ_L,MCQ550,female,70-79,9.0,2,0.0030581039755351682,exploratory_unweighted_not_clinical_reference
2021-2023,MCQ_L,MCQ550,female,80+,2.0,225,0.7705479452054794,exploratory_unweighted_not_clinical_reference
2021-2023,MCQ_L,MCQ550,female,80+,1.0,67,0.22945205479452055,exploratory_unweighted_not_clinical_reference
2021-2023,MCQ_L,MCQ550,male,18-29,2.0,403,0.9901719901719902,exploratory_unweighted_not_clinical_reference
2021-2023,MCQ_L,MCQ550,male,18-29,1.0,4,0.009828009828009828,exploratory_unweighted_not_clinical_reference
2021-2023,MCQ_L,MCQ550,male,30-39,2.0,485,0.97,exploratory_unweighted_not_clinical_reference
2021-2023,MCQ_L,MCQ550,male,30-39,1.0,14,0.028,exploratory_unweighted_not_clinical_reference
2021-2023,MCQ_L,MCQ550,male,30-39,9.0,1,0.002,exploratory_unweighted_not_clinical_reference
2021-2023,MCQ_L,MCQ550,male,40-49,2.0,440,0.9503239740820735,exploratory_unweighted_not_clinical_reference
2021-2023,MCQ_L,MCQ550,male,40-49,1.0,22,0.047516198704103674,exploratory_unweighted_not_clinical_reference
2021-2023,MCQ_L,MCQ550,male,40-49,7.0,1,0.0021598272138228943,exploratory_unweighted_not_clinical_reference
2021-2023,MCQ_L,MCQ550,male,50-59,2.0,497,0.9412878787878788,exploratory_unweighted_not_clinical_reference
2021-2023,MCQ_L,MCQ550,male,50-59,1.0,31,0.058712121212121215,exploratory_unweighted_not_clinical_reference
2021-2023,MCQ_L,MCQ550,male,60-69,2.0,734,0.9221105527638191,exploratory_unweighted_not_clinical_reference
2021-2023,MCQ_L,MCQ550,male,60-69,1.0,61,0.07663316582914573,exploratory_unweighted_not_clinical_reference
2021-2023,MCQ_L,MCQ550,male,60-69,9.0,1,0.001256281407035176,exploratory_unweighted_not_clinical_reference
2021-2023,MCQ_L,MCQ550,male,70-79,2.0,496,0.8857142857142857,exploratory_unweighted_not_clinical_reference
2021-2023,MCQ_L,MCQ550,male,70-79,1.0,63,0.1125,exploratory_unweighted_not_clinical_reference
2021-2023,MCQ_L,MCQ550,male,70-79,9.0,1,0.0017857142857142857,exploratory_unweighted_not_clinical_reference
2021-2023,MCQ_L,MCQ550,male,80+,2.0,199,0.8577586206896551,exploratory_unweighted_not_clinical_reference
2021-2023,MCQ_L,MCQ550,male,80+,1.0,31,0.1336206896551724,exploratory_unweighted_not_clinical_reference
2021-2023,MCQ_L,MCQ550,male,80+,9.0,2,0.008620689655172414,exploratory_unweighted_not_clinical_reference
2021-2023,MCQ_L,MCQ560,female,18-29,2.0,471,0.9476861167002012,exploratory_unweighted_not_clinical_reference
2021-2023,MCQ_L,MCQ560,female,18-29,1.0,26,0.052313883299798795,exploratory_unweighted_not_clinical_reference
2021-2023,MCQ_L,MCQ560,female,30-39,2.0,605,0.8897058823529411,exploratory_unweighted_not_clinical_reference
2021-2023,MCQ_L,MCQ560,female,30-39,1.0,75,0.11029411764705882,exploratory_unweighted_not_clinical_reference
2021-2023,MCQ_L,MCQ560,female,40-49,2.0,497,0.8583765112262521,exploratory_unweighted_not_clinical_reference
2021-2023,MCQ_L,MCQ560,female,40-49,1.0,82,0.14162348877374784,exploratory_unweighted_not_clinical_reference
2021-2023,MCQ_L,MCQ560,female,50-59,2.0,531,0.816923076923077,exploratory_unweighted_not_clinical_reference
2021-2023,MCQ_L,MCQ560,female,50-59,1.0,117,0.18,exploratory_unweighted_not_clinical_reference
2021-2023,MCQ_L,MCQ560,female,50-59,9.0,2,0.003076923076923077,exploratory_unweighted_not_clinical_reference
2021-2023,MCQ_L,MCQ560,female,60-69,2.0,784,0.8090815273477813,exploratory_unweighted_not_clinical_reference
2021-2023,MCQ_L,MCQ560,female,60-69,1.0,184,0.18988648090815274,exploratory_unweighted_not_clinical_reference
2021-2023,MCQ_L,MCQ560,female,60-69,9.0,1,0.0010319917440660474,exploratory_unweighted_not_clinical_reference
2021-2023,MCQ_L,MCQ560,female,70-79,2.0,512,0.7828746177370031,exploratory_unweighted_not_clinical_reference
2021-2023,MCQ_L,MCQ560,female,70-79,1.0,140,0.21406727828746178,exploratory_unweighted_not_clinical_reference
2021-2023,MCQ_L,MCQ560,female,70-79,9.0,2,0.0030581039755351682,exploratory_unweighted_not_clinical_reference
2021-2023,MCQ_L,MCQ560,female,80+,2.0,218,0.7465753424657534,exploratory_unweighted_not_clinical_reference
2021-2023,MCQ_L,MCQ560,female,80+,1.0,73,0.25,exploratory_unweighted_not_clinical_reference
2021-2023,MCQ_L,MCQ560,female,80+,9.0,1,0.003424657534246575,exploratory_unweighted_not_clinical_reference
2021-2023,MCQ_L,MCQ560,male,18-29,2.0,403,0.9901719901719902,exploratory_unweighted_not_clinical_reference
2021-2023,MCQ_L,MCQ560,male,18-29,1.0,4,0.009828009828009828,exploratory_unweighted_not_clinical_reference
2021-2023,MCQ_L,MCQ560,male,30-39,2.0,485,0.97,exploratory_unweighted_not_clinical_reference
2021-2023,MCQ_L,MCQ560,male,30-39,1.0,15,0.03,exploratory_unweighted_not_clinical_reference
2021-2023,MCQ_L,MCQ560,male,40-49,2.0,449,0.9697624190064795,exploratory_unweighted_not_clinical_reference
2021-2023,MCQ_L,MCQ560,male,40-49,1.0,14,0.03023758099352052,exploratory_unweighted_not_clinical_reference
2021-2023,MCQ_L,MCQ560,male,50-59,2.0,491,0.9299242424242424,exploratory_unweighted_not_clinical_reference
2021-2023,MCQ_L,MCQ560,male,50-59,1.0,37,0.07007575757575757,exploratory_unweighted_not_clinical_reference
2021-2023,MCQ_L,MCQ560,male,60-69,2.0,732,0.9195979899497487,exploratory_unweighted_not_clinical_reference
2021-2023,MCQ_L,MCQ560,male,60-69,1.0,64,0.08040201005025126,exploratory_unweighted_not_clinical_reference
2021-2023,MCQ_L,MCQ560,male,70-79,2.0,496,0.8857142857142857,exploratory_unweighted_not_clinical_reference
2021-2023,MCQ_L,MCQ560,male,70-79,1.0,63,0.1125,exploratory_unweighted_not_clinical_reference
2021-2023,MCQ_L,MCQ560,male,70-79,9.0,1,0.0017857142857142857,exploratory_unweighted_not_clinical_reference
2021-2023,MCQ_L,MCQ560,male,80+,2.0,200,0.8620689655172413,exploratory_unweighted_not_clinical_reference
2021-2023,MCQ_L,MCQ560,male,80+,1.0,32,0.13793103448275862,exploratory_unweighted_not_clinical_reference
2021-2023,MCQ_L,MCQ220,female,18-29,2.0,488,0.9818913480885312,exploratory_unweighted_not_clinical_reference
2021-2023,MCQ_L,MCQ220,female,18-29,1.0,9,0.018108651911468814,exploratory_unweighted_not_clinical_reference
2021-2023,MCQ_L,MCQ220,female,30-39,2.0,664,0.9764705882352941,exploratory_unweighted_not_clinical_reference
2021-2023,MCQ_L,MCQ220,female,30-39,1.0,16,0.023529411764705882,exploratory_unweighted_not_clinical_reference
2021-2023,MCQ_L,MCQ220,female,40-49,2.0,543,0.9378238341968912,exploratory_unweighted_not_clinical_reference
2021-2023,MCQ_L,MCQ220,female,40-49,1.0,36,0.06217616580310881,exploratory_unweighted_not_clinical_reference
2021-2023,MCQ_L,MCQ220,female,50-59,2.0,569,0.8753846153846154,exploratory_unweighted_not_clinical_reference
2021-2023,MCQ_L,MCQ220,female,50-59,1.0,80,0.12307692307692308,exploratory_unweighted_not_clinical_reference
2021-2023,MCQ_L,MCQ220,female,50-59,7.0,1,0.0015384615384615385,exploratory_unweighted_not_clinical_reference
2021-2023,MCQ_L,MCQ220,female,60-69,2.0,739,0.762641898864809,exploratory_unweighted_not_clinical_reference
2021-2023,MCQ_L,MCQ220,female,60-69,1.0,229,0.23632610939112486,exploratory_unweighted_not_clinical_reference
2021-2023,MCQ_L,MCQ220,female,60-69,9.0,1,0.0010319917440660474,exploratory_unweighted_not_clinical_reference
2021-2023,MCQ_L,MCQ220,female,70-79,2.0,457,0.6987767584097859,exploratory_unweighted_not_clinical_reference
2021-2023,MCQ_L,MCQ220,female,70-79,1.0,194,0.2966360856269113,exploratory_unweighted_not_clinical_reference
2021-2023,MCQ_L,MCQ220,female,70-79,9.0,2,0.0030581039755351682,exploratory_unweighted_not_clinical_reference
2021-2023,MCQ_L,MCQ220,female,70-79,7.0,1,0.0015290519877675841,exploratory_unweighted_not_clinical_reference
2021-2023,MCQ_L,MCQ220,female,80+,2.0,195,0.6678082191780822,exploratory_unweighted_not_clinical_reference
2021-2023,MCQ_L,MCQ220,female,80+,1.0,97,0.3321917808219178,exploratory_unweighted_not_clinical_reference
2021-2023,MCQ_L,MCQ220,male,18-29,2.0,407,1.0,exploratory_unweighted_not_clinical_reference
2021-2023,MCQ_L,MCQ220,male,30-39,2.0,485,0.97,exploratory_unweighted_not_clinical_reference
2021-2023,MCQ_L,MCQ220,male,30-39,1.0,15,0.03,exploratory_unweighted_not_clinical_reference
2021-2023,MCQ_L,MCQ220,male,40-49,2.0,452,0.9762419006479481,exploratory_unweighted_not_clinical_reference
2021-2023,MCQ_L,MCQ220,male,40-49,1.0,11,0.023758099352051837,exploratory_unweighted_not_clinical_reference
2021-2023,MCQ_L,MCQ220,male,50-59,2.0,486,0.9204545454545454,exploratory_unweighted_not_clinical_reference
2021-2023,MCQ_L,MCQ220,male,50-59,1.0,41,0.07765151515151515,exploratory_unweighted_not_clinical_reference
2021-2023,MCQ_L,MCQ220,male,50-59,9.0,1,0.001893939393939394,exploratory_unweighted_not_clinical_reference
2021-2023,MCQ_L,MCQ220,male,60-69,2.0,635,0.7977386934673367,exploratory_unweighted_not_clinical_reference
2021-2023,MCQ_L,MCQ220,male,60-69,1.0,160,0.20100502512562815,exploratory_unweighted_not_clinical_reference
2021-2023,MCQ_L,MCQ220,male,60-69,9.0,1,0.001256281407035176,exploratory_unweighted_not_clinical_reference
2021-2023,MCQ_L,MCQ220,male,70-79,2.0,382,0.6821428571428572,exploratory_unweighted_not_clinical_reference
2021-2023,MCQ_L,MCQ220,male,70-79,1.0,178,0.31785714285714284,exploratory_unweighted_not_clinical_reference
2021-2023,MCQ_L,MCQ220,male,80+,2.0,129,0.5560344827586207,exploratory_unweighted_not_clinical_reference
2021-2023,MCQ_L,MCQ220,male,80+,1.0,103,0.44396551724137934,exploratory_unweighted_not_clinical_reference
2021-2023,MCQ_L,MCQ230A,female,40-49,15.0,7,0.19444444444444445,exploratory_unweighted_not_clinical_reference
2021-2023,MCQ_L,MCQ230A,female,40-49,32.0,6,0.16666666666666666,exploratory_unweighted_not_clinical_reference
2021-2023,MCQ_L,MCQ230A,female,40-49,37.0,4,0.1111111111111111,exploratory_unweighted_not_clinical_reference
2021-2023,MCQ_L,MCQ230A,female,40-49,38.0,4,0.1111111111111111,exploratory_unweighted_not_clinical_reference
2021-2023,MCQ_L,MCQ230A,female,40-49,39.0,4,0.1111111111111111,exploratory_unweighted_not_clinical_reference
2021-2023,MCQ_L,MCQ230A,female,40-49,14.0,2,0.05555555555555555,exploratory_unweighted_not_clinical_reference
2021-2023,MCQ_L,MCQ230A,female,40-49,25.0,2,0.05555555555555555,exploratory_unweighted_not_clinical_reference
2021-2023,MCQ_L,MCQ230A,female,40-49,28.0,2,0.05555555555555555,exploratory_unweighted_not_clinical_reference
2021-2023,MCQ_L,MCQ230A,female,40-49,26.0,1,0.027777777777777776,exploratory_unweighted_not_clinical_reference
2021-2023,MCQ_L,MCQ230A,female,40-49,21.0,1,0.027777777777777776,exploratory_unweighted_not_clinical_reference
2021-2023,MCQ_L,MCQ230A,female,40-49,19.0,1,0.027777777777777776,exploratory_unweighted_not_clinical_reference
2021-2023,MCQ_L,MCQ230A,female,40-49,11.0,1,0.027777777777777776,exploratory_unweighted_not_clinical_reference
2021-2023,MCQ_L,MCQ230A,female,40-49,33.0,1,0.027777777777777776,exploratory_unweighted_not_clinical_reference
2021-2023,MCQ_L,MCQ230A,female,50-59,14.0,21,0.2625,exploratory_unweighted_not_clinical_reference
2021-2023,MCQ_L,MCQ230A,female,50-59,32.0,12,0.15,exploratory_unweighted_not_clinical_reference
2021-2023,MCQ_L,MCQ230A,female,50-59,25.0,10,0.125,exploratory_unweighted_not_clinical_reference
2021-2023,MCQ_L,MCQ230A,female,50-59,15.0,8,0.1,exploratory_unweighted_not_clinical_reference
2021-2023,MCQ_L,MCQ230A,female,50-59,39.0,7,0.0875,exploratory_unweighted_not_clinical_reference
2021-2023,MCQ_L,MCQ230A,female,50-59,37.0,4,0.05,exploratory_unweighted_not_clinical_reference
2021-2023,MCQ_L,MCQ230A,female,50-59,38.0,3,0.0375,exploratory_unweighted_not_clinical_reference
2021-2023,MCQ_L,MCQ230A,female,50-59,23.0,3,0.0375,exploratory_unweighted_not_clinical_reference
2021-2023,MCQ_L,MCQ230A,female,50-59,33.0,2,0.025,exploratory_unweighted_not_clinical_reference
2021-2023,MCQ_L,MCQ230A,female,50-59,16.0,2,0.025,exploratory_unweighted_not_clinical_reference
2021-2023,MCQ_L,MCQ230A,female,50-59,24.0,2,0.025,exploratory_unweighted_not_clinical_reference
2021-2023,MCQ_L,MCQ230A,female,50-59,28.0,2,0.025,exploratory_unweighted_not_clinical_reference
2021-2023,MCQ_L,MCQ230A,female,50-59,12.0,1,0.0125,exploratory_unweighted_not_clinical_reference
2021-2023,MCQ_L,MCQ230A,female,50-59,21.0,1,0.0125,exploratory_unweighted_not_clinical_reference
2021-2023,MCQ_L,MCQ230A,female,50-59,26.0,1,0.0125,exploratory_unweighted_not_clinical_reference
2021-2023,MCQ_L,MCQ230A,female,50-59,31.0,1,0.0125,exploratory_unweighted_not_clinical_reference
2021-2023,MCQ_L,MCQ230A,female,60-69,14.0,73,0.31877729257641924,exploratory_unweighted_not_clinical_reference
2021-2023,MCQ_L,MCQ230A,female,60-69,32.0,31,0.13537117903930132,exploratory_unweighted_not_clinical_reference
2021-2023,MCQ_L,MCQ230A,female,60-69,15.0,20,0.08733624454148471,exploratory_unweighted_not_clinical_reference
2021-2023,MCQ_L,MCQ230A,female,60-69,38.0,19,0.08296943231441048,exploratory_unweighted_not_clinical_reference
2021-2023,MCQ_L,MCQ230A,female,60-69,39.0,15,0.06550218340611354,exploratory_unweighted_not_clinical_reference
2021-2023,MCQ_L,MCQ230A,female,60-69,25.0,12,0.05240174672489083,exploratory_unweighted_not_clinical_reference
2021-2023,MCQ_L,MCQ230A,female,60-69,16.0,10,0.043668122270742356,exploratory_unweighted_not_clinical_reference
2021-2023,MCQ_L,MCQ230A,female,60-69,37.0,9,0.039301310043668124,exploratory_unweighted_not_clinical_reference
2021-2023,MCQ_L,MCQ230A,female,60-69,23.0,6,0.026200873362445413,exploratory_unweighted_not_clinical_reference
2021-2023,MCQ_L,MCQ230A,female,60-69,33.0,6,0.026200873362445413,exploratory_unweighted_not_clinical_reference
2021-2023,MCQ_L,MCQ230A,female,60-69,10.0,4,0.017467248908296942,exploratory_unweighted_not_clinical_reference
2021-2023,MCQ_L,MCQ230A,female,60-69,21.0,4,0.017467248908296942,exploratory_unweighted_not_clinical_reference
2021-2023,MCQ_L,MCQ230A,female,60-69,24.0,4,0.017467248908296942,exploratory_unweighted_not_clinical_reference
2021-2023,MCQ_L,MCQ230A,female,60-69,28.0,3,0.013100436681222707,exploratory_unweighted_not_clinical_reference
2021-2023,MCQ_L,MCQ230A,female,60-69,99.0,3,0.013100436681222707,exploratory_unweighted_not_clinical_reference
2021-2023,MCQ_L,MCQ230A,female,60-69,19.0,3,0.013100436681222707,exploratory_unweighted_not_clinical_reference
2021-2023,MCQ_L,MCQ230A,female,60-69,17.0,2,0.008733624454148471,exploratory_unweighted_not_clinical_reference
2021-2023,MCQ_L,MCQ230A,female,60-69,12.0,1,0.004366812227074236,exploratory_unweighted_not_clinical_reference
2021-2023,MCQ_L,MCQ230A,female,60-69,11.0,1,0.004366812227074236,exploratory_unweighted_not_clinical_reference
2021-2023,MCQ_L,MCQ230A,female,60-69,20.0,1,0.004366812227074236,exploratory_unweighted_not_clinical_reference
2021-2023,MCQ_L,MCQ230A,female,60-69,13.0,1,0.004366812227074236,exploratory_unweighted_not_clinical_reference
2021-2023,MCQ_L,MCQ230A,female,60-69,35.0,1,0.004366812227074236,exploratory_unweighted_not_clinical_reference
2021-2023,MCQ_L,MCQ230A,female,70-79,14.0,66,0.3402061855670103,exploratory_unweighted_not_clinical_reference
2021-2023,MCQ_L,MCQ230A,female,70-79,32.0,33,0.17010309278350516,exploratory_unweighted_not_clinical_reference
2021-2023,MCQ_L,MCQ230A,female,70-79,25.0,14,0.07216494845360824,exploratory_unweighted_not_clinical_reference
2021-2023,MCQ_L,MCQ230A,female,70-79,39.0,12,0.061855670103092786,exploratory_unweighted_not_clinical_reference
2021-2023,MCQ_L,MCQ230A,female,70-79,33.0,11,0.05670103092783505,exploratory_unweighted_not_clinical_reference
2021-2023,MCQ_L,MCQ230A,female,70-79,16.0,9,0.04639175257731959,exploratory_unweighted_not_clinical_reference
2021-2023,MCQ_L,MCQ230A,female,70-79,15.0,7,0.03608247422680412,exploratory_unweighted_not_clinical_reference
2021-2023,MCQ_L,MCQ230A,female,70-79,38.0,6,0.030927835051546393,exploratory_unweighted_not_clinical_reference
2021-2023,MCQ_L,MCQ230A,female,70-79,23.0,6,0.030927835051546393,exploratory_unweighted_not_clinical_reference
2021-2023,MCQ_L,MCQ230A,female,70-79,28.0,6,0.030927835051546393,exploratory_unweighted_not_clinical_reference
2021-2023,MCQ_L,MCQ230A,female,70-79,37.0,5,0.02577319587628866,exploratory_unweighted_not_clinical_reference
2021-2023,MCQ_L,MCQ230A,female,70-79,19.0,4,0.020618556701030927,exploratory_unweighted_not_clinical_reference
2021-2023,MCQ_L,MCQ230A,female,70-79,10.0,4,0.020618556701030927,exploratory_unweighted_not_clinical_reference
2021-2023,MCQ_L,MCQ230A,female,70-79,99.0,3,0.015463917525773196,exploratory_unweighted_not_clinical_reference
2021-2023,MCQ_L,MCQ230A,female,70-79,21.0,2,0.010309278350515464,exploratory_unweighted_not_clinical_reference
2021-2023,MCQ_L,MCQ230A,female,70-79,35.0,2,0.010309278350515464,exploratory_unweighted_not_clinical_reference
2021-2023,MCQ_L,MCQ230A,female,70-79,17.0,1,0.005154639175257732,exploratory_unweighted_not_clinical_reference
2021-2023,MCQ_L,MCQ230A,female,70-79,12.0,1,0.005154639175257732,exploratory_unweighted_not_clinical_reference
2021-2023,MCQ_L,MCQ230A,female,70-79,11.0,1,0.005154639175257732,exploratory_unweighted_not_clinical_reference
2021-2023,MCQ_L,MCQ230A,female,70-79,24.0,1,0.005154639175257732,exploratory_unweighted_not_clinical_reference
2021-2023,MCQ_L,MCQ230A,female,80+,14.0,38,0.3917525773195876,exploratory_unweighted_not_clinical_reference
2021-2023,MCQ_L,MCQ230A,female,80+,32.0,17,0.17525773195876287,exploratory_unweighted_not_clinical_reference
2021-2023,MCQ_L,MCQ230A,female,80+,25.0,6,0.061855670103092786,exploratory_unweighted_not_clinical_reference
2021-2023,MCQ_L,MCQ230A,female,80+,16.0,5,0.05154639175257732,exploratory_unweighted_not_clinical_reference
2021-2023,MCQ_L,MCQ230A,female,80+,33.0,4,0.041237113402061855,exploratory_unweighted_not_clinical_reference
2021-2023,MCQ_L,MCQ230A,female,80+,39.0,4,0.041237113402061855,exploratory_unweighted_not_clinical_reference
2021-2023,MCQ_L,MCQ230A,female,80+,38.0,3,0.030927835051546393,exploratory_unweighted_not_clinical_reference
2021-2023,MCQ_L,MCQ230A,female,80+,24.0,3,0.030927835051546393,exploratory_unweighted_not_clinical_reference
2021-2023,MCQ_L,MCQ230A,female,80+,23.0,3,0.030927835051546393,exploratory_unweighted_not_clinical_reference
2021-2023,MCQ_L,MCQ230A,female,80+,99.0,3,0.030927835051546393,exploratory_unweighted_not_clinical_reference
2021-2023,MCQ_L,MCQ230A,female,80+,15.0,2,0.020618556701030927,exploratory_unweighted_not_clinical_reference
2021-2023,MCQ_L,MCQ230A,female,80+,21.0,2,0.020618556701030927,exploratory_unweighted_not_clinical_reference
2021-2023,MCQ_L,MCQ230A,female,80+,37.0,2,0.020618556701030927,exploratory_unweighted_not_clinical_reference
2021-2023,MCQ_L,MCQ230A,female,80+,28.0,1,0.010309278350515464,exploratory_unweighted_not_clinical_reference
2021-2023,MCQ_L,MCQ230A,female,80+,19.0,1,0.010309278350515464,exploratory_unweighted_not_clinical_reference
2021-2023,MCQ_L,MCQ230A,female,80+,26.0,1,0.010309278350515464,exploratory_unweighted_not_clinical_reference
2021-2023,MCQ_L,MCQ230A,female,80+,10.0,1,0.010309278350515464,exploratory_unweighted_not_clinical_reference
2021-2023,MCQ_L,MCQ230A,female,80+,11.0,1,0.010309278350515464,exploratory_unweighted_not_clinical_reference
2021-2023,MCQ_L,MCQ230A,male,50-59,32.0,7,0.17073170731707318,exploratory_unweighted_not_clinical_reference
2021-2023,MCQ_L,MCQ230A,male,50-59,30.0,5,0.12195121951219512,exploratory_unweighted_not_clinical_reference
2021-2023,MCQ_L,MCQ230A,male,50-59,19.0,4,0.0975609756097561,exploratory_unweighted_not_clinical_reference
2021-2023,MCQ_L,MCQ230A,male,50-59,25.0,3,0.07317073170731707,exploratory_unweighted_not_clinical_reference
2021-2023,MCQ_L,MCQ230A,male,50-59,16.0,3,0.07317073170731707,exploratory_unweighted_not_clinical_reference
2021-2023,MCQ_L,MCQ230A,male,50-59,39.0,3,0.07317073170731707,exploratory_unweighted_not_clinical_reference
2021-2023,MCQ_L,MCQ230A,male,50-59,33.0,3,0.07317073170731707,exploratory_unweighted_not_clinical_reference
2021-2023,MCQ_L,MCQ230A,male,50-59,24.0,2,0.04878048780487805,exploratory_unweighted_not_clinical_reference
2021-2023,MCQ_L,MCQ230A,male,50-59,21.0,2,0.04878048780487805,exploratory_unweighted_not_clinical_reference
2021-2023,MCQ_L,MCQ230A,male,50-59,10.0,1,0.024390243902439025,exploratory_unweighted_not_clinical_reference
2021-2023,MCQ_L,MCQ230A,male,50-59,35.0,1,0.024390243902439025,exploratory_unweighted_not_clinical_reference
2021-2023,MCQ_L,MCQ230A,male,50-59,37.0,1,0.024390243902439025,exploratory_unweighted_not_clinical_reference
2021-2023,MCQ_L,MCQ230A,male,50-59,99.0,1,0.024390243902439025,exploratory_unweighted_not_clinical_reference
2021-2023,MCQ_L,MCQ230A,male,50-59,36.0,1,0.024390243902439025,exploratory_unweighted_not_clinical_reference
2021-2023,MCQ_L,MCQ230A,male,50-59,20.0,1,0.024390243902439025,exploratory_unweighted_not_clinical_reference
2021-2023,MCQ_L,MCQ230A,male,50-59,23.0,1,0.024390243902439025,exploratory_unweighted_not_clinical_reference
2021-2023,MCQ_L,MCQ230A,male,50-59,13.0,1,0.024390243902439025,exploratory_unweighted_not_clinical_reference
2021-2023,MCQ_L,MCQ230A,male,50-59,26.0,1,0.024390243902439025,exploratory_unweighted_not_clinical_reference
2021-2023,MCQ_L,MCQ230A,male,60-69,32.0,38,0.2375,exploratory_unweighted_not_clinical_reference
2021-2023,MCQ_L,MCQ230A,male,60-69,30.0,35,0.21875,exploratory_unweighted_not_clinical_reference
2021-2023,MCQ_L,MCQ230A,male,60-69,25.0,14,0.0875,exploratory_unweighted_not_clinical_reference
2021-2023,MCQ_L,MCQ230A,male,60-69,33.0,13,0.08125,exploratory_unweighted_not_clinical_reference
2021-2023,MCQ_L,MCQ230A,male,60-69,39.0,11,0.06875,exploratory_unweighted_not_clinical_reference
2021-2023,MCQ_L,MCQ230A,male,60-69,16.0,9,0.05625,exploratory_unweighted_not_clinical_reference
2021-2023,MCQ_L,MCQ230A,male,60-69,23.0,6,0.0375,exploratory_unweighted_not_clinical_reference
2021-2023,MCQ_L,MCQ230A,male,60-69,21.0,6,0.0375,exploratory_unweighted_not_clinical_reference
2021-2023,MCQ_L,MCQ230A,male,60-69,24.0,5,0.03125,exploratory_unweighted_not_clinical_reference
2021-2023,MCQ_L,MCQ230A,male,60-69,37.0,5,0.03125,exploratory_unweighted_not_clinical_reference
2021-2023,MCQ_L,MCQ230A,male,60-69,22.0,3,0.01875,exploratory_unweighted_not_clinical_reference
2021-2023,MCQ_L,MCQ230A,male,60-69,31.0,3,0.01875,exploratory_unweighted_not_clinical_reference
2021-2023,MCQ_L,MCQ230A,male,60-69,19.0,2,0.0125,exploratory_unweighted_not_clinical_reference
2021-2023,MCQ_L,MCQ230A,male,60-69,10.0,2,0.0125,exploratory_unweighted_not_clinical_reference
2021-2023,MCQ_L,MCQ230A,male,60-69,36.0,2,0.0125,exploratory_unweighted_not_clinical_reference
2021-2023,MCQ_L,MCQ230A,male,60-69,13.0,1,0.00625,exploratory_unweighted_not_clinical_reference
2021-2023,MCQ_L,MCQ230A,male,60-69,29.0,1,0.00625,exploratory_unweighted_not_clinical_reference
2021-2023,MCQ_L,MCQ230A,male,60-69,20.0,1,0.00625,exploratory_unweighted_not_clinical_reference
2021-2023,MCQ_L,MCQ230A,male,60-69,34.0,1,0.00625,exploratory_unweighted_not_clinical_reference
2021-2023,MCQ_L,MCQ230A,male,60-69,35.0,1,0.00625,exploratory_unweighted_not_clinical_reference
2021-2023,MCQ_L,MCQ230A,male,60-69,99.0,1,0.00625,exploratory_unweighted_not_clinical_reference
2021-2023,MCQ_L,MCQ230A,male,70-79,30.0,57,0.3202247191011236,exploratory_unweighted_not_clinical_reference
2021-2023,MCQ_L,MCQ230A,male,70-79,32.0,36,0.20224719101123595,exploratory_unweighted_not_clinical_reference
2021-2023,MCQ_L,MCQ230A,male,70-79,33.0,17,0.09550561797752809,exploratory_unweighted_not_clinical_reference
2021-2023,MCQ_L,MCQ230A,male,70-79,25.0,13,0.07303370786516854,exploratory_unweighted_not_clinical_reference
2021-2023,MCQ_L,MCQ230A,male,70-79,39.0,11,0.06179775280898876,exploratory_unweighted_not_clinical_reference
2021-2023,MCQ_L,MCQ230A,male,70-79,19.0,8,0.0449438202247191,exploratory_unweighted_not_clinical_reference
2021-2023,MCQ_L,MCQ230A,male,70-79,10.0,7,0.03932584269662921,exploratory_unweighted_not_clinical_reference
2021-2023,MCQ_L,MCQ230A,male,70-79,26.0,6,0.033707865168539325,exploratory_unweighted_not_clinical_reference
2021-2023,MCQ_L,MCQ230A,male,70-79,24.0,5,0.028089887640449437,exploratory_unweighted_not_clinical_reference
2021-2023,MCQ_L,MCQ230A,male,70-79,16.0,4,0.02247191011235955,exploratory_unweighted_not_clinical_reference
2021-2023,MCQ_L,MCQ230A,male,70-79,23.0,4,0.02247191011235955,exploratory_unweighted_not_clinical_reference
2021-2023,MCQ_L,MCQ230A,male,70-79,22.0,2,0.011235955056179775,exploratory_unweighted_not_clinical_reference
2021-2023,MCQ_L,MCQ230A,male,70-79,11.0,2,0.011235955056179775,exploratory_unweighted_not_clinical_reference
2021-2023,MCQ_L,MCQ230A,male,70-79,36.0,2,0.011235955056179775,exploratory_unweighted_not_clinical_reference
2021-2023,MCQ_L,MCQ230A,male,70-79,29.0,1,0.0056179775280898875,exploratory_unweighted_not_clinical_reference
2021-2023,MCQ_L,MCQ230A,male,70-79,31.0,1,0.0056179775280898875,exploratory_unweighted_not_clinical_reference
2021-2023,MCQ_L,MCQ230A,male,70-79,21.0,1,0.0056179775280898875,exploratory_unweighted_not_clinical_reference
2021-2023,MCQ_L,MCQ230A,male,70-79,17.0,1,0.0056179775280898875,exploratory_unweighted_not_clinical_reference
2021-2023,MCQ_L,MCQ230A,male,80+,30.0,36,0.34951456310679613,exploratory_unweighted_not_clinical_reference
2021-2023,MCQ_L,MCQ230A,male,80+,32.0,16,0.1553398058252427,exploratory_unweighted_not_clinical_reference
2021-2023,MCQ_L,MCQ230A,male,80+,33.0,12,0.11650485436893204,exploratory_unweighted_not_clinical_reference
2021-2023,MCQ_L,MCQ230A,male,80+,10.0,11,0.10679611650485436,exploratory_unweighted_not_clinical_reference
2021-2023,MCQ_L,MCQ230A,male,80+,25.0,5,0.04854368932038835,exploratory_unweighted_not_clinical_reference
2021-2023,MCQ_L,MCQ230A,male,80+,16.0,5,0.04854368932038835,exploratory_unweighted_not_clinical_reference
2021-2023,MCQ_L,MCQ230A,male,80+,39.0,4,0.038834951456310676,exploratory_unweighted_not_clinical_reference
2021-2023,MCQ_L,MCQ230A,male,80+,19.0,4,0.038834951456310676,exploratory_unweighted_not_clinical_reference
2021-2023,MCQ_L,MCQ230A,male,80+,23.0,3,0.02912621359223301,exploratory_unweighted_not_clinical_reference
2021-2023,MCQ_L,MCQ230A,male,80+,29.0,2,0.019417475728155338,exploratory_unweighted_not_clinical_reference
2021-2023,MCQ_L,MCQ230A,male,80+,37.0,1,0.009708737864077669,exploratory_unweighted_not_clinical_reference
2021-2023,MCQ_L,MCQ230A,male,80+,17.0,1,0.009708737864077669,exploratory_unweighted_not_clinical_reference
2021-2023,MCQ_L,MCQ230A,male,80+,12.0,1,0.009708737864077669,exploratory_unweighted_not_clinical_reference
2021-2023,MCQ_L,MCQ230A,male,80+,36.0,1,0.009708737864077669,exploratory_unweighted_not_clinical_reference
2021-2023,MCQ_L,MCQ230A,male,80+,99.0,1,0.009708737864077669,exploratory_unweighted_not_clinical_reference
2021-2023,MCQ_L,MCQ230B,female,60-69,39.0,7,0.21875,exploratory_unweighted_not_clinical_reference
2021-2023,MCQ_L,MCQ230B,female,60-69,38.0,4,0.125,exploratory_unweighted_not_clinical_reference
2021-2023,MCQ_L,MCQ230B,female,60-69,32.0,4,0.125,exploratory_unweighted_not_clinical_reference
2021-2023,MCQ_L,MCQ230B,female,60-69,14.0,3,0.09375,exploratory_unweighted_not_clinical_reference
2021-2023,MCQ_L,MCQ230B,female,60-69,23.0,3,0.09375,exploratory_unweighted_not_clinical_reference
2021-2023,MCQ_L,MCQ230B,female,60-69,24.0,2,0.0625,exploratory_unweighted_not_clinical_reference
2021-2023,MCQ_L,MCQ230B,female,60-69,33.0,2,0.0625,exploratory_unweighted_not_clinical_reference
2021-2023,MCQ_L,MCQ230B,female,60-69,28.0,2,0.0625,exploratory_unweighted_not_clinical_reference
2021-2023,MCQ_L,MCQ230B,female,60-69,16.0,2,0.0625,exploratory_unweighted_not_clinical_reference
2021-2023,MCQ_L,MCQ230B,female,60-69,35.0,1,0.03125,exploratory_unweighted_not_clinical_reference
2021-2023,MCQ_L,MCQ230B,female,60-69,15.0,1,0.03125,exploratory_unweighted_not_clinical_reference
2021-2023,MCQ_L,MCQ230B,female,60-69,37.0,1,0.03125,exploratory_unweighted_not_clinical_reference
2021-2023,MCQ_L,MCQ230B,female,70-79,39.0,7,0.3333333333333333,exploratory_unweighted_not_clinical_reference
2021-2023,MCQ_L,MCQ230B,female,70-79,32.0,3,0.14285714285714285,exploratory_unweighted_not_clinical_reference
2021-2023,MCQ_L,MCQ230B,female,70-79,16.0,2,0.09523809523809523,exploratory_unweighted_not_clinical_reference
2021-2023,MCQ_L,MCQ230B,female,70-79,33.0,2,0.09523809523809523,exploratory_unweighted_not_clinical_reference
2021-2023,MCQ_L,MCQ230B,female,70-79,14.0,2,0.09523809523809523,exploratory_unweighted_not_clinical_reference
2021-2023,MCQ_L,MCQ230B,female,70-79,15.0,1,0.047619047619047616,exploratory_unweighted_not_clinical_reference
2021-2023,MCQ_L,MCQ230B,female,70-79,21.0,1,0.047619047619047616,exploratory_unweighted_not_clinical_reference
2021-2023,MCQ_L,MCQ230B,female,70-79,19.0,1,0.047619047619047616,exploratory_unweighted_not_clinical_reference
2021-2023,MCQ_L,MCQ230B,female,70-79,12.0,1,0.047619047619047616,exploratory_unweighted_not_clinical_reference
2021-2023,MCQ_L,MCQ230B,female,70-79,25.0,1,0.047619047619047616,exploratory_unweighted_not_clinical_reference
2021-2023,MCQ_L,MCQ230B,male,60-69,32.0,6,0.3,exploratory_unweighted_not_clinical_reference
2021-2023,MCQ_L,MCQ230B,male,60-69,39.0,3,0.15,exploratory_unweighted_not_clinical_reference
2021-2023,MCQ_L,MCQ230B,male,60-69,25.0,3,0.15,exploratory_unweighted_not_clinical_reference
2021-2023,MCQ_L,MCQ230B,male,60-69,31.0,1,0.05,exploratory_unweighted_not_clinical_reference
2021-2023,MCQ_L,MCQ230B,male,60-69,16.0,1,0.05,exploratory_unweighted_not_clinical_reference
2021-2023,MCQ_L,MCQ230B,male,60-69,20.0,1,0.05,exploratory_unweighted_not_clinical_reference
2021-2023,MCQ_L,MCQ230B,male,60-69,37.0,1,0.05,exploratory_unweighted_not_clinical_reference
2021-2023,MCQ_L,MCQ230B,male,60-69,18.0,1,0.05,exploratory_unweighted_not_clinical_reference
2021-2023,MCQ_L,MCQ230B,male,60-69,19.0,1,0.05,exploratory_unweighted_not_clinical_reference
2021-2023,MCQ_L,MCQ230B,male,60-69,30.0,1,0.05,exploratory_unweighted_not_clinical_reference
2021-2023,MCQ_L,MCQ230B,male,60-69,33.0,1,0.05,exploratory_unweighted_not_clinical_reference
2021-2023,MCQ_L,MCQ230B,male,70-79,32.0,7,0.23333333333333334,exploratory_unweighted_not_clinical_reference
2021-2023,MCQ_L,MCQ230B,male,70-79,33.0,6,0.2,exploratory_unweighted_not_clinical_reference
2021-2023,MCQ_L,MCQ230B,male,70-79,39.0,6,0.2,exploratory_unweighted_not_clinical_reference
2021-2023,MCQ_L,MCQ230B,male,70-79,30.0,4,0.13333333333333333,exploratory_unweighted_not_clinical_reference
2021-2023,MCQ_L,MCQ230B,male,70-79,19.0,2,0.06666666666666667,exploratory_unweighted_not_clinical_reference
2021-2023,MCQ_L,MCQ230B,male,70-79,10.0,2,0.06666666666666667,exploratory_unweighted_not_clinical_reference
2021-2023,MCQ_L,MCQ230B,male,70-79,35.0,1,0.03333333333333333,exploratory_unweighted_not_clinical_reference
2021-2023,MCQ_L,MCQ230B,male,70-79,36.0,1,0.03333333333333333,exploratory_unweighted_not_clinical_reference
2021-2023,MCQ_L,MCQ230B,male,70-79,23.0,1,0.03333333333333333,exploratory_unweighted_not_clinical_reference
2021-2023,MCQ_L,OSQ230,female,40-49,2.0,475,0.8203799654576857,exploratory_unweighted_not_clinical_reference
2021-2023,MCQ_L,OSQ230,female,40-49,1.0,103,0.17789291882556132,exploratory_unweighted_not_clinical_reference
2021-2023,MCQ_L,OSQ230,female,40-49,9.0,1,0.0017271157167530224,exploratory_unweighted_not_clinical_reference
2021-2023,MCQ_L,OSQ230,female,50-59,2.0,475,0.7307692307692307,exploratory_unweighted_not_clinical_reference
2021-2023,MCQ_L,OSQ230,female,50-59,1.0,170,0.26153846153846155,exploratory_unweighted_not_clinical_reference
2021-2023,MCQ_L,OSQ230,female,50-59,9.0,5,0.007692307692307693,exploratory_unweighted_not_clinical_reference
2021-2023,MCQ_L,OSQ230,female,60-69,2.0,615,0.6346749226006192,exploratory_unweighted_not_clinical_reference
2021-2023,MCQ_L,OSQ230,female,60-69,1.0,348,0.3591331269349845,exploratory_unweighted_not_clinical_reference
2021-2023,MCQ_L,OSQ230,female,60-69,9.0,6,0.006191950464396285,exploratory_unweighted_not_clinical_reference
2021-2023,MCQ_L,OSQ230,female,70-79,2.0,361,0.5519877675840978,exploratory_unweighted_not_clinical_reference
2021-2023,MCQ_L,OSQ230,female,70-79,1.0,288,0.44036697247706424,exploratory_unweighted_not_clinical_reference
2021-2023,MCQ_L,OSQ230,female,70-79,9.0,5,0.00764525993883792,exploratory_unweighted_not_clinical_reference
2021-2023,MCQ_L,OSQ230,female,80+,2.0,156,0.5342465753424658,exploratory_unweighted_not_clinical_reference
2021-2023,MCQ_L,OSQ230,female,80+,1.0,134,0.4589041095890411,exploratory_unweighted_not_clinical_reference
2021-2023,MCQ_L,OSQ230,female,80+,9.0,2,0.00684931506849315,exploratory_unweighted_not_clinical_reference
2021-2023,MCQ_L,OSQ230,male,40-49,2.0,388,0.838012958963283,exploratory_unweighted_not_clinical_reference
2021-2023,MCQ_L,OSQ230,male,40-49,1.0,74,0.15982721382289417,exploratory_unweighted_not_clinical_reference
2021-2023,MCQ_L,OSQ230,male,40-49,9.0,1,0.0021598272138228943,exploratory_unweighted_not_clinical_reference
2021-2023,MCQ_L,OSQ230,male,50-59,2.0,382,0.7234848484848485,exploratory_unweighted_not_clinical_reference
2021-2023,MCQ_L,OSQ230,male,50-59,1.0,144,0.2727272727272727,exploratory_unweighted_not_clinical_reference
2021-2023,MCQ_L,OSQ230,male,50-59,9.0,2,0.003787878787878788,exploratory_unweighted_not_clinical_reference
2021-2023,MCQ_L,OSQ230,male,60-69,2.0,502,0.6306532663316583,exploratory_unweighted_not_clinical_reference
2021-2023,MCQ_L,OSQ230,male,60-69,1.0,287,0.36055276381909546,exploratory_unweighted_not_clinical_reference
2021-2023,MCQ_L,OSQ230,male,60-69,9.0,7,0.008793969849246231,exploratory_unweighted_not_clinical_reference
2021-2023,MCQ_L,OSQ230,male,70-79,2.0,302,0.5392857142857143,exploratory_unweighted_not_clinical_reference
2021-2023,MCQ_L,OSQ230,male,70-79,1.0,254,0.45357142857142857,exploratory_unweighted_not_clinical_reference
2021-2023,MCQ_L,OSQ230,male,70-79,9.0,4,0.007142857142857143,exploratory_unweighted_not_clinical_reference
2021-2023,MCQ_L,OSQ230,male,80+,1.0,115,0.4956896551724138,exploratory_unweighted_not_clinical_reference
2021-2023,MCQ_L,OSQ230,male,80+,2.0,114,0.49137931034482757,exploratory_unweighted_not_clinical_reference
2021-2023,MCQ_L,OSQ230,male,80+,9.0,3,0.01293103448275862,exploratory_unweighted_not_clinical_reference
2021-2023,PAQ_L,PAD790Q,female,18-29,3.0,160,0.239880059970015,exploratory_unweighted_not_clinical_reference
2021-2023,PAQ_L,PAD790Q,female,18-29,2.0,136,0.20389805097451275,exploratory_unweighted_not_clinical_reference
2021-2023,PAQ_L,PAD790Q,female,18-29,1.0,105,0.15742128935532235,exploratory_unweighted_not_clinical_reference
2021-2023,PAQ_L,PAD790Q,female,18-29,5.397605346934028e-79,78,0.11694152923538231,exploratory_unweighted_not_clinical_reference
2021-2023,PAQ_L,PAD790Q,female,18-29,5.0,67,0.10044977511244378,exploratory_unweighted_not_clinical_reference
2021-2023,PAQ_L,PAD790Q,female,18-29,4.0,62,0.09295352323838081,exploratory_unweighted_not_clinical_reference
2021-2023,PAQ_L,PAD790Q,female,18-29,7.0,38,0.05697151424287856,exploratory_unweighted_not_clinical_reference
2021-2023,PAQ_L,PAD790Q,female,18-29,6.0,14,0.020989505247376312,exploratory_unweighted_not_clinical_reference
2021-2023,PAQ_L,PAD790Q,female,18-29,9999.0,3,0.004497751124437781,exploratory_unweighted_not_clinical_reference
2021-2023,PAQ_L,PAD790Q,female,18-29,15.0,2,0.0029985007496251873,exploratory_unweighted_not_clinical_reference
2021-2023,PAQ_L,PAD790Q,female,18-29,20.0,1,0.0014992503748125937,exploratory_unweighted_not_clinical_reference
2021-2023,PAQ_L,PAD790Q,female,18-29,10.0,1,0.0014992503748125937,exploratory_unweighted_not_clinical_reference
2021-2023,PAQ_L,PAD790Q,female,30-39,3.0,136,0.20088626292466766,exploratory_unweighted_not_clinical_reference
2021-2023,PAQ_L,PAD790Q,female,30-39,5.397605346934028e-79,128,0.18906942392909898,exploratory_unweighted_not_clinical_reference
2021-2023,PAQ_L,PAD790Q,female,30-39,2.0,119,0.1757754800590842,exploratory_unweighted_not_clinical_reference
2021-2023,PAQ_L,PAD790Q,female,30-39,1.0,102,0.15066469719350073,exploratory_unweighted_not_clinical_reference
2021-2023,PAQ_L,PAD790Q,female,30-39,5.0,64,0.09453471196454949,exploratory_unweighted_not_clinical_reference
2021-2023,PAQ_L,PAD790Q,female,30-39,4.0,63,0.0930576070901034,exploratory_unweighted_not_clinical_reference
2021-2023,PAQ_L,PAD790Q,female,30-39,7.0,37,0.05465288035450517,exploratory_unweighted_not_clinical_reference
2021-2023,PAQ_L,PAD790Q,female,30-39,6.0,10,0.014771048744460856,exploratory_unweighted_not_clinical_reference
2021-2023,PAQ_L,PAD790Q,female,30-39,10.0,7,0.0103397341211226,exploratory_unweighted_not_clinical_reference
2021-2023,PAQ_L,PAD790Q,female,30-39,9999.0,5,0.007385524372230428,exploratory_unweighted_not_clinical_reference
2021-2023,PAQ_L,PAD790Q,female,30-39,15.0,2,0.0029542097488921715,exploratory_unweighted_not_clinical_reference
2021-2023,PAQ_L,PAD790Q,female,30-39,20.0,2,0.0029542097488921715,exploratory_unweighted_not_clinical_reference
2021-2023,PAQ_L,PAD790Q,female,30-39,8.0,1,0.0014771048744460858,exploratory_unweighted_not_clinical_reference
2021-2023,PAQ_L,PAD790Q,female,30-39,7777.0,1,0.0014771048744460858,exploratory_unweighted_not_clinical_reference
2021-2023,PAQ_L,PAD790Q,female,40-49,5.397605346934028e-79,121,0.2093425605536332,exploratory_unweighted_not_clinical_reference
2021-2023,PAQ_L,PAD790Q,female,40-49,3.0,110,0.1903114186851211,exploratory_unweighted_not_clinical_reference
2021-2023,PAQ_L,PAD790Q,female,40-49,2.0,105,0.18166089965397925,exploratory_unweighted_not_clinical_reference
2021-2023,PAQ_L,PAD790Q,female,40-49,1.0,103,0.1782006920415225,exploratory_unweighted_not_clinical_reference
2021-2023,PAQ_L,PAD790Q,female,40-49,5.0,53,0.09169550173010381,exploratory_unweighted_not_clinical_reference
2021-2023,PAQ_L,PAD790Q,female,40-49,4.0,41,0.07093425605536333,exploratory_unweighted_not_clinical_reference
2021-2023,PAQ_L,PAD790Q,female,40-49,7.0,28,0.04844290657439446,exploratory_unweighted_not_clinical_reference
2021-2023,PAQ_L,PAD790Q,female,40-49,6.0,11,0.01903114186851211,exploratory_unweighted_not_clinical_reference
2021-2023,PAQ_L,PAD790Q,female,40-49,20.0,2,0.0034602076124567475,exploratory_unweighted_not_clinical_reference
2021-2023,PAQ_L,PAD790Q,female,40-49,24.0,1,0.0017301038062283738,exploratory_unweighted_not_clinical_reference
2021-2023,PAQ_L,PAD790Q,female,40-49,28.0,1,0.0017301038062283738,exploratory_unweighted_not_clinical_reference
2021-2023,PAQ_L,PAD790Q,female,40-49,12.0,1,0.0017301038062283738,exploratory_unweighted_not_clinical_reference
2021-2023,PAQ_L,PAD790Q,female,40-49,10.0,1,0.0017301038062283738,exploratory_unweighted_not_clinical_reference
2021-2023,PAQ_L,PAD790Q,female,50-59,5.397605346934028e-79,140,0.2153846153846154,exploratory_unweighted_not_clinical_reference
2021-2023,PAQ_L,PAD790Q,female,50-59,3.0,131,0.20153846153846153,exploratory_unweighted_not_clinical_reference
2021-2023,PAQ_L,PAD790Q,female,50-59,2.0,102,0.15692307692307692,exploratory_unweighted_not_clinical_reference
2021-2023,PAQ_L,PAD790Q,female,50-59,1.0,95,0.14615384615384616,exploratory_unweighted_not_clinical_reference
2021-2023,PAQ_L,PAD790Q,female,50-59,4.0,55,0.08461538461538462,exploratory_unweighted_not_clinical_reference
2021-2023,PAQ_L,PAD790Q,female,50-59,5.0,52,0.08,exploratory_unweighted_not_clinical_reference
2021-2023,PAQ_L,PAD790Q,female,50-59,7.0,45,0.06923076923076923,exploratory_unweighted_not_clinical_reference
2021-2023,PAQ_L,PAD790Q,female,50-59,6.0,13,0.02,exploratory_unweighted_not_clinical_reference
2021-2023,PAQ_L,PAD790Q,female,50-59,9999.0,4,0.006153846153846154,exploratory_unweighted_not_clinical_reference
2021-2023,PAQ_L,PAD790Q,female,50-59,10.0,4,0.006153846153846154,exploratory_unweighted_not_clinical_reference
2021-2023,PAQ_L,PAD790Q,female,50-59,15.0,3,0.004615384615384616,exploratory_unweighted_not_clinical_reference
2021-2023,PAQ_L,PAD790Q,female,50-59,14.0,1,0.0015384615384615385,exploratory_unweighted_not_clinical_reference
2021-2023,PAQ_L,PAD790Q,female,50-59,8.0,1,0.0015384615384615385,exploratory_unweighted_not_clinical_reference
2021-2023,PAQ_L,PAD790Q,female,50-59,12.0,1,0.0015384615384615385,exploratory_unweighted_not_clinical_reference
2021-2023,PAQ_L,PAD790Q,female,50-59,21.0,1,0.0015384615384615385,exploratory_unweighted_not_clinical_reference
2021-2023,PAQ_L,PAD790Q,female,50-59,7777.0,1,0.0015384615384615385,exploratory_unweighted_not_clinical_reference
2021-2023,PAQ_L,PAD790Q,female,50-59,20.0,1,0.0015384615384615385,exploratory_unweighted_not_clinical_reference
2021-2023,PAQ_L,PAD790Q,female,60-69,5.397605346934028e-79,241,0.24871001031991744,exploratory_unweighted_not_clinical_reference
2021-2023,PAQ_L,PAD790Q,female,60-69,2.0,161,0.16615067079463364,exploratory_unweighted_not_clinical_reference
2021-2023,PAQ_L,PAD790Q,female,60-69,1.0,151,0.15583075335397317,exploratory_unweighted_not_clinical_reference
2021-2023,PAQ_L,PAD790Q,female,60-69,3.0,133,0.13725490196078433,exploratory_unweighted_not_clinical_reference
2021-2023,PAQ_L,PAD790Q,female,60-69,4.0,84,0.08668730650154799,exploratory_unweighted_not_clinical_reference
2021-2023,PAQ_L,PAD790Q,female,60-69,5.0,82,0.0846233230134159,exploratory_unweighted_not_clinical_reference
2021-2023,PAQ_L,PAD790Q,female,60-69,7.0,68,0.07017543859649122,exploratory_unweighted_not_clinical_reference
2021-2023,PAQ_L,PAD790Q,female,60-69,6.0,32,0.033023735810113516,exploratory_unweighted_not_clinical_reference
2021-2023,PAQ_L,PAD790Q,female,60-69,9999.0,6,0.006191950464396285,exploratory_unweighted_not_clinical_reference
2021-2023,PAQ_L,PAD790Q,female,60-69,8.0,3,0.0030959752321981426,exploratory_unweighted_not_clinical_reference
2021-2023,PAQ_L,PAD790Q,female,60-69,10.0,2,0.0020639834881320948,exploratory_unweighted_not_clinical_reference
2021-2023,PAQ_L,PAD790Q,female,60-69,30.0,2,0.0020639834881320948,exploratory_unweighted_not_clinical_reference
2021-2023,PAQ_L,PAD790Q,female,60-69,12.0,1,0.0010319917440660474,exploratory_unweighted_not_clinical_reference
2021-2023,PAQ_L,PAD790Q,female,60-69,29.0,1,0.0010319917440660474,exploratory_unweighted_not_clinical_reference
2021-2023,PAQ_L,PAD790Q,female,60-69,15.0,1,0.0010319917440660474,exploratory_unweighted_not_clinical_reference
2021-2023,PAQ_L,PAD790Q,female,60-69,21.0,1,0.0010319917440660474,exploratory_unweighted_not_clinical_reference
2021-2023,PAQ_L,PAD790Q,female,70-79,5.397605346934028e-79,185,0.28287461773700306,exploratory_unweighted_not_clinical_reference
2021-2023,PAQ_L,PAD790Q,female,70-79,1.0,112,0.1712538226299694,exploratory_unweighted_not_clinical_reference
2021-2023,PAQ_L,PAD790Q,female,70-79,2.0,92,0.14067278287461774,exploratory_unweighted_not_clinical_reference
2021-2023,PAQ_L,PAD790Q,female,70-79,3.0,87,0.13302752293577982,exploratory_unweighted_not_clinical_reference
2021-2023,PAQ_L,PAD790Q,female,70-79,5.0,51,0.0779816513761468,exploratory_unweighted_not_clinical_reference
2021-2023,PAQ_L,PAD790Q,female,70-79,7.0,49,0.07492354740061162,exploratory_unweighted_not_clinical_reference
2021-2023,PAQ_L,PAD790Q,female,70-79,4.0,44,0.0672782874617737,exploratory_unweighted_not_clinical_reference
2021-2023,PAQ_L,PAD790Q,female,70-79,6.0,19,0.0290519877675841,exploratory_unweighted_not_clinical_reference
2021-2023,PAQ_L,PAD790Q,female,70-79,9999.0,5,0.00764525993883792,exploratory_unweighted_not_clinical_reference
2021-2023,PAQ_L,PAD790Q,female,70-79,10.0,2,0.0030581039755351682,exploratory_unweighted_not_clinical_reference
2021-2023,PAQ_L,PAD790Q,female,70-79,20.0,2,0.0030581039755351682,exploratory_unweighted_not_clinical_reference
2021-2023,PAQ_L,PAD790Q,female,70-79,7777.0,1,0.0015290519877675841,exploratory_unweighted_not_clinical_reference
2021-2023,PAQ_L,PAD790Q,female,70-79,12.0,1,0.0015290519877675841,exploratory_unweighted_not_clinical_reference
2021-2023,PAQ_L,PAD790Q,female,70-79,22.0,1,0.0015290519877675841,exploratory_unweighted_not_clinical_reference
2021-2023,PAQ_L,PAD790Q,female,70-79,30.0,1,0.0015290519877675841,exploratory_unweighted_not_clinical_reference
2021-2023,PAQ_L,PAD790Q,female,70-79,15.0,1,0.0015290519877675841,exploratory_unweighted_not_clinical_reference
2021-2023,PAQ_L,PAD790Q,female,70-79,50.0,1,0.0015290519877675841,exploratory_unweighted_not_clinical_reference
2021-2023,PAQ_L,PAD790Q,female,80+,5.397605346934028e-79,121,0.4143835616438356,exploratory_unweighted_not_clinical_reference
2021-2023,PAQ_L,PAD790Q,female,80+,1.0,49,0.1678082191780822,exploratory_unweighted_not_clinical_reference
2021-2023,PAQ_L,PAD790Q,female,80+,3.0,33,0.11301369863013698,exploratory_unweighted_not_clinical_reference
2021-2023,PAQ_L,PAD790Q,female,80+,2.0,31,0.10616438356164383,exploratory_unweighted_not_clinical_reference
2021-2023,PAQ_L,PAD790Q,female,80+,7.0,17,0.05821917808219178,exploratory_unweighted_not_clinical_reference
2021-2023,PAQ_L,PAD790Q,female,80+,5.0,16,0.0547945205479452,exploratory_unweighted_not_clinical_reference
2021-2023,PAQ_L,PAD790Q,female,80+,4.0,13,0.04452054794520548,exploratory_unweighted_not_clinical_reference
2021-2023,PAQ_L,PAD790Q,female,80+,6.0,5,0.017123287671232876,exploratory_unweighted_not_clinical_reference
2021-2023,PAQ_L,PAD790Q,female,80+,9999.0,3,0.010273972602739725,exploratory_unweighted_not_clinical_reference
2021-2023,PAQ_L,PAD790Q,female,80+,15.0,1,0.003424657534246575,exploratory_unweighted_not_clinical_reference
2021-2023,PAQ_L,PAD790Q,female,80+,20.0,1,0.003424657534246575,exploratory_unweighted_not_clinical_reference
2021-2023,PAQ_L,PAD790Q,female,80+,7777.0,1,0.003424657534246575,exploratory_unweighted_not_clinical_reference
2021-2023,PAQ_L,PAD790Q,female,80+,12.0,1,0.003424657534246575,exploratory_unweighted_not_clinical_reference
2021-2023,PAQ_L,PAD790Q,male,18-29,3.0,111,0.193717277486911,exploratory_unweighted_not_clinical_reference
2021-2023,PAQ_L,PAD790Q,male,18-29,2.0,105,0.18324607329842932,exploratory_unweighted_not_clinical_reference
2021-2023,PAQ_L,PAD790Q,male,18-29,1.0,89,0.15532286212914484,exploratory_unweighted_not_clinical_reference
2021-2023,PAQ_L,PAD790Q,male,18-29,5.0,81,0.14136125654450263,exploratory_unweighted_not_clinical_reference
2021-2023,PAQ_L,PAD790Q,male,18-29,4.0,77,0.1343804537521815,exploratory_unweighted_not_clinical_reference
2021-2023,PAQ_L,PAD790Q,male,18-29,5.397605346934028e-79,45,0.07853403141361257,exploratory_unweighted_not_clinical_reference
2021-2023,PAQ_L,PAD790Q,male,18-29,7.0,25,0.04363001745200698,exploratory_unweighted_not_clinical_reference
2021-2023,PAQ_L,PAD790Q,male,18-29,6.0,21,0.03664921465968586,exploratory_unweighted_not_clinical_reference
2021-2023,PAQ_L,PAD790Q,male,18-29,9999.0,4,0.006980802792321117,exploratory_unweighted_not_clinical_reference
2021-2023,PAQ_L,PAD790Q,male,18-29,10.0,3,0.005235602094240838,exploratory_unweighted_not_clinical_reference
2021-2023,PAQ_L,PAD790Q,male,18-29,8.0,3,0.005235602094240838,exploratory_unweighted_not_clinical_reference
2021-2023,PAQ_L,PAD790Q,male,18-29,7777.0,2,0.0034904013961605585,exploratory_unweighted_not_clinical_reference
2021-2023,PAQ_L,PAD790Q,male,18-29,20.0,2,0.0034904013961605585,exploratory_unweighted_not_clinical_reference
2021-2023,PAQ_L,PAD790Q,male,18-29,180.0,1,0.0017452006980802793,exploratory_unweighted_not_clinical_reference
2021-2023,PAQ_L,PAD790Q,male,18-29,30.0,1,0.0017452006980802793,exploratory_unweighted_not_clinical_reference
2021-2023,PAQ_L,PAD790Q,male,18-29,25.0,1,0.0017452006980802793,exploratory_unweighted_not_clinical_reference
2021-2023,PAQ_L,PAD790Q,male,18-29,15.0,1,0.0017452006980802793,exploratory_unweighted_not_clinical_reference
2021-2023,PAQ_L,PAD790Q,male,18-29,40.0,1,0.0017452006980802793,exploratory_unweighted_not_clinical_reference
2021-2023,PAQ_L,PAD790Q,male,30-39,1.0,101,0.20281124497991967,exploratory_unweighted_not_clinical_reference
2021-2023,PAQ_L,PAD790Q,male,30-39,3.0,96,0.1927710843373494,exploratory_unweighted_not_clinical_reference
2021-2023,PAQ_L,PAD790Q,male,30-39,2.0,90,0.18072289156626506,exploratory_unweighted_not_clinical_reference
2021-2023,PAQ_L,PAD790Q,male,30-39,5.397605346934028e-79,75,0.15060240963855423,exploratory_unweighted_not_clinical_reference
2021-2023,PAQ_L,PAD790Q,male,30-39,5.0,48,0.0963855421686747,exploratory_unweighted_not_clinical_reference
2021-2023,PAQ_L,PAD790Q,male,30-39,4.0,43,0.08634538152610442,exploratory_unweighted_not_clinical_reference
2021-2023,PAQ_L,PAD790Q,male,30-39,7.0,23,0.04618473895582329,exploratory_unweighted_not_clinical_reference
2021-2023,PAQ_L,PAD790Q,male,30-39,6.0,14,0.028112449799196786,exploratory_unweighted_not_clinical_reference
2021-2023,PAQ_L,PAD790Q,male,30-39,10.0,2,0.004016064257028112,exploratory_unweighted_not_clinical_reference
2021-2023,PAQ_L,PAD790Q,male,30-39,9999.0,1,0.002008032128514056,exploratory_unweighted_not_clinical_reference
2021-2023,PAQ_L,PAD790Q,male,30-39,30.0,1,0.002008032128514056,exploratory_unweighted_not_clinical_reference
2021-2023,PAQ_L,PAD790Q,male,30-39,12.0,1,0.002008032128514056,exploratory_unweighted_not_clinical_reference
2021-2023,PAQ_L,PAD790Q,male,30-39,20.0,1,0.002008032128514056,exploratory_unweighted_not_clinical_reference
2021-2023,PAQ_L,PAD790Q,male,30-39,104.0,1,0.002008032128514056,exploratory_unweighted_not_clinical_reference
2021-2023,PAQ_L,PAD790Q,male,30-39,8.0,1,0.002008032128514056,exploratory_unweighted_not_clinical_reference
2021-2023,PAQ_L,PAD790Q,male,40-49,3.0,86,0.18614718614718614,exploratory_unweighted_not_clinical_reference
2021-2023,PAQ_L,PAD790Q,male,40-49,2.0,86,0.18614718614718614,exploratory_unweighted_not_clinical_reference
2021-2023,PAQ_L,PAD790Q,male,40-49,5.397605346934028e-79,77,0.16666666666666666,exploratory_unweighted_not_clinical_reference
2021-2023,PAQ_L,PAD790Q,male,40-49,1.0,75,0.16233766233766234,exploratory_unweighted_not_clinical_reference
2021-2023,PAQ_L,PAD790Q,male,40-49,4.0,49,0.10606060606060606,exploratory_unweighted_not_clinical_reference
2021-2023,PAQ_L,PAD790Q,male,40-49,5.0,38,0.08225108225108226,exploratory_unweighted_not_clinical_reference
2021-2023,PAQ_L,PAD790Q,male,40-49,7.0,28,0.06060606060606061,exploratory_unweighted_not_clinical_reference
2021-2023,PAQ_L,PAD790Q,male,40-49,6.0,15,0.032467532467532464,exploratory_unweighted_not_clinical_reference
2021-2023,PAQ_L,PAD790Q,male,40-49,9999.0,3,0.006493506493506494,exploratory_unweighted_not_clinical_reference
2021-2023,PAQ_L,PAD790Q,male,40-49,15.0,2,0.004329004329004329,exploratory_unweighted_not_clinical_reference
2021-2023,PAQ_L,PAD790Q,male,40-49,12.0,2,0.004329004329004329,exploratory_unweighted_not_clinical_reference
2021-2023,PAQ_L,PAD790Q,male,40-49,14.0,1,0.0021645021645021645,exploratory_unweighted_not_clinical_reference
2021-2023,PAQ_L,PAD790Q,male,50-59,5.397605346934028e-79,113,0.21401515151515152,exploratory_unweighted_not_clinical_reference
2021-2023,PAQ_L,PAD790Q,male,50-59,2.0,104,0.19696969696969696,exploratory_unweighted_not_clinical_reference
2021-2023,PAQ_L,PAD790Q,male,50-59,1.0,102,0.19318181818181818,exploratory_unweighted_not_clinical_reference
2021-2023,PAQ_L,PAD790Q,male,50-59,3.0,86,0.16287878787878787,exploratory_unweighted_not_clinical_reference
2021-2023,PAQ_L,PAD790Q,male,50-59,5.0,40,0.07575757575757576,exploratory_unweighted_not_clinical_reference
2021-2023,PAQ_L,PAD790Q,male,50-59,4.0,39,0.07386363636363637,exploratory_unweighted_not_clinical_reference
2021-2023,PAQ_L,PAD790Q,male,50-59,7.0,29,0.054924242424242424,exploratory_unweighted_not_clinical_reference
2021-2023,PAQ_L,PAD790Q,male,50-59,6.0,11,0.020833333333333332,exploratory_unweighted_not_clinical_reference
2021-2023,PAQ_L,PAD790Q,male,50-59,12.0,2,0.003787878787878788,exploratory_unweighted_not_clinical_reference
2021-2023,PAQ_L,PAD790Q,male,50-59,7777.0,1,0.001893939393939394,exploratory_unweighted_not_clinical_reference
2021-2023,PAQ_L,PAD790Q,male,50-59,10.0,1,0.001893939393939394,exploratory_unweighted_not_clinical_reference
2021-2023,PAQ_L,PAD790Q,male,60-69,5.397605346934028e-79,180,0.22641509433962265,exploratory_unweighted_not_clinical_reference
2021-2023,PAQ_L,PAD790Q,male,60-69,1.0,136,0.1710691823899371,exploratory_unweighted_not_clinical_reference
2021-2023,PAQ_L,PAD790Q,male,60-69,3.0,124,0.1559748427672956,exploratory_unweighted_not_clinical_reference
2021-2023,PAQ_L,PAD790Q,male,60-69,2.0,120,0.1509433962264151,exploratory_unweighted_not_clinical_reference
2021-2023,PAQ_L,PAD790Q,male,60-69,7.0,69,0.08679245283018867,exploratory_unweighted_not_clinical_reference
2021-2023,PAQ_L,PAD790Q,male,60-69,4.0,68,0.08553459119496855,exploratory_unweighted_not_clinical_reference
2021-2023,PAQ_L,PAD790Q,male,60-69,5.0,66,0.0830188679245283,exploratory_unweighted_not_clinical_reference
2021-2023,PAQ_L,PAD790Q,male,60-69,6.0,23,0.028930817610062894,exploratory_unweighted_not_clinical_reference
2021-2023,PAQ_L,PAD790Q,male,60-69,10.0,3,0.0037735849056603774,exploratory_unweighted_not_clinical_reference
2021-2023,PAQ_L,PAD790Q,male,60-69,20.0,1,0.0012578616352201257,exploratory_unweighted_not_clinical_reference
2021-2023,PAQ_L,PAD790Q,male,60-69,30.0,1,0.0012578616352201257,exploratory_unweighted_not_clinical_reference
2021-2023,PAQ_L,PAD790Q,male,60-69,12.0,1,0.0012578616352201257,exploratory_unweighted_not_clinical_reference
2021-2023,PAQ_L,PAD790Q,male,60-69,7777.0,1,0.0012578616352201257,exploratory_unweighted_not_clinical_reference
2021-2023,PAQ_L,PAD790Q,male,60-69,15.0,1,0.0012578616352201257,exploratory_unweighted_not_clinical_reference
2021-2023,PAQ_L,PAD790Q,male,60-69,8.0,1,0.0012578616352201257,exploratory_unweighted_not_clinical_reference
2021-2023,PAQ_L,PAD790Q,male,70-79,5.397605346934028e-79,122,0.21785714285714286,exploratory_unweighted_not_clinical_reference
2021-2023,PAQ_L,PAD790Q,male,70-79,3.0,94,0.16785714285714284,exploratory_unweighted_not_clinical_reference
2021-2023,PAQ_L,PAD790Q,male,70-79,1.0,88,0.15714285714285714,exploratory_unweighted_not_clinical_reference
2021-2023,PAQ_L,PAD790Q,male,70-79,2.0,75,0.13392857142857142,exploratory_unweighted_not_clinical_reference
2021-2023,PAQ_L,PAD790Q,male,70-79,4.0,64,0.11428571428571428,exploratory_unweighted_not_clinical_reference
2021-2023,PAQ_L,PAD790Q,male,70-79,5.0,50,0.08928571428571429,exploratory_unweighted_not_clinical_reference
2021-2023,PAQ_L,PAD790Q,male,70-79,7.0,44,0.07857142857142857,exploratory_unweighted_not_clinical_reference
2021-2023,PAQ_L,PAD790Q,male,70-79,6.0,15,0.026785714285714284,exploratory_unweighted_not_clinical_reference
2021-2023,PAQ_L,PAD790Q,male,70-79,9999.0,3,0.005357142857142857,exploratory_unweighted_not_clinical_reference
2021-2023,PAQ_L,PAD790Q,male,70-79,10.0,2,0.0035714285714285713,exploratory_unweighted_not_clinical_reference
2021-2023,PAQ_L,PAD790Q,male,70-79,7777.0,1,0.0017857142857142857,exploratory_unweighted_not_clinical_reference
2021-2023,PAQ_L,PAD790Q,male,70-79,24.0,1,0.0017857142857142857,exploratory_unweighted_not_clinical_reference
2021-2023,PAQ_L,PAD790Q,male,70-79,40.0,1,0.0017857142857142857,exploratory_unweighted_not_clinical_reference
2021-2023,PAQ_L,PAD790Q,male,80+,5.397605346934028e-79,70,0.3017241379310345,exploratory_unweighted_not_clinical_reference
2021-2023,PAQ_L,PAD790Q,male,80+,1.0,35,0.15086206896551724,exploratory_unweighted_not_clinical_reference
2021-2023,PAQ_L,PAD790Q,male,80+,2.0,30,0.12931034482758622,exploratory_unweighted_not_clinical_reference
2021-2023,PAQ_L,PAD790Q,male,80+,3.0,29,0.125,exploratory_unweighted_not_clinical_reference
2021-2023,PAQ_L,PAD790Q,male,80+,7.0,24,0.10344827586206896,exploratory_unweighted_not_clinical_reference
2021-2023,PAQ_L,PAD790Q,male,80+,4.0,17,0.07327586206896551,exploratory_unweighted_not_clinical_reference
2021-2023,PAQ_L,PAD790Q,male,80+,5.0,14,0.0603448275862069,exploratory_unweighted_not_clinical_reference
2021-2023,PAQ_L,PAD790Q,male,80+,6.0,8,0.034482758620689655,exploratory_unweighted_not_clinical_reference
2021-2023,PAQ_L,PAD790Q,male,80+,9999.0,2,0.008620689655172414,exploratory_unweighted_not_clinical_reference
2021-2023,PAQ_L,PAD790Q,male,80+,12.0,1,0.004310344827586207,exploratory_unweighted_not_clinical_reference
2021-2023,PAQ_L,PAD790Q,male,80+,15.0,1,0.004310344827586207,exploratory_unweighted_not_clinical_reference
2021-2023,PAQ_L,PAD790Q,male,80+,7777.0,1,0.004310344827586207,exploratory_unweighted_not_clinical_reference
2021-2023,PAQ_L,PAD790U,female,18-29,W,471,0.7008928571428571,exploratory_unweighted_not_clinical_reference
2021-2023,PAQ_L,PAD790U,female,18-29,,86,0.12797619047619047,exploratory_unweighted_not_clinical_reference
2021-2023,PAQ_L,PAD790U,female,18-29,D,55,0.0818452380952381,exploratory_unweighted_not_clinical_reference
2021-2023,PAQ_L,PAD790U,female,18-29,M,49,0.07291666666666667,exploratory_unweighted_not_clinical_reference
2021-2023,PAQ_L,PAD790U,female,18-29,Y,11,0.01636904761904762,exploratory_unweighted_not_clinical_reference
2021-2023,PAQ_L,PAD790U,female,30-39,W,438,0.6441176470588236,exploratory_unweighted_not_clinical_reference
2021-2023,PAQ_L,PAD790U,female,30-39,,137,0.20147058823529412,exploratory_unweighted_not_clinical_reference
2021-2023,PAQ_L,PAD790U,female,30-39,D,52,0.07647058823529412,exploratory_unweighted_not_clinical_reference
2021-2023,PAQ_L,PAD790U,female,30-39,M,44,0.06470588235294118,exploratory_unweighted_not_clinical_reference
2021-2023,PAQ_L,PAD790U,female,30-39,Y,9,0.013235294117647059,exploratory_unweighted_not_clinical_reference
2021-2023,PAQ_L,PAD790U,female,40-49,W,348,0.6010362694300518,exploratory_unweighted_not_clinical_reference
2021-2023,PAQ_L,PAD790U,female,40-49,,122,0.21070811744386875,exploratory_unweighted_not_clinical_reference
2021-2023,PAQ_L,PAD790U,female,40-49,D,60,0.10362694300518134,exploratory_unweighted_not_clinical_reference
2021-2023,PAQ_L,PAD790U,female,40-49,M,46,0.07944732297063903,exploratory_unweighted_not_clinical_reference
2021-2023,PAQ_L,PAD790U,female,40-49,Y,3,0.0051813471502590676,exploratory_unweighted_not_clinical_reference
2021-2023,PAQ_L,PAD790U,female,50-59,W,388,0.5969230769230769,exploratory_unweighted_not_clinical_reference
2021-2023,PAQ_L,PAD790U,female,50-59,,145,0.2230769230769231,exploratory_unweighted_not_clinical_reference
2021-2023,PAQ_L,PAD790U,female,50-59,D,68,0.10461538461538461,exploratory_unweighted_not_clinical_reference
2021-2023,PAQ_L,PAD790U,female,50-59,M,42,0.06461538461538462,exploratory_unweighted_not_clinical_reference
2021-2023,PAQ_L,PAD790U,female,50-59,Y,7,0.010769230769230769,exploratory_unweighted_not_clinical_reference
2021-2023,PAQ_L,PAD790U,female,60-69,W,539,0.5562435500515995,exploratory_unweighted_not_clinical_reference
2021-2023,PAQ_L,PAD790U,female,60-69,,247,0.2549019607843137,exploratory_unweighted_not_clinical_reference
2021-2023,PAQ_L,PAD790U,female,60-69,D,127,0.13106295149638802,exploratory_unweighted_not_clinical_reference
2021-2023,PAQ_L,PAD790U,female,60-69,M,51,0.05263157894736842,exploratory_unweighted_not_clinical_reference
2021-2023,PAQ_L,PAD790U,female,60-69,Y,5,0.005159958720330237,exploratory_unweighted_not_clinical_reference
2021-2023,PAQ_L,PAD790U,female,70-79,W,326,0.4984709480122324,exploratory_unweighted_not_clinical_reference
2021-2023,PAQ_L,PAD790U,female,70-79,,191,0.29204892966360857,exploratory_unweighted_not_clinical_reference
2021-2023,PAQ_L,PAD790U,female,70-79,D,108,0.1651376146788991,exploratory_unweighted_not_clinical_reference
2021-2023,PAQ_L,PAD790U,female,70-79,M,23,0.035168195718654434,exploratory_unweighted_not_clinical_reference
2021-2023,PAQ_L,PAD790U,female,70-79,Y,6,0.009174311926605505,exploratory_unweighted_not_clinical_reference
2021-2023,PAQ_L,PAD790U,female,80+,,125,0.4280821917808219,exploratory_unweighted_not_clinical_reference
2021-2023,PAQ_L,PAD790U,female,80+,W,112,0.3835616438356164,exploratory_unweighted_not_clinical_reference
2021-2023,PAQ_L,PAD790U,female,80+,D,46,0.15753424657534246,exploratory_unweighted_not_clinical_reference
2021-2023,PAQ_L,PAD790U,female,80+,M,7,0.023972602739726026,exploratory_unweighted_not_clinical_reference
2021-2023,PAQ_L,PAD790U,female,80+,Y,2,0.00684931506849315,exploratory_unweighted_not_clinical_reference
2021-2023,PAQ_L,PAD790U,male,18-29,W,392,0.6805555555555556,exploratory_unweighted_not_clinical_reference
2021-2023,PAQ_L,PAD790U,male,18-29,D,83,0.1440972222222222,exploratory_unweighted_not_clinical_reference
2021-2023,PAQ_L,PAD790U,male,18-29,,54,0.09375,exploratory_unweighted_not_clinical_reference
2021-2023,PAQ_L,PAD790U,male,18-29,M,40,0.06944444444444445,exploratory_unweighted_not_clinical_reference
2021-2023,PAQ_L,PAD790U,male,18-29,Y,7,0.012152777777777778,exploratory_unweighted_not_clinical_reference
2021-2023,PAQ_L,PAD790U,male,30-39,W,329,0.658,exploratory_unweighted_not_clinical_reference
2021-2023,PAQ_L,PAD790U,male,30-39,,78,0.156,exploratory_unweighted_not_clinical_reference
2021-2023,PAQ_L,PAD790U,male,30-39,D,52,0.104,exploratory_unweighted_not_clinical_reference
2021-2023,PAQ_L,PAD790U,male,30-39,M,37,0.074,exploratory_unweighted_not_clinical_reference
2021-2023,PAQ_L,PAD790U,male,30-39,Y,4,0.008,exploratory_unweighted_not_clinical_reference
2021-2023,PAQ_L,PAD790U,male,40-49,W,301,0.6501079913606912,exploratory_unweighted_not_clinical_reference
2021-2023,PAQ_L,PAD790U,male,40-49,,81,0.17494600431965443,exploratory_unweighted_not_clinical_reference
2021-2023,PAQ_L,PAD790U,male,40-49,D,50,0.1079913606911447,exploratory_unweighted_not_clinical_reference
2021-2023,PAQ_L,PAD790U,male,40-49,M,28,0.06047516198704104,exploratory_unweighted_not_clinical_reference
2021-2023,PAQ_L,PAD790U,male,40-49,Y,3,0.0064794816414686825,exploratory_unweighted_not_clinical_reference
2021-2023,PAQ_L,PAD790U,male,50-59,W,300,0.5671077504725898,exploratory_unweighted_not_clinical_reference
2021-2023,PAQ_L,PAD790U,male,50-59,,115,0.21739130434782608,exploratory_unweighted_not_clinical_reference
2021-2023,PAQ_L,PAD790U,male,50-59,D,69,0.13043478260869565,exploratory_unweighted_not_clinical_reference
2021-2023,PAQ_L,PAD790U,male,50-59,M,34,0.06427221172022685,exploratory_unweighted_not_clinical_reference
2021-2023,PAQ_L,PAD790U,male,50-59,Y,11,0.020793950850661626,exploratory_unweighted_not_clinical_reference
2021-2023,PAQ_L,PAD790U,male,60-69,W,458,0.5753768844221105,exploratory_unweighted_not_clinical_reference
2021-2023,PAQ_L,PAD790U,male,60-69,,182,0.228643216080402,exploratory_unweighted_not_clinical_reference
2021-2023,PAQ_L,PAD790U,male,60-69,D,110,0.13819095477386933,exploratory_unweighted_not_clinical_reference
2021-2023,PAQ_L,PAD790U,male,60-69,M,39,0.048994974874371856,exploratory_unweighted_not_clinical_reference
2021-2023,PAQ_L,PAD790U,male,60-69,Y,7,0.008793969849246231,exploratory_unweighted_not_clinical_reference
2021-2023,PAQ_L,PAD790U,male,70-79,W,335,0.5982142857142857,exploratory_unweighted_not_clinical_reference
2021-2023,PAQ_L,PAD790U,male,70-79,,126,0.225,exploratory_unweighted_not_clinical_reference
2021-2023,PAQ_L,PAD790U,male,70-79,D,69,0.12321428571428572,exploratory_unweighted_not_clinical_reference
2021-2023,PAQ_L,PAD790U,male,70-79,M,25,0.044642857142857144,exploratory_unweighted_not_clinical_reference
2021-2023,PAQ_L,PAD790U,male,70-79,Y,5,0.008928571428571428,exploratory_unweighted_not_clinical_reference
2021-2023,PAQ_L,PAD790U,male,80+,W,114,0.4892703862660944,exploratory_unweighted_not_clinical_reference
2021-2023,PAQ_L,PAD790U,male,80+,,74,0.31759656652360513,exploratory_unweighted_not_clinical_reference
2021-2023,PAQ_L,PAD790U,male,80+,D,36,0.15450643776824036,exploratory_unweighted_not_clinical_reference
2021-2023,PAQ_L,PAD790U,male,80+,M,7,0.030042918454935622,exploratory_unweighted_not_clinical_reference
2021-2023,PAQ_L,PAD790U,male,80+,Y,2,0.008583690987124463,exploratory_unweighted_not_clinical_reference
2021-2023,PAQ_L,PAD810Q,female,18-29,5.397605346934028e-79,255,0.3805970149253731,exploratory_unweighted_not_clinical_reference
2021-2023,PAQ_L,PAD810Q,female,18-29,1.0,150,0.22388059701492538,exploratory_unweighted_not_clinical_reference
2021-2023,PAQ_L,PAD810Q,female,18-29,2.0,124,0.18507462686567164,exploratory_unweighted_not_clinical_reference
2021-2023,PAQ_L,PAD810Q,female,18-29,3.0,75,0.11194029850746269,exploratory_unweighted_not_clinical_reference
2021-2023,PAQ_L,PAD810Q,female,18-29,4.0,27,0.04029850746268657,exploratory_unweighted_not_clinical_reference
2021-2023,PAQ_L,PAD810Q,female,18-29,5.0,20,0.029850746268656716,exploratory_unweighted_not_clinical_reference
2021-2023,PAQ_L,PAD810Q,female,18-29,6.0,8,0.011940298507462687,exploratory_unweighted_not_clinical_reference
2021-2023,PAQ_L,PAD810Q,female,18-29,7.0,6,0.008955223880597015,exploratory_unweighted_not_clinical_reference
2021-2023,PAQ_L,PAD810Q,female,18-29,10.0,2,0.0029850746268656717,exploratory_unweighted_not_clinical_reference
2021-2023,PAQ_L,PAD810Q,female,18-29,9999.0,2,0.0029850746268656717,exploratory_unweighted_not_clinical_reference
2021-2023,PAQ_L,PAD810Q,female,18-29,8.0,1,0.0014925373134328358,exploratory_unweighted_not_clinical_reference
2021-2023,PAQ_L,PAD810Q,female,30-39,5.397605346934028e-79,333,0.4911504424778761,exploratory_unweighted_not_clinical_reference
2021-2023,PAQ_L,PAD810Q,female,30-39,1.0,121,0.17846607669616518,exploratory_unweighted_not_clinical_reference
2021-2023,PAQ_L,PAD810Q,female,30-39,2.0,99,0.14601769911504425,exploratory_unweighted_not_clinical_reference
2021-2023,PAQ_L,PAD810Q,female,30-39,3.0,60,0.08849557522123894,exploratory_unweighted_not_clinical_reference
2021-2023,PAQ_L,PAD810Q,female,30-39,4.0,28,0.04129793510324484,exploratory_unweighted_not_clinical_reference
2021-2023,PAQ_L,PAD810Q,female,30-39,5.0,20,0.029498525073746312,exploratory_unweighted_not_clinical_reference
2021-2023,PAQ_L,PAD810Q,female,30-39,7.0,6,0.008849557522123894,exploratory_unweighted_not_clinical_reference
2021-2023,PAQ_L,PAD810Q,female,30-39,6.0,6,0.008849557522123894,exploratory_unweighted_not_clinical_reference
2021-2023,PAQ_L,PAD810Q,female,30-39,9999.0,2,0.0029498525073746312,exploratory_unweighted_not_clinical_reference
2021-2023,PAQ_L,PAD810Q,female,30-39,9.0,1,0.0014749262536873156,exploratory_unweighted_not_clinical_reference
2021-2023,PAQ_L,PAD810Q,female,30-39,7777.0,1,0.0014749262536873156,exploratory_unweighted_not_clinical_reference
2021-2023,PAQ_L,PAD810Q,female,30-39,90.0,1,0.0014749262536873156,exploratory_unweighted_not_clinical_reference
2021-2023,PAQ_L,PAD810Q,female,40-49,5.397605346934028e-79,316,0.5467128027681661,exploratory_unweighted_not_clinical_reference
2021-2023,PAQ_L,PAD810Q,female,40-49,1.0,95,0.1643598615916955,exploratory_unweighted_not_clinical_reference
2021-2023,PAQ_L,PAD810Q,female,40-49,2.0,76,0.1314878892733564,exploratory_unweighted_not_clinical_reference
2021-2023,PAQ_L,PAD810Q,female,40-49,3.0,44,0.07612456747404844,exploratory_unweighted_not_clinical_reference
2021-2023,PAQ_L,PAD810Q,female,40-49,4.0,24,0.04152249134948097,exploratory_unweighted_not_clinical_reference
2021-2023,PAQ_L,PAD810Q,female,40-49,5.0,13,0.02249134948096886,exploratory_unweighted_not_clinical_reference
2021-2023,PAQ_L,PAD810Q,female,40-49,7.0,9,0.015570934256055362,exploratory_unweighted_not_clinical_reference
2021-2023,PAQ_L,PAD810Q,female,40-49,6.0,1,0.0017301038062283738,exploratory_unweighted_not_clinical_reference
2021-2023,PAQ_L,PAD810Q,female,50-59,5.397605346934028e-79,386,0.5938461538461538,exploratory_unweighted_not_clinical_reference
2021-2023,PAQ_L,PAD810Q,female,50-59,1.0,85,0.13076923076923078,exploratory_unweighted_not_clinical_reference
2021-2023,PAQ_L,PAD810Q,female,50-59,2.0,85,0.13076923076923078,exploratory_unweighted_not_clinical_reference
2021-2023,PAQ_L,PAD810Q,female,50-59,3.0,48,0.07384615384615385,exploratory_unweighted_not_clinical_reference
2021-2023,PAQ_L,PAD810Q,female,50-59,4.0,22,0.033846153846153845,exploratory_unweighted_not_clinical_reference
2021-2023,PAQ_L,PAD810Q,female,50-59,5.0,10,0.015384615384615385,exploratory_unweighted_not_clinical_reference
2021-2023,PAQ_L,PAD810Q,female,50-59,6.0,5,0.007692307692307693,exploratory_unweighted_not_clinical_reference
2021-2023,PAQ_L,PAD810Q,female,50-59,9999.0,3,0.004615384615384616,exploratory_unweighted_not_clinical_reference
2021-2023,PAQ_L,PAD810Q,female,50-59,7.0,3,0.004615384615384616,exploratory_unweighted_not_clinical_reference
2021-2023,PAQ_L,PAD810Q,female,50-59,10.0,1,0.0015384615384615385,exploratory_unweighted_not_clinical_reference
2021-2023,PAQ_L,PAD810Q,female,50-59,23.0,1,0.0015384615384615385,exploratory_unweighted_not_clinical_reference
2021-2023,PAQ_L,PAD810Q,female,50-59,15.0,1,0.0015384615384615385,exploratory_unweighted_not_clinical_reference
2021-2023,PAQ_L,PAD810Q,female,60-69,5.397605346934028e-79,632,0.6522187822497421,exploratory_unweighted_not_clinical_reference
2021-2023,PAQ_L,PAD810Q,female,60-69,2.0,100,0.10319917440660474,exploratory_unweighted_not_clinical_reference
2021-2023,PAQ_L,PAD810Q,female,60-69,1.0,98,0.10113519091847266,exploratory_unweighted_not_clinical_reference
2021-2023,PAQ_L,PAD810Q,female,60-69,3.0,79,0.08152734778121776,exploratory_unweighted_not_clinical_reference
2021-2023,PAQ_L,PAD810Q,female,60-69,4.0,25,0.025799793601651185,exploratory_unweighted_not_clinical_reference
2021-2023,PAQ_L,PAD810Q,female,60-69,5.0,13,0.013415892672858616,exploratory_unweighted_not_clinical_reference
2021-2023,PAQ_L,PAD810Q,female,60-69,7.0,10,0.010319917440660475,exploratory_unweighted_not_clinical_reference
2021-2023,PAQ_L,PAD810Q,female,60-69,6.0,7,0.007223942208462332,exploratory_unweighted_not_clinical_reference
2021-2023,PAQ_L,PAD810Q,female,60-69,9999.0,2,0.0020639834881320948,exploratory_unweighted_not_clinical_reference
2021-2023,PAQ_L,PAD810Q,female,60-69,10.0,2,0.0020639834881320948,exploratory_unweighted_not_clinical_reference
2021-2023,PAQ_L,PAD810Q,female,60-69,20.0,1,0.0010319917440660474,exploratory_unweighted_not_clinical_reference
2021-2023,PAQ_L,PAD810Q,female,70-79,5.397605346934028e-79,498,0.7614678899082569,exploratory_unweighted_not_clinical_reference
2021-2023,PAQ_L,PAD810Q,female,70-79,1.0,66,0.10091743119266056,exploratory_unweighted_not_clinical_reference
2021-2023,PAQ_L,PAD810Q,female,70-79,2.0,43,0.06574923547400612,exploratory_unweighted_not_clinical_reference
2021-2023,PAQ_L,PAD810Q,female,70-79,3.0,25,0.0382262996941896,exploratory_unweighted_not_clinical_reference
2021-2023,PAQ_L,PAD810Q,female,70-79,4.0,8,0.012232415902140673,exploratory_unweighted_not_clinical_reference
2021-2023,PAQ_L,PAD810Q,female,70-79,9999.0,5,0.00764525993883792,exploratory_unweighted_not_clinical_reference
2021-2023,PAQ_L,PAD810Q,female,70-79,5.0,4,0.0061162079510703364,exploratory_unweighted_not_clinical_reference
2021-2023,PAQ_L,PAD810Q,female,70-79,7.0,2,0.0030581039755351682,exploratory_unweighted_not_clinical_reference
2021-2023,PAQ_L,PAD810Q,female,70-79,6.0,1,0.0015290519877675841,exploratory_unweighted_not_clinical_reference
2021-2023,PAQ_L,PAD810Q,female,70-79,8.0,1,0.0015290519877675841,exploratory_unweighted_not_clinical_reference
2021-2023,PAQ_L,PAD810Q,female,70-79,24.0,1,0.0015290519877675841,exploratory_unweighted_not_clinical_reference
2021-2023,PAQ_L,PAD810Q,female,80+,5.397605346934028e-79,248,0.8493150684931506,exploratory_unweighted_not_clinical_reference
2021-2023,PAQ_L,PAD810Q,female,80+,1.0,12,0.0410958904109589,exploratory_unweighted_not_clinical_reference
2021-2023,PAQ_L,PAD810Q,female,80+,2.0,11,0.03767123287671233,exploratory_unweighted_not_clinical_reference
2021-2023,PAQ_L,PAD810Q,female,80+,3.0,10,0.03424657534246575,exploratory_unweighted_not_clinical_reference
2021-2023,PAQ_L,PAD810Q,female,80+,5.0,3,0.010273972602739725,exploratory_unweighted_not_clinical_reference
2021-2023,PAQ_L,PAD810Q,female,80+,4.0,3,0.010273972602739725,exploratory_unweighted_not_clinical_reference
2021-2023,PAQ_L,PAD810Q,female,80+,7.0,2,0.00684931506849315,exploratory_unweighted_not_clinical_reference
2021-2023,PAQ_L,PAD810Q,female,80+,9999.0,2,0.00684931506849315,exploratory_unweighted_not_clinical_reference
2021-2023,PAQ_L,PAD810Q,female,80+,6.0,1,0.003424657534246575,exploratory_unweighted_not_clinical_reference
2021-2023,PAQ_L,PAD810Q,male,18-29,1.0,147,0.25609756097560976,exploratory_unweighted_not_clinical_reference
2021-2023,PAQ_L,PAD810Q,male,18-29,5.397605346934028e-79,137,0.23867595818815332,exploratory_unweighted_not_clinical_reference
2021-2023,PAQ_L,PAD810Q,male,18-29,2.0,104,0.18118466898954705,exploratory_unweighted_not_clinical_reference
2021-2023,PAQ_L,PAD810Q,male,18-29,3.0,69,0.12020905923344948,exploratory_unweighted_not_clinical_reference
2021-2023,PAQ_L,PAD810Q,male,18-29,4.0,45,0.078397212543554,exploratory_unweighted_not_clinical_reference
2021-2023,PAQ_L,PAD810Q,male,18-29,5.0,36,0.0627177700348432,exploratory_unweighted_not_clinical_reference
2021-2023,PAQ_L,PAD810Q,male,18-29,6.0,15,0.02613240418118467,exploratory_unweighted_not_clinical_reference
2021-2023,PAQ_L,PAD810Q,male,18-29,7.0,12,0.020905923344947737,exploratory_unweighted_not_clinical_reference
2021-2023,PAQ_L,PAD810Q,male,18-29,9999.0,4,0.006968641114982578,exploratory_unweighted_not_clinical_reference
2021-2023,PAQ_L,PAD810Q,male,18-29,9.0,1,0.0017421602787456446,exploratory_unweighted_not_clinical_reference
2021-2023,PAQ_L,PAD810Q,male,18-29,30.0,1,0.0017421602787456446,exploratory_unweighted_not_clinical_reference
2021-2023,PAQ_L,PAD810Q,male,18-29,22.0,1,0.0017421602787456446,exploratory_unweighted_not_clinical_reference
2021-2023,PAQ_L,PAD810Q,male,18-29,7777.0,1,0.0017421602787456446,exploratory_unweighted_not_clinical_reference
2021-2023,PAQ_L,PAD810Q,male,18-29,15.0,1,0.0017421602787456446,exploratory_unweighted_not_clinical_reference
2021-2023,PAQ_L,PAD810Q,male,30-39,5.397605346934028e-79,166,0.33266533066132264,exploratory_unweighted_not_clinical_reference
2021-2023,PAQ_L,PAD810Q,male,30-39,1.0,118,0.23647294589178355,exploratory_unweighted_not_clinical_reference
2021-2023,PAQ_L,PAD810Q,male,30-39,2.0,109,0.218436873747495,exploratory_unweighted_not_clinical_reference
2021-2023,PAQ_L,PAD810Q,male,30-39,3.0,59,0.11823647294589178,exploratory_unweighted_not_clinical_reference
2021-2023,PAQ_L,PAD810Q,male,30-39,4.0,19,0.03807615230460922,exploratory_unweighted_not_clinical_reference
2021-2023,PAQ_L,PAD810Q,male,30-39,5.0,16,0.03206412825651302,exploratory_unweighted_not_clinical_reference
2021-2023,PAQ_L,PAD810Q,male,30-39,6.0,7,0.014028056112224449,exploratory_unweighted_not_clinical_reference
2021-2023,PAQ_L,PAD810Q,male,30-39,7.0,2,0.004008016032064128,exploratory_unweighted_not_clinical_reference
2021-2023,PAQ_L,PAD810Q,male,30-39,9999.0,1,0.002004008016032064,exploratory_unweighted_not_clinical_reference
2021-2023,PAQ_L,PAD810Q,male,30-39,8.0,1,0.002004008016032064,exploratory_unweighted_not_clinical_reference
2021-2023,PAQ_L,PAD810Q,male,30-39,10.0,1,0.002004008016032064,exploratory_unweighted_not_clinical_reference
2021-2023,PAQ_L,PAD810Q,male,40-49,5.397605346934028e-79,186,0.4025974025974026,exploratory_unweighted_not_clinical_reference
2021-2023,PAQ_L,PAD810Q,male,40-49,1.0,86,0.18614718614718614,exploratory_unweighted_not_clinical_reference
2021-2023,PAQ_L,PAD810Q,male,40-49,2.0,79,0.170995670995671,exploratory_unweighted_not_clinical_reference
2021-2023,PAQ_L,PAD810Q,male,40-49,3.0,38,0.08225108225108226,exploratory_unweighted_not_clinical_reference
2021-2023,PAQ_L,PAD810Q,male,40-49,4.0,30,0.06493506493506493,exploratory_unweighted_not_clinical_reference
2021-2023,PAQ_L,PAD810Q,male,40-49,5.0,25,0.05411255411255411,exploratory_unweighted_not_clinical_reference
2021-2023,PAQ_L,PAD810Q,male,40-49,7.0,8,0.017316017316017316,exploratory_unweighted_not_clinical_reference
2021-2023,PAQ_L,PAD810Q,male,40-49,6.0,6,0.012987012987012988,exploratory_unweighted_not_clinical_reference
2021-2023,PAQ_L,PAD810Q,male,40-49,9999.0,2,0.004329004329004329,exploratory_unweighted_not_clinical_reference
2021-2023,PAQ_L,PAD810Q,male,40-49,10.0,1,0.0021645021645021645,exploratory_unweighted_not_clinical_reference
2021-2023,PAQ_L,PAD810Q,male,40-49,31.0,1,0.0021645021645021645,exploratory_unweighted_not_clinical_reference
2021-2023,PAQ_L,PAD810Q,male,50-59,5.397605346934028e-79,269,0.5104364326375711,exploratory_unweighted_not_clinical_reference
2021-2023,PAQ_L,PAD810Q,male,50-59,1.0,98,0.1859582542694497,exploratory_unweighted_not_clinical_reference
2021-2023,PAQ_L,PAD810Q,male,50-59,2.0,67,0.127134724857685,exploratory_unweighted_not_clinical_reference
2021-2023,PAQ_L,PAD810Q,male,50-59,3.0,37,0.07020872865275142,exploratory_unweighted_not_clinical_reference
2021-2023,PAQ_L,PAD810Q,male,50-59,4.0,19,0.036053130929791274,exploratory_unweighted_not_clinical_reference
2021-2023,PAQ_L,PAD810Q,male,50-59,5.0,16,0.030360531309297913,exploratory_unweighted_not_clinical_reference
2021-2023,PAQ_L,PAD810Q,male,50-59,6.0,8,0.015180265654648957,exploratory_unweighted_not_clinical_reference
2021-2023,PAQ_L,PAD810Q,male,50-59,7.0,6,0.011385199240986717,exploratory_unweighted_not_clinical_reference
2021-2023,PAQ_L,PAD810Q,male,50-59,9999.0,3,0.0056925996204933585,exploratory_unweighted_not_clinical_reference
2021-2023,PAQ_L,PAD810Q,male,50-59,7777.0,1,0.0018975332068311196,exploratory_unweighted_not_clinical_reference
2021-2023,PAQ_L,PAD810Q,male,50-59,200.0,1,0.0018975332068311196,exploratory_unweighted_not_clinical_reference
2021-2023,PAQ_L,PAD810Q,male,50-59,30.0,1,0.0018975332068311196,exploratory_unweighted_not_clinical_reference
2021-2023,PAQ_L,PAD810Q,male,50-59,10.0,1,0.0018975332068311196,exploratory_unweighted_not_clinical_reference
2021-2023,PAQ_L,PAD810Q,male,60-69,5.397605346934028e-79,447,0.5622641509433962,exploratory_unweighted_not_clinical_reference
2021-2023,PAQ_L,PAD810Q,male,60-69,1.0,132,0.1660377358490566,exploratory_unweighted_not_clinical_reference
2021-2023,PAQ_L,PAD810Q,male,60-69,2.0,97,0.1220125786163522,exploratory_unweighted_not_clinical_reference
2021-2023,PAQ_L,PAD810Q,male,60-69,3.0,49,0.061635220125786164,exploratory_unweighted_not_clinical_reference
2021-2023,PAQ_L,PAD810Q,male,60-69,4.0,21,0.026415094339622643,exploratory_unweighted_not_clinical_reference
2021-2023,PAQ_L,PAD810Q,male,60-69,5.0,18,0.022641509433962263,exploratory_unweighted_not_clinical_reference
2021-2023,PAQ_L,PAD810Q,male,60-69,6.0,11,0.013836477987421384,exploratory_unweighted_not_clinical_reference
2021-2023,PAQ_L,PAD810Q,male,60-69,7.0,10,0.012578616352201259,exploratory_unweighted_not_clinical_reference
2021-2023,PAQ_L,PAD810Q,male,60-69,9999.0,4,0.005031446540880503,exploratory_unweighted_not_clinical_reference
2021-2023,PAQ_L,PAD810Q,male,60-69,10.0,1,0.0012578616352201257,exploratory_unweighted_not_clinical_reference
2021-2023,PAQ_L,PAD810Q,male,60-69,20.0,1,0.0012578616352201257,exploratory_unweighted_not_clinical_reference
2021-2023,PAQ_L,PAD810Q,male,60-69,7777.0,1,0.0012578616352201257,exploratory_unweighted_not_clinical_reference
2021-2023,PAQ_L,PAD810Q,male,60-69,24.0,1,0.0012578616352201257,exploratory_unweighted_not_clinical_reference
2021-2023,PAQ_L,PAD810Q,male,60-69,84.0,1,0.0012578616352201257,exploratory_unweighted_not_clinical_reference
2021-2023,PAQ_L,PAD810Q,male,60-69,15.0,1,0.0012578616352201257,exploratory_unweighted_not_clinical_reference
2021-2023,PAQ_L,PAD810Q,male,70-79,5.397605346934028e-79,365,0.6529516994633273,exploratory_unweighted_not_clinical_reference
2021-2023,PAQ_L,PAD810Q,male,70-79,1.0,58,0.1037567084078712,exploratory_unweighted_not_clinical_reference
2021-2023,PAQ_L,PAD810Q,male,70-79,2.0,51,0.09123434704830054,exploratory_unweighted_not_clinical_reference
2021-2023,PAQ_L,PAD810Q,male,70-79,3.0,37,0.06618962432915922,exploratory_unweighted_not_clinical_reference
2021-2023,PAQ_L,PAD810Q,male,70-79,4.0,17,0.03041144901610018,exploratory_unweighted_not_clinical_reference
2021-2023,PAQ_L,PAD810Q,male,70-79,5.0,12,0.02146690518783542,exploratory_unweighted_not_clinical_reference
2021-2023,PAQ_L,PAD810Q,male,70-79,7.0,7,0.012522361359570662,exploratory_unweighted_not_clinical_reference
2021-2023,PAQ_L,PAD810Q,male,70-79,6.0,5,0.008944543828264758,exploratory_unweighted_not_clinical_reference
2021-2023,PAQ_L,PAD810Q,male,70-79,9999.0,4,0.007155635062611807,exploratory_unweighted_not_clinical_reference
2021-2023,PAQ_L,PAD810Q,male,70-79,15.0,1,0.0017889087656529517,exploratory_unweighted_not_clinical_reference
2021-2023,PAQ_L,PAD810Q,male,70-79,12.0,1,0.0017889087656529517,exploratory_unweighted_not_clinical_reference
2021-2023,PAQ_L,PAD810Q,male,70-79,8.0,1,0.0017889087656529517,exploratory_unweighted_not_clinical_reference
2021-2023,PAQ_L,PAD810Q,male,80+,5.397605346934028e-79,175,0.7543103448275862,exploratory_unweighted_not_clinical_reference
2021-2023,PAQ_L,PAD810Q,male,80+,1.0,20,0.08620689655172414,exploratory_unweighted_not_clinical_reference
2021-2023,PAQ_L,PAD810Q,male,80+,3.0,11,0.04741379310344827,exploratory_unweighted_not_clinical_reference
2021-2023,PAQ_L,PAD810Q,male,80+,2.0,9,0.03879310344827586,exploratory_unweighted_not_clinical_reference
2021-2023,PAQ_L,PAD810Q,male,80+,4.0,6,0.02586206896551724,exploratory_unweighted_not_clinical_reference
2021-2023,PAQ_L,PAD810Q,male,80+,7.0,4,0.017241379310344827,exploratory_unweighted_not_clinical_reference
2021-2023,PAQ_L,PAD810Q,male,80+,5.0,3,0.01293103448275862,exploratory_unweighted_not_clinical_reference
2021-2023,PAQ_L,PAD810Q,male,80+,9999.0,2,0.008620689655172414,exploratory_unweighted_not_clinical_reference
2021-2023,PAQ_L,PAD810Q,male,80+,6.0,2,0.008620689655172414,exploratory_unweighted_not_clinical_reference
2021-2023,PAQ_L,PAD810U,female,18-29,W,297,0.4419642857142857,exploratory_unweighted_not_clinical_reference
2021-2023,PAQ_L,PAD810U,female,18-29,,259,0.3854166666666667,exploratory_unweighted_not_clinical_reference
2021-2023,PAQ_L,PAD810U,female,18-29,M,87,0.12946428571428573,exploratory_unweighted_not_clinical_reference
2021-2023,PAQ_L,PAD810U,female,18-29,Y,16,0.023809523809523808,exploratory_unweighted_not_clinical_reference
2021-2023,PAQ_L,PAD810U,female,18-29,D,13,0.019345238095238096,exploratory_unweighted_not_clinical_reference
2021-2023,PAQ_L,PAD810U,female,30-39,,338,0.4970588235294118,exploratory_unweighted_not_clinical_reference
2021-2023,PAQ_L,PAD810U,female,30-39,W,249,0.36617647058823527,exploratory_unweighted_not_clinical_reference
2021-2023,PAQ_L,PAD810U,female,30-39,M,67,0.09852941176470588,exploratory_unweighted_not_clinical_reference
2021-2023,PAQ_L,PAD810U,female,30-39,D,14,0.020588235294117647,exploratory_unweighted_not_clinical_reference
2021-2023,PAQ_L,PAD810U,female,30-39,Y,12,0.01764705882352941,exploratory_unweighted_not_clinical_reference
2021-2023,PAQ_L,PAD810U,female,40-49,,317,0.5474956822107081,exploratory_unweighted_not_clinical_reference
2021-2023,PAQ_L,PAD810U,female,40-49,W,191,0.3298791018998273,exploratory_unweighted_not_clinical_reference
2021-2023,PAQ_L,PAD810U,female,40-49,M,46,0.07944732297063903,exploratory_unweighted_not_clinical_reference
2021-2023,PAQ_L,PAD810U,female,40-49,D,16,0.027633851468048358,exploratory_unweighted_not_clinical_reference
2021-2023,PAQ_L,PAD810U,female,40-49,Y,9,0.015544041450777202,exploratory_unweighted_not_clinical_reference
2021-2023,PAQ_L,PAD810U,female,50-59,,389,0.5984615384615385,exploratory_unweighted_not_clinical_reference
2021-2023,PAQ_L,PAD810U,female,50-59,W,177,0.2723076923076923,exploratory_unweighted_not_clinical_reference
2021-2023,PAQ_L,PAD810U,female,50-59,M,60,0.09230769230769231,exploratory_unweighted_not_clinical_reference
2021-2023,PAQ_L,PAD810U,female,50-59,D,16,0.024615384615384615,exploratory_unweighted_not_clinical_reference
2021-2023,PAQ_L,PAD810U,female,50-59,Y,8,0.012307692307692308,exploratory_unweighted_not_clinical_reference
2021-2023,PAQ_L,PAD810U,female,60-69,,634,0.6542827657378741,exploratory_unweighted_not_clinical_reference
2021-2023,PAQ_L,PAD810U,female,60-69,W,242,0.24974200206398348,exploratory_unweighted_not_clinical_reference
2021-2023,PAQ_L,PAD810U,female,60-69,M,61,0.0629514963880289,exploratory_unweighted_not_clinical_reference
2021-2023,PAQ_L,PAD810U,female,60-69,D,20,0.02063983488132095,exploratory_unweighted_not_clinical_reference
2021-2023,PAQ_L,PAD810U,female,60-69,Y,12,0.01238390092879257,exploratory_unweighted_not_clinical_reference
2021-2023,PAQ_L,PAD810U,female,70-79,,503,0.7691131498470948,exploratory_unweighted_not_clinical_reference
2021-2023,PAQ_L,PAD810U,female,70-79,W,103,0.15749235474006115,exploratory_unweighted_not_clinical_reference
2021-2023,PAQ_L,PAD810U,female,70-79,M,33,0.05045871559633028,exploratory_unweighted_not_clinical_reference
2021-2023,PAQ_L,PAD810U,female,70-79,D,10,0.01529051987767584,exploratory_unweighted_not_clinical_reference
2021-2023,PAQ_L,PAD810U,female,70-79,Y,5,0.00764525993883792,exploratory_unweighted_not_clinical_reference
2021-2023,PAQ_L,PAD810U,female,80+,,250,0.8561643835616438,exploratory_unweighted_not_clinical_reference
2021-2023,PAQ_L,PAD810U,female,80+,W,30,0.10273972602739725,exploratory_unweighted_not_clinical_reference
2021-2023,PAQ_L,PAD810U,female,80+,M,9,0.030821917808219176,exploratory_unweighted_not_clinical_reference
2021-2023,PAQ_L,PAD810U,female,80+,D,3,0.010273972602739725,exploratory_unweighted_not_clinical_reference
2021-2023,PAQ_L,PAD810U,male,18-29,W,310,0.5381944444444444,exploratory_unweighted_not_clinical_reference
2021-2023,PAQ_L,PAD810U,male,18-29,,144,0.25,exploratory_unweighted_not_clinical_reference
2021-2023,PAQ_L,PAD810U,male,18-29,M,73,0.1267361111111111,exploratory_unweighted_not_clinical_reference
2021-2023,PAQ_L,PAD810U,male,18-29,D,37,0.0642361111111111,exploratory_unweighted_not_clinical_reference
2021-2023,PAQ_L,PAD810U,male,18-29,Y,12,0.020833333333333332,exploratory_unweighted_not_clinical_reference
2021-2023,PAQ_L,PAD810U,male,30-39,W,236,0.472,exploratory_unweighted_not_clinical_reference
2021-2023,PAQ_L,PAD810U,male,30-39,,168,0.336,exploratory_unweighted_not_clinical_reference
2021-2023,PAQ_L,PAD810U,male,30-39,M,62,0.124,exploratory_unweighted_not_clinical_reference
2021-2023,PAQ_L,PAD810U,male,30-39,D,19,0.038,exploratory_unweighted_not_clinical_reference
2021-2023,PAQ_L,PAD810U,male,30-39,Y,15,0.03,exploratory_unweighted_not_clinical_reference
2021-2023,PAQ_L,PAD810U,male,40-49,W,200,0.4319654427645788,exploratory_unweighted_not_clinical_reference
2021-2023,PAQ_L,PAD810U,male,40-49,,189,0.408207343412527,exploratory_unweighted_not_clinical_reference
2021-2023,PAQ_L,PAD810U,male,40-49,M,49,0.10583153347732181,exploratory_unweighted_not_clinical_reference
2021-2023,PAQ_L,PAD810U,male,40-49,D,15,0.032397408207343416,exploratory_unweighted_not_clinical_reference
2021-2023,PAQ_L,PAD810U,male,40-49,Y,10,0.02159827213822894,exploratory_unweighted_not_clinical_reference
2021-2023,PAQ_L,PAD810U,male,50-59,,275,0.5198487712665406,exploratory_unweighted_not_clinical_reference
2021-2023,PAQ_L,PAD810U,male,50-59,W,172,0.32514177693761814,exploratory_unweighted_not_clinical_reference
2021-2023,PAQ_L,PAD810U,male,50-59,M,46,0.08695652173913043,exploratory_unweighted_not_clinical_reference
2021-2023,PAQ_L,PAD810U,male,50-59,D,19,0.035916824196597356,exploratory_unweighted_not_clinical_reference
2021-2023,PAQ_L,PAD810U,male,50-59,Y,17,0.03213610586011342,exploratory_unweighted_not_clinical_reference
2021-2023,PAQ_L,PAD810U,male,60-69,,453,0.5690954773869347,exploratory_unweighted_not_clinical_reference
2021-2023,PAQ_L,PAD810U,male,60-69,W,207,0.2600502512562814,exploratory_unweighted_not_clinical_reference
2021-2023,PAQ_L,PAD810U,male,60-69,M,81,0.10175879396984924,exploratory_unweighted_not_clinical_reference
2021-2023,PAQ_L,PAD810U,male,60-69,D,33,0.0414572864321608,exploratory_unweighted_not_clinical_reference
2021-2023,PAQ_L,PAD810U,male,60-69,Y,22,0.02763819095477387,exploratory_unweighted_not_clinical_reference
2021-2023,PAQ_L,PAD810U,male,70-79,,370,0.6607142857142857,exploratory_unweighted_not_clinical_reference
2021-2023,PAQ_L,PAD810U,male,70-79,W,131,0.23392857142857143,exploratory_unweighted_not_clinical_reference
2021-2023,PAQ_L,PAD810U,male,70-79,M,32,0.05714285714285714,exploratory_unweighted_not_clinical_reference
2021-2023,PAQ_L,PAD810U,male,70-79,D,17,0.030357142857142857,exploratory_unweighted_not_clinical_reference
2021-2023,PAQ_L,PAD810U,male,70-79,Y,10,0.017857142857142856,exploratory_unweighted_not_clinical_reference
2021-2023,PAQ_L,PAD810U,male,80+,,178,0.7639484978540773,exploratory_unweighted_not_clinical_reference
2021-2023,PAQ_L,PAD810U,male,80+,W,45,0.19313304721030042,exploratory_unweighted_not_clinical_reference
2021-2023,PAQ_L,PAD810U,male,80+,M,5,0.02145922746781116,exploratory_unweighted_not_clinical_reference
2021-2023,PAQ_L,PAD810U,male,80+,D,3,0.012875536480686695,exploratory_unweighted_not_clinical_reference
2021-2023,PAQ_L,PAD810U,male,80+,Y,2,0.008583690987124463,exploratory_unweighted_not_clinical_reference
2021-2023,PAQ_L,PAD820,female,18-29,60.0,129,0.31234866828087166,exploratory_unweighted_not_clinical_reference
2021-2023,PAQ_L,PAD820,female,18-29,30.0,124,0.30024213075060535,exploratory_unweighted_not_clinical_reference
2021-2023,PAQ_L,PAD820,female,18-29,45.0,36,0.08716707021791767,exploratory_unweighted_not_clinical_reference
2021-2023,PAQ_L,PAD820,female,18-29,120.0,34,0.08232445520581114,exploratory_unweighted_not_clinical_reference
2021-2023,PAQ_L,PAD820,female,18-29,20.0,22,0.053268765133171914,exploratory_unweighted_not_clinical_reference
2021-2023,PAQ_L,PAD820,female,18-29,15.0,18,0.043583535108958835,exploratory_unweighted_not_clinical_reference
2021-2023,PAQ_L,PAD820,female,18-29,90.0,11,0.026634382566585957,exploratory_unweighted_not_clinical_reference
2021-2023,PAQ_L,PAD820,female,18-29,10.0,9,0.021791767554479417,exploratory_unweighted_not_clinical_reference
2021-2023,PAQ_L,PAD820,female,18-29,180.0,8,0.01937046004842615,exploratory_unweighted_not_clinical_reference
2021-2023,PAQ_L,PAD820,female,18-29,40.0,7,0.01694915254237288,exploratory_unweighted_not_clinical_reference
2021-2023,PAQ_L,PAD820,female,18-29,300.0,3,0.007263922518159807,exploratory_unweighted_not_clinical_reference
2021-2023,PAQ_L,PAD820,female,18-29,5.0,3,0.007263922518159807,exploratory_unweighted_not_clinical_reference
2021-2023,PAQ_L,PAD820,female,18-29,25.0,2,0.004842615012106538,exploratory_unweighted_not_clinical_reference
2021-2023,PAQ_L,PAD820,female,18-29,150.0,2,0.004842615012106538,exploratory_unweighted_not_clinical_reference
2021-2023,PAQ_L,PAD820,female,18-29,240.0,2,0.004842615012106538,exploratory_unweighted_not_clinical_reference
2021-2023,PAQ_L,PAD820,female,18-29,4.0,1,0.002421307506053269,exploratory_unweighted_not_clinical_reference
2021-2023,PAQ_L,PAD820,female,18-29,9999.0,1,0.002421307506053269,exploratory_unweighted_not_clinical_reference
2021-2023,PAQ_L,PAD820,female,18-29,105.0,1,0.002421307506053269,exploratory_unweighted_not_clinical_reference
2021-2023,PAQ_L,PAD820,female,30-39,30.0,115,0.3362573099415205,exploratory_unweighted_not_clinical_reference
2021-2023,PAQ_L,PAD820,female,30-39,60.0,90,0.2631578947368421,exploratory_unweighted_not_clinical_reference
2021-2023,PAQ_L,PAD820,female,30-39,45.0,31,0.09064327485380116,exploratory_unweighted_not_clinical_reference
2021-2023,PAQ_L,PAD820,female,30-39,20.0,24,0.07017543859649122,exploratory_unweighted_not_clinical_reference
2021-2023,PAQ_L,PAD820,female,30-39,120.0,17,0.049707602339181284,exploratory_unweighted_not_clinical_reference
2021-2023,PAQ_L,PAD820,female,30-39,15.0,14,0.04093567251461988,exploratory_unweighted_not_clinical_reference
2021-2023,PAQ_L,PAD820,female,30-39,90.0,14,0.04093567251461988,exploratory_unweighted_not_clinical_reference
2021-2023,PAQ_L,PAD820,female,30-39,40.0,12,0.03508771929824561,exploratory_unweighted_not_clinical_reference
2021-2023,PAQ_L,PAD820,female,30-39,10.0,5,0.014619883040935672,exploratory_unweighted_not_clinical_reference
2021-2023,PAQ_L,PAD820,female,30-39,180.0,5,0.014619883040935672,exploratory_unweighted_not_clinical_reference
2021-2023,PAQ_L,PAD820,female,30-39,25.0,4,0.011695906432748537,exploratory_unweighted_not_clinical_reference
2021-2023,PAQ_L,PAD820,female,30-39,5.0,3,0.008771929824561403,exploratory_unweighted_not_clinical_reference
2021-2023,PAQ_L,PAD820,female,30-39,240.0,3,0.008771929824561403,exploratory_unweighted_not_clinical_reference
2021-2023,PAQ_L,PAD820,female,30-39,7777.0,1,0.0029239766081871343,exploratory_unweighted_not_clinical_reference
2021-2023,PAQ_L,PAD820,female,30-39,75.0,1,0.0029239766081871343,exploratory_unweighted_not_clinical_reference
2021-2023,PAQ_L,PAD820,female,30-39,9999.0,1,0.0029239766081871343,exploratory_unweighted_not_clinical_reference
2021-2023,PAQ_L,PAD820,female,30-39,1.0,1,0.0029239766081871343,exploratory_unweighted_not_clinical_reference
2021-2023,PAQ_L,PAD820,female,30-39,480.0,1,0.0029239766081871343,exploratory_unweighted_not_clinical_reference
2021-2023,PAQ_L,PAD820,female,40-49,30.0,80,0.3053435114503817,exploratory_unweighted_not_clinical_reference
2021-2023,PAQ_L,PAD820,female,40-49,60.0,60,0.22900763358778625,exploratory_unweighted_not_clinical_reference
2021-2023,PAQ_L,PAD820,female,40-49,20.0,25,0.09541984732824428,exploratory_unweighted_not_clinical_reference
2021-2023,PAQ_L,PAD820,female,40-49,45.0,24,0.0916030534351145,exploratory_unweighted_not_clinical_reference
2021-2023,PAQ_L,PAD820,female,40-49,120.0,23,0.08778625954198473,exploratory_unweighted_not_clinical_reference
2021-2023,PAQ_L,PAD820,female,40-49,15.0,13,0.04961832061068702,exploratory_unweighted_not_clinical_reference
2021-2023,PAQ_L,PAD820,female,40-49,90.0,8,0.030534351145038167,exploratory_unweighted_not_clinical_reference
2021-2023,PAQ_L,PAD820,female,40-49,5.0,5,0.019083969465648856,exploratory_unweighted_not_clinical_reference
2021-2023,PAQ_L,PAD820,female,40-49,25.0,5,0.019083969465648856,exploratory_unweighted_not_clinical_reference
2021-2023,PAQ_L,PAD820,female,40-49,1.0,3,0.011450381679389313,exploratory_unweighted_not_clinical_reference
2021-2023,PAQ_L,PAD820,female,40-49,10.0,3,0.011450381679389313,exploratory_unweighted_not_clinical_reference
2021-2023,PAQ_L,PAD820,female,40-49,40.0,2,0.007633587786259542,exploratory_unweighted_not_clinical_reference
2021-2023,PAQ_L,PAD820,female,40-49,75.0,2,0.007633587786259542,exploratory_unweighted_not_clinical_reference
2021-2023,PAQ_L,PAD820,female,40-49,50.0,1,0.003816793893129771,exploratory_unweighted_not_clinical_reference
2021-2023,PAQ_L,PAD820,female,40-49,300.0,1,0.003816793893129771,exploratory_unweighted_not_clinical_reference
2021-2023,PAQ_L,PAD820,female,40-49,240.0,1,0.003816793893129771,exploratory_unweighted_not_clinical_reference
2021-2023,PAQ_L,PAD820,female,40-49,9999.0,1,0.003816793893129771,exploratory_unweighted_not_clinical_reference
2021-2023,PAQ_L,PAD820,female,40-49,35.0,1,0.003816793893129771,exploratory_unweighted_not_clinical_reference
2021-2023,PAQ_L,PAD820,female,40-49,180.0,1,0.003816793893129771,exploratory_unweighted_not_clinical_reference
2021-2023,PAQ_L,PAD820,female,40-49,55.0,1,0.003816793893129771,exploratory_unweighted_not_clinical_reference
2021-2023,PAQ_L,PAD820,female,40-49,6.0,1,0.003816793893129771,exploratory_unweighted_not_clinical_reference
2021-2023,PAQ_L,PAD820,female,40-49,4.0,1,0.003816793893129771,exploratory_unweighted_not_clinical_reference
2021-2023,PAQ_L,PAD820,female,50-59,30.0,76,0.29118773946360155,exploratory_unweighted_not_clinical_reference
2021-2023,PAQ_L,PAD820,female,50-59,60.0,69,0.26436781609195403,exploratory_unweighted_not_clinical_reference
2021-2023,PAQ_L,PAD820,female,50-59,120.0,23,0.08812260536398467,exploratory_unweighted_not_clinical_reference
2021-2023,PAQ_L,PAD820,female,50-59,15.0,22,0.0842911877394636,exploratory_unweighted_not_clinical_reference
2021-2023,PAQ_L,PAD820,female,50-59,45.0,20,0.07662835249042145,exploratory_unweighted_not_clinical_reference
2021-2023,PAQ_L,PAD820,female,50-59,20.0,16,0.06130268199233716,exploratory_unweighted_not_clinical_reference
2021-2023,PAQ_L,PAD820,female,50-59,180.0,7,0.02681992337164751,exploratory_unweighted_not_clinical_reference
2021-2023,PAQ_L,PAD820,female,50-59,10.0,5,0.019157088122605363,exploratory_unweighted_not_clinical_reference
2021-2023,PAQ_L,PAD820,female,50-59,5.0,4,0.01532567049808429,exploratory_unweighted_not_clinical_reference
2021-2023,PAQ_L,PAD820,female,50-59,90.0,4,0.01532567049808429,exploratory_unweighted_not_clinical_reference
2021-2023,PAQ_L,PAD820,female,50-59,240.0,2,0.007662835249042145,exploratory_unweighted_not_clinical_reference
2021-2023,PAQ_L,PAD820,female,50-59,40.0,2,0.007662835249042145,exploratory_unweighted_not_clinical_reference
2021-2023,PAQ_L,PAD820,female,50-59,300.0,1,0.0038314176245210726,exploratory_unweighted_not_clinical_reference
2021-2023,PAQ_L,PAD820,female,50-59,480.0,1,0.0038314176245210726,exploratory_unweighted_not_clinical_reference
2021-2023,PAQ_L,PAD820,female,50-59,55.0,1,0.0038314176245210726,exploratory_unweighted_not_clinical_reference
2021-2023,PAQ_L,PAD820,female,50-59,70.0,1,0.0038314176245210726,exploratory_unweighted_not_clinical_reference
2021-2023,PAQ_L,PAD820,female,50-59,12.0,1,0.0038314176245210726,exploratory_unweighted_not_clinical_reference
2021-2023,PAQ_L,PAD820,female,50-59,50.0,1,0.0038314176245210726,exploratory_unweighted_not_clinical_reference
2021-2023,PAQ_L,PAD820,female,50-59,9999.0,1,0.0038314176245210726,exploratory_unweighted_not_clinical_reference
2021-2023,PAQ_L,PAD820,female,50-59,25.0,1,0.0038314176245210726,exploratory_unweighted_not_clinical_reference
2021-2023,PAQ_L,PAD820,female,50-59,35.0,1,0.0038314176245210726,exploratory_unweighted_not_clinical_reference
2021-2023,PAQ_L,PAD820,female,50-59,420.0,1,0.0038314176245210726,exploratory_unweighted_not_clinical_reference
2021-2023,PAQ_L,PAD820,female,50-59,32.0,1,0.0038314176245210726,exploratory_unweighted_not_clinical_reference
2021-2023,PAQ_L,PAD820,female,60-69,60.0,90,0.26865671641791045,exploratory_unweighted_not_clinical_reference
2021-2023,PAQ_L,PAD820,female,60-69,30.0,79,0.23582089552238805,exploratory_unweighted_not_clinical_reference
2021-2023,PAQ_L,PAD820,female,60-69,120.0,29,0.08656716417910448,exploratory_unweighted_not_clinical_reference
2021-2023,PAQ_L,PAD820,female,60-69,15.0,28,0.08358208955223881,exploratory_unweighted_not_clinical_reference
2021-2023,PAQ_L,PAD820,female,60-69,20.0,28,0.08358208955223881,exploratory_unweighted_not_clinical_reference
2021-2023,PAQ_L,PAD820,female,60-69,45.0,22,0.06567164179104477,exploratory_unweighted_not_clinical_reference
2021-2023,PAQ_L,PAD820,female,60-69,10.0,12,0.03582089552238806,exploratory_unweighted_not_clinical_reference
2021-2023,PAQ_L,PAD820,female,60-69,40.0,8,0.023880597014925373,exploratory_unweighted_not_clinical_reference
2021-2023,PAQ_L,PAD820,female,60-69,180.0,7,0.020895522388059702,exploratory_unweighted_not_clinical_reference
2021-2023,PAQ_L,PAD820,female,60-69,5.0,6,0.01791044776119403,exploratory_unweighted_not_clinical_reference
2021-2023,PAQ_L,PAD820,female,60-69,3.0,5,0.014925373134328358,exploratory_unweighted_not_clinical_reference
2021-2023,PAQ_L,PAD820,female,60-69,90.0,4,0.011940298507462687,exploratory_unweighted_not_clinical_reference
2021-2023,PAQ_L,PAD820,female,60-69,25.0,3,0.008955223880597015,exploratory_unweighted_not_clinical_reference
2021-2023,PAQ_L,PAD820,female,60-69,50.0,3,0.008955223880597015,exploratory_unweighted_not_clinical_reference
2021-2023,PAQ_L,PAD820,female,60-69,35.0,3,0.008955223880597015,exploratory_unweighted_not_clinical_reference
2021-2023,PAQ_L,PAD820,female,60-69,12.0,2,0.005970149253731343,exploratory_unweighted_not_clinical_reference
2021-2023,PAQ_L,PAD820,female,60-69,7.0,1,0.0029850746268656717,exploratory_unweighted_not_clinical_reference
2021-2023,PAQ_L,PAD820,female,60-69,1.0,1,0.0029850746268656717,exploratory_unweighted_not_clinical_reference
2021-2023,PAQ_L,PAD820,female,60-69,150.0,1,0.0029850746268656717,exploratory_unweighted_not_clinical_reference
2021-2023,PAQ_L,PAD820,female,60-69,300.0,1,0.0029850746268656717,exploratory_unweighted_not_clinical_reference
2021-2023,PAQ_L,PAD820,female,60-69,55.0,1,0.0029850746268656717,exploratory_unweighted_not_clinical_reference
2021-2023,PAQ_L,PAD820,female,60-69,600.0,1,0.0029850746268656717,exploratory_unweighted_not_clinical_reference
2021-2023,PAQ_L,PAD820,female,70-79,60.0,41,0.271523178807947,exploratory_unweighted_not_clinical_reference
2021-2023,PAQ_L,PAD820,female,70-79,30.0,35,0.23178807947019867,exploratory_unweighted_not_clinical_reference
2021-2023,PAQ_L,PAD820,female,70-79,120.0,13,0.08609271523178808,exploratory_unweighted_not_clinical_reference
2021-2023,PAQ_L,PAD820,female,70-79,10.0,12,0.07947019867549669,exploratory_unweighted_not_clinical_reference
2021-2023,PAQ_L,PAD820,female,70-79,15.0,10,0.06622516556291391,exploratory_unweighted_not_clinical_reference
2021-2023,PAQ_L,PAD820,female,70-79,45.0,9,0.059602649006622516,exploratory_unweighted_not_clinical_reference
2021-2023,PAQ_L,PAD820,female,70-79,20.0,7,0.046357615894039736,exploratory_unweighted_not_clinical_reference
2021-2023,PAQ_L,PAD820,female,70-79,40.0,5,0.033112582781456956,exploratory_unweighted_not_clinical_reference
2021-2023,PAQ_L,PAD820,female,70-79,240.0,4,0.026490066225165563,exploratory_unweighted_not_clinical_reference
2021-2023,PAQ_L,PAD820,female,70-79,90.0,3,0.019867549668874173,exploratory_unweighted_not_clinical_reference
2021-2023,PAQ_L,PAD820,female,70-79,360.0,3,0.019867549668874173,exploratory_unweighted_not_clinical_reference
2021-2023,PAQ_L,PAD820,female,70-79,5.0,2,0.013245033112582781,exploratory_unweighted_not_clinical_reference
2021-2023,PAQ_L,PAD820,female,70-79,50.0,2,0.013245033112582781,exploratory_unweighted_not_clinical_reference
2021-2023,PAQ_L,PAD820,female,70-79,25.0,1,0.006622516556291391,exploratory_unweighted_not_clinical_reference
2021-2023,PAQ_L,PAD820,female,70-79,180.0,1,0.006622516556291391,exploratory_unweighted_not_clinical_reference
2021-2023,PAQ_L,PAD820,female,70-79,1.0,1,0.006622516556291391,exploratory_unweighted_not_clinical_reference
2021-2023,PAQ_L,PAD820,female,70-79,9999.0,1,0.006622516556291391,exploratory_unweighted_not_clinical_reference
2021-2023,PAQ_L,PAD820,female,70-79,660.0,1,0.006622516556291391,exploratory_unweighted_not_clinical_reference
2021-2023,PAQ_L,PAD820,female,80+,30.0,8,0.19047619047619047,exploratory_unweighted_not_clinical_reference
2021-2023,PAQ_L,PAD820,female,80+,15.0,6,0.14285714285714285,exploratory_unweighted_not_clinical_reference
2021-2023,PAQ_L,PAD820,female,80+,60.0,6,0.14285714285714285,exploratory_unweighted_not_clinical_reference
2021-2023,PAQ_L,PAD820,female,80+,10.0,5,0.11904761904761904,exploratory_unweighted_not_clinical_reference
2021-2023,PAQ_L,PAD820,female,80+,120.0,3,0.07142857142857142,exploratory_unweighted_not_clinical_reference
2021-2023,PAQ_L,PAD820,female,80+,5.0,3,0.07142857142857142,exploratory_unweighted_not_clinical_reference
2021-2023,PAQ_L,PAD820,female,80+,25.0,2,0.047619047619047616,exploratory_unweighted_not_clinical_reference
2021-2023,PAQ_L,PAD820,female,80+,35.0,2,0.047619047619047616,exploratory_unweighted_not_clinical_reference
2021-2023,PAQ_L,PAD820,female,80+,45.0,2,0.047619047619047616,exploratory_unweighted_not_clinical_reference
2021-2023,PAQ_L,PAD820,female,80+,20.0,2,0.047619047619047616,exploratory_unweighted_not_clinical_reference
2021-2023,PAQ_L,PAD820,female,80+,40.0,1,0.023809523809523808,exploratory_unweighted_not_clinical_reference
2021-2023,PAQ_L,PAD820,female,80+,90.0,1,0.023809523809523808,exploratory_unweighted_not_clinical_reference
2021-2023,PAQ_L,PAD820,female,80+,300.0,1,0.023809523809523808,exploratory_unweighted_not_clinical_reference
2021-2023,PAQ_L,PAD820,male,18-29,60.0,148,0.3425925925925926,exploratory_unweighted_not_clinical_reference
2021-2023,PAQ_L,PAD820,male,18-29,30.0,72,0.16666666666666666,exploratory_unweighted_not_clinical_reference
2021-2023,PAQ_L,PAD820,male,18-29,120.0,59,0.13657407407407407,exploratory_unweighted_not_clinical_reference
2021-2023,PAQ_L,PAD820,male,18-29,90.0,32,0.07407407407407407,exploratory_unweighted_not_clinical_reference
2021-2023,PAQ_L,PAD820,male,18-29,45.0,30,0.06944444444444445,exploratory_unweighted_not_clinical_reference
2021-2023,PAQ_L,PAD820,male,18-29,180.0,16,0.037037037037037035,exploratory_unweighted_not_clinical_reference
2021-2023,PAQ_L,PAD820,male,18-29,20.0,14,0.032407407407407406,exploratory_unweighted_not_clinical_reference
2021-2023,PAQ_L,PAD820,male,18-29,15.0,14,0.032407407407407406,exploratory_unweighted_not_clinical_reference
2021-2023,PAQ_L,PAD820,male,18-29,240.0,11,0.02546296296296296,exploratory_unweighted_not_clinical_reference
2021-2023,PAQ_L,PAD820,male,18-29,40.0,10,0.023148148148148147,exploratory_unweighted_not_clinical_reference
2021-2023,PAQ_L,PAD820,male,18-29,10.0,8,0.018518518518518517,exploratory_unweighted_not_clinical_reference
2021-2023,PAQ_L,PAD820,male,18-29,25.0,5,0.011574074074074073,exploratory_unweighted_not_clinical_reference
2021-2023,PAQ_L,PAD820,male,18-29,50.0,4,0.009259259259259259,exploratory_unweighted_not_clinical_reference
2021-2023,PAQ_L,PAD820,male,18-29,75.0,3,0.006944444444444444,exploratory_unweighted_not_clinical_reference
2021-2023,PAQ_L,PAD820,male,18-29,300.0,2,0.004629629629629629,exploratory_unweighted_not_clinical_reference
2021-2023,PAQ_L,PAD820,male,18-29,100.0,1,0.0023148148148148147,exploratory_unweighted_not_clinical_reference
2021-2023,PAQ_L,PAD820,male,18-29,5.0,1,0.0023148148148148147,exploratory_unweighted_not_clinical_reference
2021-2023,PAQ_L,PAD820,male,18-29,9999.0,1,0.0023148148148148147,exploratory_unweighted_not_clinical_reference
2021-2023,PAQ_L,PAD820,male,18-29,540.0,1,0.0023148148148148147,exploratory_unweighted_not_clinical_reference
2021-2023,PAQ_L,PAD820,male,30-39,60.0,108,0.3253012048192771,exploratory_unweighted_not_clinical_reference
2021-2023,PAQ_L,PAD820,male,30-39,30.0,77,0.2319277108433735,exploratory_unweighted_not_clinical_reference
2021-2023,PAQ_L,PAD820,male,30-39,120.0,48,0.14457831325301204,exploratory_unweighted_not_clinical_reference
2021-2023,PAQ_L,PAD820,male,30-39,45.0,19,0.0572289156626506,exploratory_unweighted_not_clinical_reference
2021-2023,PAQ_L,PAD820,male,30-39,20.0,16,0.04819277108433735,exploratory_unweighted_not_clinical_reference
2021-2023,PAQ_L,PAD820,male,30-39,90.0,16,0.04819277108433735,exploratory_unweighted_not_clinical_reference
2021-2023,PAQ_L,PAD820,male,30-39,15.0,12,0.03614457831325301,exploratory_unweighted_not_clinical_reference
2021-2023,PAQ_L,PAD820,male,30-39,180.0,9,0.02710843373493976,exploratory_unweighted_not_clinical_reference
2021-2023,PAQ_L,PAD820,male,30-39,10.0,6,0.018072289156626505,exploratory_unweighted_not_clinical_reference
2021-2023,PAQ_L,PAD820,male,30-39,40.0,5,0.015060240963855422,exploratory_unweighted_not_clinical_reference
2021-2023,PAQ_L,PAD820,male,30-39,240.0,3,0.009036144578313253,exploratory_unweighted_not_clinical_reference
2021-2023,PAQ_L,PAD820,male,30-39,50.0,2,0.006024096385542169,exploratory_unweighted_not_clinical_reference
2021-2023,PAQ_L,PAD820,male,30-39,360.0,2,0.006024096385542169,exploratory_unweighted_not_clinical_reference
2021-2023,PAQ_L,PAD820,male,30-39,300.0,2,0.006024096385542169,exploratory_unweighted_not_clinical_reference
2021-2023,PAQ_L,PAD820,male,30-39,35.0,2,0.006024096385542169,exploratory_unweighted_not_clinical_reference
2021-2023,PAQ_L,PAD820,male,30-39,480.0,1,0.0030120481927710845,exploratory_unweighted_not_clinical_reference
2021-2023,PAQ_L,PAD820,male,30-39,75.0,1,0.0030120481927710845,exploratory_unweighted_not_clinical_reference
2021-2023,PAQ_L,PAD820,male,30-39,9999.0,1,0.0030120481927710845,exploratory_unweighted_not_clinical_reference
2021-2023,PAQ_L,PAD820,male,30-39,70.0,1,0.0030120481927710845,exploratory_unweighted_not_clinical_reference
2021-2023,PAQ_L,PAD820,male,30-39,105.0,1,0.0030120481927710845,exploratory_unweighted_not_clinical_reference
2021-2023,PAQ_L,PAD820,male,40-49,60.0,94,0.34306569343065696,exploratory_unweighted_not_clinical_reference
2021-2023,PAQ_L,PAD820,male,40-49,30.0,55,0.20072992700729927,exploratory_unweighted_not_clinical_reference
2021-2023,PAQ_L,PAD820,male,40-49,120.0,36,0.13138686131386862,exploratory_unweighted_not_clinical_reference
2021-2023,PAQ_L,PAD820,male,40-49,45.0,15,0.05474452554744526,exploratory_unweighted_not_clinical_reference
2021-2023,PAQ_L,PAD820,male,40-49,90.0,15,0.05474452554744526,exploratory_unweighted_not_clinical_reference
2021-2023,PAQ_L,PAD820,male,40-49,20.0,13,0.04744525547445255,exploratory_unweighted_not_clinical_reference
2021-2023,PAQ_L,PAD820,male,40-49,15.0,11,0.040145985401459854,exploratory_unweighted_not_clinical_reference
2021-2023,PAQ_L,PAD820,male,40-49,180.0,8,0.029197080291970802,exploratory_unweighted_not_clinical_reference
2021-2023,PAQ_L,PAD820,male,40-49,10.0,7,0.025547445255474453,exploratory_unweighted_not_clinical_reference
2021-2023,PAQ_L,PAD820,male,40-49,75.0,4,0.014598540145985401,exploratory_unweighted_not_clinical_reference
2021-2023,PAQ_L,PAD820,male,40-49,40.0,4,0.014598540145985401,exploratory_unweighted_not_clinical_reference
2021-2023,PAQ_L,PAD820,male,40-49,240.0,3,0.010948905109489052,exploratory_unweighted_not_clinical_reference
2021-2023,PAQ_L,PAD820,male,40-49,300.0,2,0.0072992700729927005,exploratory_unweighted_not_clinical_reference
2021-2023,PAQ_L,PAD820,male,40-49,25.0,2,0.0072992700729927005,exploratory_unweighted_not_clinical_reference
2021-2023,PAQ_L,PAD820,male,40-49,3.0,1,0.0036496350364963502,exploratory_unweighted_not_clinical_reference
2021-2023,PAQ_L,PAD820,male,40-49,900.0,1,0.0036496350364963502,exploratory_unweighted_not_clinical_reference
2021-2023,PAQ_L,PAD820,male,40-49,35.0,1,0.0036496350364963502,exploratory_unweighted_not_clinical_reference
2021-2023,PAQ_L,PAD820,male,40-49,360.0,1,0.0036496350364963502,exploratory_unweighted_not_clinical_reference
2021-2023,PAQ_L,PAD820,male,40-49,2.0,1,0.0036496350364963502,exploratory_unweighted_not_clinical_reference
2021-2023,PAQ_L,PAD820,male,50-59,60.0,83,0.32677165354330706,exploratory_unweighted_not_clinical_reference
2021-2023,PAQ_L,PAD820,male,50-59,30.0,67,0.2637795275590551,exploratory_unweighted_not_clinical_reference
2021-2023,PAQ_L,PAD820,male,50-59,120.0,22,0.08661417322834646,exploratory_unweighted_not_clinical_reference
2021-2023,PAQ_L,PAD820,male,50-59,45.0,15,0.05905511811023622,exploratory_unweighted_not_clinical_reference
2021-2023,PAQ_L,PAD820,male,50-59,90.0,12,0.047244094488188976,exploratory_unweighted_not_clinical_reference
2021-2023,PAQ_L,PAD820,male,50-59,15.0,12,0.047244094488188976,exploratory_unweighted_not_clinical_reference
2021-2023,PAQ_L,PAD820,male,50-59,20.0,10,0.03937007874015748,exploratory_unweighted_not_clinical_reference
2021-2023,PAQ_L,PAD820,male,50-59,10.0,8,0.031496062992125984,exploratory_unweighted_not_clinical_reference
2021-2023,PAQ_L,PAD820,male,50-59,180.0,6,0.023622047244094488,exploratory_unweighted_not_clinical_reference
2021-2023,PAQ_L,PAD820,male,50-59,40.0,4,0.015748031496062992,exploratory_unweighted_not_clinical_reference
2021-2023,PAQ_L,PAD820,male,50-59,240.0,3,0.011811023622047244,exploratory_unweighted_not_clinical_reference
2021-2023,PAQ_L,PAD820,male,50-59,480.0,3,0.011811023622047244,exploratory_unweighted_not_clinical_reference
2021-2023,PAQ_L,PAD820,male,50-59,5.0,2,0.007874015748031496,exploratory_unweighted_not_clinical_reference
2021-2023,PAQ_L,PAD820,male,50-59,9999.0,1,0.003937007874015748,exploratory_unweighted_not_clinical_reference
2021-2023,PAQ_L,PAD820,male,50-59,50.0,1,0.003937007874015748,exploratory_unweighted_not_clinical_reference
2021-2023,PAQ_L,PAD820,male,50-59,2.0,1,0.003937007874015748,exploratory_unweighted_not_clinical_reference
2021-2023,PAQ_L,PAD820,male,50-59,360.0,1,0.003937007874015748,exploratory_unweighted_not_clinical_reference
2021-2023,PAQ_L,PAD820,male,50-59,1.0,1,0.003937007874015748,exploratory_unweighted_not_clinical_reference
2021-2023,PAQ_L,PAD820,male,50-59,35.0,1,0.003937007874015748,exploratory_unweighted_not_clinical_reference
2021-2023,PAQ_L,PAD820,male,50-59,8.0,1,0.003937007874015748,exploratory_unweighted_not_clinical_reference
2021-2023,PAQ_L,PAD820,male,60-69,60.0,92,0.26744186046511625,exploratory_unweighted_not_clinical_reference
2021-2023,PAQ_L,PAD820,male,60-69,30.0,69,0.2005813953488372,exploratory_unweighted_not_clinical_reference
2021-2023,PAQ_L,PAD820,male,60-69,120.0,31,0.09011627906976744,exploratory_unweighted_not_clinical_reference
2021-2023,PAQ_L,PAD820,male,60-69,45.0,25,0.07267441860465117,exploratory_unweighted_not_clinical_reference
2021-2023,PAQ_L,PAD820,male,60-69,180.0,18,0.05232558139534884,exploratory_unweighted_not_clinical_reference
2021-2023,PAQ_L,PAD820,male,60-69,10.0,18,0.05232558139534884,exploratory_unweighted_not_clinical_reference
2021-2023,PAQ_L,PAD820,male,60-69,15.0,17,0.04941860465116279,exploratory_unweighted_not_clinical_reference
2021-2023,PAQ_L,PAD820,male,60-69,20.0,17,0.04941860465116279,exploratory_unweighted_not_clinical_reference
2021-2023,PAQ_L,PAD820,male,60-69,90.0,13,0.0377906976744186,exploratory_unweighted_not_clinical_reference
2021-2023,PAQ_L,PAD820,male,60-69,240.0,7,0.020348837209302327,exploratory_unweighted_not_clinical_reference
2021-2023,PAQ_L,PAD820,male,60-69,40.0,6,0.01744186046511628,exploratory_unweighted_not_clinical_reference
2021-2023,PAQ_L,PAD820,male,60-69,5.0,6,0.01744186046511628,exploratory_unweighted_not_clinical_reference
2021-2023,PAQ_L,PAD820,male,60-69,300.0,4,0.011627906976744186,exploratory_unweighted_not_clinical_reference
2021-2023,PAQ_L,PAD820,male,60-69,50.0,3,0.00872093023255814,exploratory_unweighted_not_clinical_reference
2021-2023,PAQ_L,PAD820,male,60-69,1.0,3,0.00872093023255814,exploratory_unweighted_not_clinical_reference
2021-2023,PAQ_L,PAD820,male,60-69,25.0,2,0.005813953488372093,exploratory_unweighted_not_clinical_reference
2021-2023,PAQ_L,PAD820,male,60-69,12.0,2,0.005813953488372093,exploratory_unweighted_not_clinical_reference
2021-2023,PAQ_L,PAD820,male,60-69,9999.0,2,0.005813953488372093,exploratory_unweighted_not_clinical_reference
2021-2023,PAQ_L,PAD820,male,60-69,2.0,1,0.0029069767441860465,exploratory_unweighted_not_clinical_reference
2021-2023,PAQ_L,PAD820,male,60-69,360.0,1,0.0029069767441860465,exploratory_unweighted_not_clinical_reference
2021-2023,PAQ_L,PAD820,male,60-69,70.0,1,0.0029069767441860465,exploratory_unweighted_not_clinical_reference
2021-2023,PAQ_L,PAD820,male,60-69,6.0,1,0.0029069767441860465,exploratory_unweighted_not_clinical_reference
2021-2023,PAQ_L,PAD820,male,60-69,900.0,1,0.0029069767441860465,exploratory_unweighted_not_clinical_reference
2021-2023,PAQ_L,PAD820,male,60-69,8.0,1,0.0029069767441860465,exploratory_unweighted_not_clinical_reference
2021-2023,PAQ_L,PAD820,male,60-69,480.0,1,0.0029069767441860465,exploratory_unweighted_not_clinical_reference
2021-2023,PAQ_L,PAD820,male,60-69,150.0,1,0.0029069767441860465,exploratory_unweighted_not_clinical_reference
2021-2023,PAQ_L,PAD820,male,60-69,75.0,1,0.0029069767441860465,exploratory_unweighted_not_clinical_reference
2021-2023,PAQ_L,PAD820,male,70-79,30.0,41,0.21578947368421053,exploratory_unweighted_not_clinical_reference
2021-2023,PAQ_L,PAD820,male,70-79,60.0,39,0.20526315789473684,exploratory_unweighted_not_clinical_reference
2021-2023,PAQ_L,PAD820,male,70-79,120.0,23,0.12105263157894737,exploratory_unweighted_not_clinical_reference
2021-2023,PAQ_L,PAD820,male,70-79,20.0,14,0.07368421052631578,exploratory_unweighted_not_clinical_reference
2021-2023,PAQ_L,PAD820,male,70-79,45.0,12,0.06315789473684211,exploratory_unweighted_not_clinical_reference
2021-2023,PAQ_L,PAD820,male,70-79,90.0,11,0.05789473684210526,exploratory_unweighted_not_clinical_reference
2021-2023,PAQ_L,PAD820,male,70-79,15.0,10,0.05263157894736842,exploratory_unweighted_not_clinical_reference
2021-2023,PAQ_L,PAD820,male,70-79,10.0,8,0.042105263157894736,exploratory_unweighted_not_clinical_reference
2021-2023,PAQ_L,PAD820,male,70-79,240.0,8,0.042105263157894736,exploratory_unweighted_not_clinical_reference
2021-2023,PAQ_L,PAD820,male,70-79,180.0,4,0.021052631578947368,exploratory_unweighted_not_clinical_reference
2021-2023,PAQ_L,PAD820,male,70-79,25.0,3,0.015789473684210527,exploratory_unweighted_not_clinical_reference
2021-2023,PAQ_L,PAD820,male,70-79,1.0,2,0.010526315789473684,exploratory_unweighted_not_clinical_reference
2021-2023,PAQ_L,PAD820,male,70-79,40.0,2,0.010526315789473684,exploratory_unweighted_not_clinical_reference
2021-2023,PAQ_L,PAD820,male,70-79,70.0,2,0.010526315789473684,exploratory_unweighted_not_clinical_reference
2021-2023,PAQ_L,PAD820,male,70-79,50.0,2,0.010526315789473684,exploratory_unweighted_not_clinical_reference
2021-2023,PAQ_L,PAD820,male,70-79,300.0,1,0.005263157894736842,exploratory_unweighted_not_clinical_reference
2021-2023,PAQ_L,PAD820,male,70-79,5.0,1,0.005263157894736842,exploratory_unweighted_not_clinical_reference
2021-2023,PAQ_L,PAD820,male,70-79,9999.0,1,0.005263157894736842,exploratory_unweighted_not_clinical_reference
2021-2023,PAQ_L,PAD820,male,70-79,480.0,1,0.005263157894736842,exploratory_unweighted_not_clinical_reference
2021-2023,PAQ_L,PAD820,male,70-79,46.0,1,0.005263157894736842,exploratory_unweighted_not_clinical_reference
2021-2023,PAQ_L,PAD820,male,70-79,75.0,1,0.005263157894736842,exploratory_unweighted_not_clinical_reference
2021-2023,PAQ_L,PAD820,male,70-79,105.0,1,0.005263157894736842,exploratory_unweighted_not_clinical_reference
2021-2023,PAQ_L,PAD820,male,70-79,360.0,1,0.005263157894736842,exploratory_unweighted_not_clinical_reference
2021-2023,PAQ_L,PAD820,male,70-79,35.0,1,0.005263157894736842,exploratory_unweighted_not_clinical_reference
2021-2023,PAQ_L,PAD820,male,80+,60.0,15,0.2727272727272727,exploratory_unweighted_not_clinical_reference
2021-2023,PAQ_L,PAD820,male,80+,30.0,11,0.2,exploratory_unweighted_not_clinical_reference
2021-2023,PAQ_L,PAD820,male,80+,20.0,4,0.07272727272727272,exploratory_unweighted_not_clinical_reference
2021-2023,PAQ_L,PAD820,male,80+,120.0,3,0.05454545454545454,exploratory_unweighted_not_clinical_reference
2021-2023,PAQ_L,PAD820,male,80+,15.0,3,0.05454545454545454,exploratory_unweighted_not_clinical_reference
2021-2023,PAQ_L,PAD820,male,80+,180.0,3,0.05454545454545454,exploratory_unweighted_not_clinical_reference
2021-2023,PAQ_L,PAD820,male,80+,300.0,3,0.05454545454545454,exploratory_unweighted_not_clinical_reference
2021-2023,PAQ_L,PAD820,male,80+,45.0,2,0.03636363636363636,exploratory_unweighted_not_clinical_reference
2021-2023,PAQ_L,PAD820,male,80+,10.0,2,0.03636363636363636,exploratory_unweighted_not_clinical_reference
2021-2023,PAQ_L,PAD820,male,80+,240.0,2,0.03636363636363636,exploratory_unweighted_not_clinical_reference
2021-2023,PAQ_L,PAD820,male,80+,9999.0,2,0.03636363636363636,exploratory_unweighted_not_clinical_reference
2021-2023,PAQ_L,PAD820,male,80+,40.0,2,0.03636363636363636,exploratory_unweighted_not_clinical_reference
2021-2023,PAQ_L,PAD820,male,80+,360.0,1,0.01818181818181818,exploratory_unweighted_not_clinical_reference
2021-2023,PAQ_L,PAD820,male,80+,90.0,1,0.01818181818181818,exploratory_unweighted_not_clinical_reference
2021-2023,PAQ_L,PAD820,male,80+,100.0,1,0.01818181818181818,exploratory_unweighted_not_clinical_reference
2021-2023,RHQ_L,RHQ010,female,12-17,11.0,113,0.288265306122449,exploratory_unweighted_not_clinical_reference
2021-2023,RHQ_L,RHQ010,female,12-17,12.0,108,0.2755102040816326,exploratory_unweighted_not_clinical_reference
2021-2023,RHQ_L,RHQ010,female,12-17,10.0,61,0.1556122448979592,exploratory_unweighted_not_clinical_reference
2021-2023,RHQ_L,RHQ010,female,12-17,13.0,49,0.125,exploratory_unweighted_not_clinical_reference
2021-2023,RHQ_L,RHQ010,female,12-17,9.0,23,0.058673469387755105,exploratory_unweighted_not_clinical_reference
2021-2023,RHQ_L,RHQ010,female,12-17,5.397605346934028e-79,19,0.04846938775510204,exploratory_unweighted_not_clinical_reference
2021-2023,RHQ_L,RHQ010,female,12-17,14.0,12,0.030612244897959183,exploratory_unweighted_not_clinical_reference
2021-2023,RHQ_L,RHQ010,female,12-17,8.0,4,0.01020408163265306,exploratory_unweighted_not_clinical_reference
2021-2023,RHQ_L,RHQ010,female,12-17,15.0,2,0.00510204081632653,exploratory_unweighted_not_clinical_reference
2021-2023,RHQ_L,RHQ010,female,12-17,16.0,1,0.002551020408163265,exploratory_unweighted_not_clinical_reference
2021-2023,RHQ_L,RHQ010,female,18-29,12.0,138,0.31797235023041476,exploratory_unweighted_not_clinical_reference
2021-2023,RHQ_L,RHQ010,female,18-29,13.0,93,0.21428571428571427,exploratory_unweighted_not_clinical_reference
2021-2023,RHQ_L,RHQ010,female,18-29,11.0,69,0.15898617511520738,exploratory_unweighted_not_clinical_reference
2021-2023,RHQ_L,RHQ010,female,18-29,14.0,42,0.0967741935483871,exploratory_unweighted_not_clinical_reference
2021-2023,RHQ_L,RHQ010,female,18-29,10.0,29,0.06682027649769585,exploratory_unweighted_not_clinical_reference
2021-2023,RHQ_L,RHQ010,female,18-29,9.0,26,0.059907834101382486,exploratory_unweighted_not_clinical_reference
2021-2023,RHQ_L,RHQ010,female,18-29,15.0,19,0.04377880184331797,exploratory_unweighted_not_clinical_reference
2021-2023,RHQ_L,RHQ010,female,18-29,17.0,4,0.009216589861751152,exploratory_unweighted_not_clinical_reference
2021-2023,RHQ_L,RHQ010,female,18-29,5.397605346934028e-79,4,0.009216589861751152,exploratory_unweighted_not_clinical_reference
2021-2023,RHQ_L,RHQ010,female,18-29,16.0,4,0.009216589861751152,exploratory_unweighted_not_clinical_reference
2021-2023,RHQ_L,RHQ010,female,18-29,8.0,3,0.0069124423963133645,exploratory_unweighted_not_clinical_reference
2021-2023,RHQ_L,RHQ010,female,18-29,999.0,1,0.002304147465437788,exploratory_unweighted_not_clinical_reference
2021-2023,RHQ_L,RHQ010,female,18-29,7.0,1,0.002304147465437788,exploratory_unweighted_not_clinical_reference
2021-2023,RHQ_L,RHQ010,female,18-29,19.0,1,0.002304147465437788,exploratory_unweighted_not_clinical_reference
2021-2023,RHQ_L,RHQ010,female,30-39,12.0,103,0.24523809523809523,exploratory_unweighted_not_clinical_reference
2021-2023,RHQ_L,RHQ010,female,30-39,11.0,79,0.1880952380952381,exploratory_unweighted_not_clinical_reference
2021-2023,RHQ_L,RHQ010,female,30-39,13.0,74,0.1761904761904762,exploratory_unweighted_not_clinical_reference
2021-2023,RHQ_L,RHQ010,female,30-39,14.0,52,0.12380952380952381,exploratory_unweighted_not_clinical_reference
2021-2023,RHQ_L,RHQ010,female,30-39,10.0,40,0.09523809523809523,exploratory_unweighted_not_clinical_reference
2021-2023,RHQ_L,RHQ010,female,30-39,9.0,25,0.05952380952380952,exploratory_unweighted_not_clinical_reference
2021-2023,RHQ_L,RHQ010,female,30-39,15.0,25,0.05952380952380952,exploratory_unweighted_not_clinical_reference
2021-2023,RHQ_L,RHQ010,female,30-39,16.0,13,0.030952380952380953,exploratory_unweighted_not_clinical_reference
2021-2023,RHQ_L,RHQ010,female,30-39,8.0,5,0.011904761904761904,exploratory_unweighted_not_clinical_reference
2021-2023,RHQ_L,RHQ010,female,30-39,17.0,4,0.009523809523809525,exploratory_unweighted_not_clinical_reference
2021-2023,RHQ_L,RHQ010,female,40-49,12.0,115,0.3125,exploratory_unweighted_not_clinical_reference
2021-2023,RHQ_L,RHQ010,female,40-49,13.0,73,0.1983695652173913,exploratory_unweighted_not_clinical_reference
2021-2023,RHQ_L,RHQ010,female,40-49,11.0,56,0.15217391304347827,exploratory_unweighted_not_clinical_reference
2021-2023,RHQ_L,RHQ010,female,40-49,14.0,33,0.08967391304347826,exploratory_unweighted_not_clinical_reference
2021-2023,RHQ_L,RHQ010,female,40-49,10.0,28,0.07608695652173914,exploratory_unweighted_not_clinical_reference
2021-2023,RHQ_L,RHQ010,female,40-49,15.0,23,0.0625,exploratory_unweighted_not_clinical_reference
2021-2023,RHQ_L,RHQ010,female,40-49,16.0,15,0.04076086956521739,exploratory_unweighted_not_clinical_reference
2021-2023,RHQ_L,RHQ010,female,40-49,9.0,14,0.03804347826086957,exploratory_unweighted_not_clinical_reference
2021-2023,RHQ_L,RHQ010,female,40-49,17.0,6,0.016304347826086956,exploratory_unweighted_not_clinical_reference
2021-2023,RHQ_L,RHQ010,female,40-49,8.0,3,0.008152173913043478,exploratory_unweighted_not_clinical_reference
2021-2023,RHQ_L,RHQ010,female,40-49,19.0,1,0.002717391304347826,exploratory_unweighted_not_clinical_reference
2021-2023,RHQ_L,RHQ010,female,40-49,999.0,1,0.002717391304347826,exploratory_unweighted_not_clinical_reference
2021-2023,RHQ_L,RHQ010,female,50-59,12.0,119,0.265625,exploratory_unweighted_not_clinical_reference
2021-2023,RHQ_L,RHQ010,female,50-59,13.0,109,0.24330357142857142,exploratory_unweighted_not_clinical_reference
2021-2023,RHQ_L,RHQ010,female,50-59,11.0,63,0.140625,exploratory_unweighted_not_clinical_reference
2021-2023,RHQ_L,RHQ010,female,50-59,14.0,47,0.10491071428571429,exploratory_unweighted_not_clinical_reference
2021-2023,RHQ_L,RHQ010,female,50-59,15.0,34,0.07589285714285714,exploratory_unweighted_not_clinical_reference
2021-2023,RHQ_L,RHQ010,female,50-59,10.0,30,0.06696428571428571,exploratory_unweighted_not_clinical_reference
2021-2023,RHQ_L,RHQ010,female,50-59,9.0,16,0.03571428571428571,exploratory_unweighted_not_clinical_reference
2021-2023,RHQ_L,RHQ010,female,50-59,16.0,15,0.033482142857142856,exploratory_unweighted_not_clinical_reference
2021-2023,RHQ_L,RHQ010,female,50-59,17.0,4,0.008928571428571428,exploratory_unweighted_not_clinical_reference
2021-2023,RHQ_L,RHQ010,female,50-59,5.397605346934028e-79,3,0.006696428571428571,exploratory_unweighted_not_clinical_reference
2021-2023,RHQ_L,RHQ010,female,50-59,18.0,3,0.006696428571428571,exploratory_unweighted_not_clinical_reference
2021-2023,RHQ_L,RHQ010,female,50-59,20.0,1,0.002232142857142857,exploratory_unweighted_not_clinical_reference
2021-2023,RHQ_L,RHQ010,female,50-59,999.0,1,0.002232142857142857,exploratory_unweighted_not_clinical_reference
2021-2023,RHQ_L,RHQ010,female,50-59,8.0,1,0.002232142857142857,exploratory_unweighted_not_clinical_reference
2021-2023,RHQ_L,RHQ010,female,50-59,6.0,1,0.002232142857142857,exploratory_unweighted_not_clinical_reference
2021-2023,RHQ_L,RHQ010,female,50-59,7.0,1,0.002232142857142857,exploratory_unweighted_not_clinical_reference
2021-2023,RHQ_L,RHQ010,female,60-69,12.0,198,0.2643524699599466,exploratory_unweighted_not_clinical_reference
2021-2023,RHQ_L,RHQ010,female,60-69,13.0,191,0.25500667556742324,exploratory_unweighted_not_clinical_reference
2021-2023,RHQ_L,RHQ010,female,60-69,11.0,99,0.1321762349799733,exploratory_unweighted_not_clinical_reference
2021-2023,RHQ_L,RHQ010,female,60-69,14.0,96,0.12817089452603472,exploratory_unweighted_not_clinical_reference
2021-2023,RHQ_L,RHQ010,female,60-69,15.0,48,0.06408544726301736,exploratory_unweighted_not_clinical_reference
2021-2023,RHQ_L,RHQ010,female,60-69,10.0,36,0.04806408544726302,exploratory_unweighted_not_clinical_reference
2021-2023,RHQ_L,RHQ010,female,60-69,16.0,36,0.04806408544726302,exploratory_unweighted_not_clinical_reference
2021-2023,RHQ_L,RHQ010,female,60-69,9.0,22,0.029372496662216287,exploratory_unweighted_not_clinical_reference
2021-2023,RHQ_L,RHQ010,female,60-69,17.0,10,0.01335113484646195,exploratory_unweighted_not_clinical_reference
2021-2023,RHQ_L,RHQ010,female,60-69,999.0,3,0.004005340453938585,exploratory_unweighted_not_clinical_reference
2021-2023,RHQ_L,RHQ010,female,60-69,8.0,2,0.0026702269692923898,exploratory_unweighted_not_clinical_reference
2021-2023,RHQ_L,RHQ010,female,60-69,777.0,2,0.0026702269692923898,exploratory_unweighted_not_clinical_reference
2021-2023,RHQ_L,RHQ010,female,60-69,5.397605346934028e-79,2,0.0026702269692923898,exploratory_unweighted_not_clinical_reference
2021-2023,RHQ_L,RHQ010,female,60-69,20.0,2,0.0026702269692923898,exploratory_unweighted_not_clinical_reference
2021-2023,RHQ_L,RHQ010,female,60-69,18.0,1,0.0013351134846461949,exploratory_unweighted_not_clinical_reference
2021-2023,RHQ_L,RHQ010,female,60-69,7.0,1,0.0013351134846461949,exploratory_unweighted_not_clinical_reference
2021-2023,RHQ_L,RHQ010,female,70-79,12.0,120,0.2764976958525346,exploratory_unweighted_not_clinical_reference
2021-2023,RHQ_L,RHQ010,female,70-79,13.0,116,0.2672811059907834,exploratory_unweighted_not_clinical_reference
2021-2023,RHQ_L,RHQ010,female,70-79,11.0,57,0.1313364055299539,exploratory_unweighted_not_clinical_reference
2021-2023,RHQ_L,RHQ010,female,70-79,14.0,52,0.11981566820276497,exploratory_unweighted_not_clinical_reference
2021-2023,RHQ_L,RHQ010,female,70-79,15.0,30,0.06912442396313365,exploratory_unweighted_not_clinical_reference
2021-2023,RHQ_L,RHQ010,female,70-79,10.0,23,0.052995391705069124,exploratory_unweighted_not_clinical_reference
2021-2023,RHQ_L,RHQ010,female,70-79,9.0,15,0.03456221198156682,exploratory_unweighted_not_clinical_reference
2021-2023,RHQ_L,RHQ010,female,70-79,16.0,13,0.029953917050691243,exploratory_unweighted_not_clinical_reference
2021-2023,RHQ_L,RHQ010,female,70-79,17.0,3,0.0069124423963133645,exploratory_unweighted_not_clinical_reference
2021-2023,RHQ_L,RHQ010,female,70-79,18.0,2,0.004608294930875576,exploratory_unweighted_not_clinical_reference
2021-2023,RHQ_L,RHQ010,female,70-79,999.0,1,0.002304147465437788,exploratory_unweighted_not_clinical_reference
2021-2023,RHQ_L,RHQ010,female,70-79,20.0,1,0.002304147465437788,exploratory_unweighted_not_clinical_reference
2021-2023,RHQ_L,RHQ010,female,70-79,8.0,1,0.002304147465437788,exploratory_unweighted_not_clinical_reference
2021-2023,RHQ_L,RHQ010,female,80+,13.0,35,0.25925925925925924,exploratory_unweighted_not_clinical_reference
2021-2023,RHQ_L,RHQ010,female,80+,12.0,34,0.2518518518518518,exploratory_unweighted_not_clinical_reference
2021-2023,RHQ_L,RHQ010,female,80+,14.0,21,0.15555555555555556,exploratory_unweighted_not_clinical_reference
2021-2023,RHQ_L,RHQ010,female,80+,11.0,12,0.08888888888888889,exploratory_unweighted_not_clinical_reference
2021-2023,RHQ_L,RHQ010,female,80+,15.0,11,0.08148148148148149,exploratory_unweighted_not_clinical_reference
2021-2023,RHQ_L,RHQ010,female,80+,10.0,11,0.08148148148148149,exploratory_unweighted_not_clinical_reference
2021-2023,RHQ_L,RHQ010,female,80+,16.0,3,0.022222222222222223,exploratory_unweighted_not_clinical_reference
2021-2023,RHQ_L,RHQ010,female,80+,9.0,3,0.022222222222222223,exploratory_unweighted_not_clinical_reference
2021-2023,RHQ_L,RHQ010,female,80+,999.0,2,0.014814814814814815,exploratory_unweighted_not_clinical_reference
2021-2023,RHQ_L,RHQ010,female,80+,20.0,1,0.007407407407407408,exploratory_unweighted_not_clinical_reference
2021-2023,RHQ_L,RHQ010,female,80+,8.0,1,0.007407407407407408,exploratory_unweighted_not_clinical_reference
2021-2023,RHQ_L,RHQ010,female,80+,19.0,1,0.007407407407407408,exploratory_unweighted_not_clinical_reference
2021-2023,RHQ_L,RHQ031,female,12-17,1.0,358,0.9597855227882037,exploratory_unweighted_not_clinical_reference
2021-2023,RHQ_L,RHQ031,female,12-17,2.0,13,0.03485254691689008,exploratory_unweighted_not_clinical_reference
2021-2023,RHQ_L,RHQ031,female,12-17,9.0,2,0.005361930294906166,exploratory_unweighted_not_clinical_reference
2021-2023,RHQ_L,RHQ031,female,18-29,1.0,402,0.9348837209302325,exploratory_unweighted_not_clinical_reference
2021-2023,RHQ_L,RHQ031,female,18-29,2.0,28,0.06511627906976744,exploratory_unweighted_not_clinical_reference
2021-2023,RHQ_L,RHQ031,female,30-39,1.0,367,0.8717339667458432,exploratory_unweighted_not_clinical_reference
2021-2023,RHQ_L,RHQ031,female,30-39,2.0,54,0.12826603325415678,exploratory_unweighted_not_clinical_reference
2021-2023,RHQ_L,RHQ031,female,40-49,1.0,293,0.7961956521739131,exploratory_unweighted_not_clinical_reference
2021-2023,RHQ_L,RHQ031,female,40-49,2.0,75,0.20380434782608695,exploratory_unweighted_not_clinical_reference
2021-2023,RHQ_L,RHQ031,female,50-59,2.0,375,0.8408071748878924,exploratory_unweighted_not_clinical_reference
2021-2023,RHQ_L,RHQ031,female,50-59,1.0,71,0.1591928251121076,exploratory_unweighted_not_clinical_reference
2021-2023,RHQ_L,RHQ031,female,60-69,2.0,741,0.9919678714859438,exploratory_unweighted_not_clinical_reference
2021-2023,RHQ_L,RHQ031,female,60-69,1.0,4,0.00535475234270415,exploratory_unweighted_not_clinical_reference
2021-2023,RHQ_L,RHQ031,female,60-69,7.0,1,0.0013386880856760374,exploratory_unweighted_not_clinical_reference
2021-2023,RHQ_L,RHQ031,female,60-69,9.0,1,0.0013386880856760374,exploratory_unweighted_not_clinical_reference
2021-2023,RHQ_L,RHQ031,female,70-79,2.0,435,1.0,exploratory_unweighted_not_clinical_reference
2021-2023,RHQ_L,RHQ031,female,80+,2.0,133,0.9851851851851852,exploratory_unweighted_not_clinical_reference
2021-2023,RHQ_L,RHQ031,female,80+,1.0,1,0.007407407407407408,exploratory_unweighted_not_clinical_reference
2021-2023,RHQ_L,RHQ031,female,80+,9.0,1,0.007407407407407408,exploratory_unweighted_not_clinical_reference
2021-2023,RHQ_L,RHD043,female,18-29,9.0,17,0.7727272727272727,exploratory_unweighted_not_clinical_reference
2021-2023,RHQ_L,RHD043,female,18-29,1.0,3,0.13636363636363635,exploratory_unweighted_not_clinical_reference
2021-2023,RHQ_L,RHD043,female,18-29,2.0,2,0.09090909090909091,exploratory_unweighted_not_clinical_reference
2021-2023,RHQ_L,RHD043,female,30-39,9.0,33,0.6111111111111112,exploratory_unweighted_not_clinical_reference
2021-2023,RHQ_L,RHD043,female,30-39,3.0,13,0.24074074074074073,exploratory_unweighted_not_clinical_reference
2021-2023,RHQ_L,RHD043,female,30-39,2.0,4,0.07407407407407407,exploratory_unweighted_not_clinical_reference
2021-2023,RHQ_L,RHD043,female,30-39,1.0,2,0.037037037037037035,exploratory_unweighted_not_clinical_reference
2021-2023,RHQ_L,RHD043,female,30-39,7.0,1,0.018518518518518517,exploratory_unweighted_not_clinical_reference
2021-2023,RHQ_L,RHD043,female,30-39,99.0,1,0.018518518518518517,exploratory_unweighted_not_clinical_reference
2021-2023,RHQ_L,RHD043,female,40-49,3.0,41,0.5466666666666666,exploratory_unweighted_not_clinical_reference
2021-2023,RHQ_L,RHD043,female,40-49,9.0,27,0.36,exploratory_unweighted_not_clinical_reference
2021-2023,RHQ_L,RHD043,female,40-49,7.0,6,0.08,exploratory_unweighted_not_clinical_reference
2021-2023,RHQ_L,RHD043,female,40-49,1.0,1,0.013333333333333334,exploratory_unweighted_not_clinical_reference
2021-2023,RHQ_L,RHD043,female,50-59,7.0,235,0.6283422459893048,exploratory_unweighted_not_clinical_reference
2021-2023,RHQ_L,RHD043,female,50-59,3.0,105,0.2807486631016043,exploratory_unweighted_not_clinical_reference
2021-2023,RHQ_L,RHD043,female,50-59,9.0,33,0.08823529411764706,exploratory_unweighted_not_clinical_reference
2021-2023,RHQ_L,RHD043,female,50-59,99.0,1,0.00267379679144385,exploratory_unweighted_not_clinical_reference
2021-2023,RHQ_L,RHD043,female,60-69,7.0,515,0.6950067476383266,exploratory_unweighted_not_clinical_reference
2021-2023,RHQ_L,RHD043,female,60-69,3.0,198,0.26720647773279355,exploratory_unweighted_not_clinical_reference
2021-2023,RHQ_L,RHD043,female,60-69,9.0,27,0.03643724696356275,exploratory_unweighted_not_clinical_reference
2021-2023,RHQ_L,RHD043,female,60-69,77.0,1,0.001349527665317139,exploratory_unweighted_not_clinical_reference
2021-2023,RHQ_L,RHD043,female,70-79,7.0,295,0.6781609195402298,exploratory_unweighted_not_clinical_reference
2021-2023,RHQ_L,RHD043,female,70-79,3.0,113,0.2597701149425287,exploratory_unweighted_not_clinical_reference
2021-2023,RHQ_L,RHD043,female,70-79,9.0,24,0.05517241379310345,exploratory_unweighted_not_clinical_reference
2021-2023,RHQ_L,RHD043,female,70-79,77.0,2,0.004597701149425287,exploratory_unweighted_not_clinical_reference
2021-2023,RHQ_L,RHD043,female,70-79,99.0,1,0.0022988505747126436,exploratory_unweighted_not_clinical_reference
2021-2023,RHQ_L,RHD043,female,80+,7.0,84,0.631578947368421,exploratory_unweighted_not_clinical_reference
2021-2023,RHQ_L,RHD043,female,80+,3.0,32,0.24060150375939848,exploratory_unweighted_not_clinical_reference
2021-2023,RHQ_L,RHD043,female,80+,9.0,16,0.12030075187969924,exploratory_unweighted_not_clinical_reference
2021-2023,RHQ_L,RHD043,female,80+,99.0,1,0.007518796992481203,exploratory_unweighted_not_clinical_reference
2021-2023,RHQ_L,RHQ060,female,18-29,19.0,9,0.36,exploratory_unweighted_not_clinical_reference
2021-2023,RHQ_L,RHQ060,female,18-29,27.0,4,0.16,exploratory_unweighted_not_clinical_reference
2021-2023,RHQ_L,RHQ060,female,18-29,26.0,3,0.12,exploratory_unweighted_not_clinical_reference
2021-2023,RHQ_L,RHQ060,female,18-29,29.0,2,0.08,exploratory_unweighted_not_clinical_reference
2021-2023,RHQ_L,RHQ060,female,18-29,25.0,1,0.04,exploratory_unweighted_not_clinical_reference
2021-2023,RHQ_L,RHQ060,female,18-29,20.0,1,0.04,exploratory_unweighted_not_clinical_reference
2021-2023,RHQ_L,RHQ060,female,18-29,28.0,1,0.04,exploratory_unweighted_not_clinical_reference
2021-2023,RHQ_L,RHQ060,female,18-29,22.0,1,0.04,exploratory_unweighted_not_clinical_reference
2021-2023,RHQ_L,RHQ060,female,18-29,24.0,1,0.04,exploratory_unweighted_not_clinical_reference
2021-2023,RHQ_L,RHQ060,female,18-29,21.0,1,0.04,exploratory_unweighted_not_clinical_reference
2021-2023,RHQ_L,RHQ060,female,18-29,23.0,1,0.04,exploratory_unweighted_not_clinical_reference
2021-2023,RHQ_L,RHQ060,female,30-39,29.0,7,0.12727272727272726,exploratory_unweighted_not_clinical_reference
2021-2023,RHQ_L,RHQ060,female,30-39,36.0,7,0.12727272727272726,exploratory_unweighted_not_clinical_reference
2021-2023,RHQ_L,RHQ060,female,30-39,30.0,6,0.10909090909090909,exploratory_unweighted_not_clinical_reference
2021-2023,RHQ_L,RHQ060,female,30-39,32.0,5,0.09090909090909091,exploratory_unweighted_not_clinical_reference
2021-2023,RHQ_L,RHQ060,female,30-39,35.0,5,0.09090909090909091,exploratory_unweighted_not_clinical_reference
2021-2023,RHQ_L,RHQ060,female,30-39,28.0,4,0.07272727272727272,exploratory_unweighted_not_clinical_reference
2021-2023,RHQ_L,RHQ060,female,30-39,33.0,4,0.07272727272727272,exploratory_unweighted_not_clinical_reference
2021-2023,RHQ_L,RHQ060,female,30-39,38.0,4,0.07272727272727272,exploratory_unweighted_not_clinical_reference
2021-2023,RHQ_L,RHQ060,female,30-39,25.0,3,0.05454545454545454,exploratory_unweighted_not_clinical_reference
2021-2023,RHQ_L,RHQ060,female,30-39,34.0,3,0.05454545454545454,exploratory_unweighted_not_clinical_reference
2021-2023,RHQ_L,RHQ060,female,30-39,31.0,2,0.03636363636363636,exploratory_unweighted_not_clinical_reference
2021-2023,RHQ_L,RHQ060,female,30-39,37.0,1,0.01818181818181818,exploratory_unweighted_not_clinical_reference
2021-2023,RHQ_L,RHQ060,female,30-39,26.0,1,0.01818181818181818,exploratory_unweighted_not_clinical_reference
2021-2023,RHQ_L,RHQ060,female,30-39,27.0,1,0.01818181818181818,exploratory_unweighted_not_clinical_reference
2021-2023,RHQ_L,RHQ060,female,30-39,22.0,1,0.01818181818181818,exploratory_unweighted_not_clinical_reference
2021-2023,RHQ_L,RHQ060,female,30-39,23.0,1,0.01818181818181818,exploratory_unweighted_not_clinical_reference
2021-2023,RHQ_L,RHQ060,female,40-49,40.0,9,0.11392405063291139,exploratory_unweighted_not_clinical_reference
2021-2023,RHQ_L,RHQ060,female,40-49,39.0,8,0.10126582278481013,exploratory_unweighted_not_clinical_reference
2021-2023,RHQ_L,RHQ060,female,40-49,41.0,7,0.08860759493670886,exploratory_unweighted_not_clinical_reference
2021-2023,RHQ_L,RHQ060,female,40-49,38.0,7,0.08860759493670886,exploratory_unweighted_not_clinical_reference
2021-2023,RHQ_L,RHQ060,female,40-49,35.0,6,0.0759493670886076,exploratory_unweighted_not_clinical_reference
2021-2023,RHQ_L,RHQ060,female,40-49,44.0,5,0.06329113924050633,exploratory_unweighted_not_clinical_reference
2021-2023,RHQ_L,RHQ060,female,40-49,42.0,5,0.06329113924050633,exploratory_unweighted_not_clinical_reference
2021-2023,RHQ_L,RHQ060,female,40-49,45.0,4,0.05063291139240506,exploratory_unweighted_not_clinical_reference
2021-2023,RHQ_L,RHQ060,female,40-49,46.0,4,0.05063291139240506,exploratory_unweighted_not_clinical_reference
2021-2023,RHQ_L,RHQ060,female,40-49,43.0,3,0.0379746835443038,exploratory_unweighted_not_clinical_reference
2021-2023,RHQ_L,RHQ060,female,40-49,30.0,3,0.0379746835443038,exploratory_unweighted_not_clinical_reference
2021-2023,RHQ_L,RHQ060,female,40-49,47.0,2,0.02531645569620253,exploratory_unweighted_not_clinical_reference
2021-2023,RHQ_L,RHQ060,female,40-49,36.0,2,0.02531645569620253,exploratory_unweighted_not_clinical_reference
2021-2023,RHQ_L,RHQ060,female,40-49,29.0,2,0.02531645569620253,exploratory_unweighted_not_clinical_reference
2021-2023,RHQ_L,RHQ060,female,40-49,33.0,2,0.02531645569620253,exploratory_unweighted_not_clinical_reference
2021-2023,RHQ_L,RHQ060,female,40-49,32.0,2,0.02531645569620253,exploratory_unweighted_not_clinical_reference
2021-2023,RHQ_L,RHQ060,female,40-49,34.0,2,0.02531645569620253,exploratory_unweighted_not_clinical_reference
2021-2023,RHQ_L,RHQ060,female,40-49,24.0,2,0.02531645569620253,exploratory_unweighted_not_clinical_reference
2021-2023,RHQ_L,RHQ060,female,40-49,23.0,1,0.012658227848101266,exploratory_unweighted_not_clinical_reference
2021-2023,RHQ_L,RHQ060,female,40-49,49.0,1,0.012658227848101266,exploratory_unweighted_not_clinical_reference
2021-2023,RHQ_L,RHQ060,female,40-49,48.0,1,0.012658227848101266,exploratory_unweighted_not_clinical_reference
2021-2023,RHQ_L,RHQ060,female,40-49,37.0,1,0.012658227848101266,exploratory_unweighted_not_clinical_reference
2021-2023,RHQ_L,RHQ060,female,50-59,50.0,44,0.11796246648793565,exploratory_unweighted_not_clinical_reference
2021-2023,RHQ_L,RHQ060,female,50-59,52.0,28,0.07506702412868632,exploratory_unweighted_not_clinical_reference
2021-2023,RHQ_L,RHQ060,female,50-59,45.0,26,0.06970509383378017,exploratory_unweighted_not_clinical_reference
2021-2023,RHQ_L,RHQ060,female,50-59,48.0,20,0.05361930294906166,exploratory_unweighted_not_clinical_reference
2021-2023,RHQ_L,RHQ060,female,50-59,40.0,19,0.05093833780160858,exploratory_unweighted_not_clinical_reference
2021-2023,RHQ_L,RHQ060,female,50-59,51.0,19,0.05093833780160858,exploratory_unweighted_not_clinical_reference
2021-2023,RHQ_L,RHQ060,female,50-59,54.0,19,0.05093833780160858,exploratory_unweighted_not_clinical_reference
2021-2023,RHQ_L,RHQ060,female,50-59,49.0,19,0.05093833780160858,exploratory_unweighted_not_clinical_reference
2021-2023,RHQ_L,RHQ060,female,50-59,47.0,19,0.05093833780160858,exploratory_unweighted_not_clinical_reference
2021-2023,RHQ_L,RHQ060,female,50-59,53.0,18,0.04825737265415549,exploratory_unweighted_not_clinical_reference
2021-2023,RHQ_L,RHQ060,female,50-59,46.0,13,0.03485254691689008,exploratory_unweighted_not_clinical_reference
2021-2023,RHQ_L,RHQ060,female,50-59,30.0,12,0.032171581769437,exploratory_unweighted_not_clinical_reference
2021-2023,RHQ_L,RHQ060,female,50-59,38.0,11,0.029490616621983913,exploratory_unweighted_not_clinical_reference
2021-2023,RHQ_L,RHQ060,female,50-59,35.0,11,0.029490616621983913,exploratory_unweighted_not_clinical_reference
2021-2023,RHQ_L,RHQ060,female,50-59,42.0,10,0.02680965147453083,exploratory_unweighted_not_clinical_reference
2021-2023,RHQ_L,RHQ060,female,50-59,55.0,9,0.024128686327077747,exploratory_unweighted_not_clinical_reference
2021-2023,RHQ_L,RHQ060,female,50-59,43.0,9,0.024128686327077747,exploratory_unweighted_not_clinical_reference
2021-2023,RHQ_L,RHQ060,female,50-59,44.0,9,0.024128686327077747,exploratory_unweighted_not_clinical_reference
2021-2023,RHQ_L,RHQ060,female,50-59,39.0,8,0.021447721179624665,exploratory_unweighted_not_clinical_reference
2021-2023,RHQ_L,RHQ060,female,50-59,41.0,6,0.0160857908847185,exploratory_unweighted_not_clinical_reference
2021-2023,RHQ_L,RHQ060,female,50-59,28.0,6,0.0160857908847185,exploratory_unweighted_not_clinical_reference
2021-2023,RHQ_L,RHQ060,female,50-59,57.0,5,0.013404825737265416,exploratory_unweighted_not_clinical_reference
2021-2023,RHQ_L,RHQ060,female,50-59,37.0,5,0.013404825737265416,exploratory_unweighted_not_clinical_reference
2021-2023,RHQ_L,RHQ060,female,50-59,56.0,4,0.010723860589812333,exploratory_unweighted_not_clinical_reference
2021-2023,RHQ_L,RHQ060,female,50-59,36.0,4,0.010723860589812333,exploratory_unweighted_not_clinical_reference
2021-2023,RHQ_L,RHQ060,female,50-59,31.0,3,0.00804289544235925,exploratory_unweighted_not_clinical_reference
2021-2023,RHQ_L,RHQ060,female,50-59,27.0,3,0.00804289544235925,exploratory_unweighted_not_clinical_reference
2021-2023,RHQ_L,RHQ060,female,50-59,22.0,3,0.00804289544235925,exploratory_unweighted_not_clinical_reference
2021-2023,RHQ_L,RHQ060,female,50-59,19.0,3,0.00804289544235925,exploratory_unweighted_not_clinical_reference
2021-2023,RHQ_L,RHQ060,female,50-59,32.0,3,0.00804289544235925,exploratory_unweighted_not_clinical_reference
2021-2023,RHQ_L,RHQ060,female,50-59,29.0,1,0.002680965147453083,exploratory_unweighted_not_clinical_reference
2021-2023,RHQ_L,RHQ060,female,50-59,26.0,1,0.002680965147453083,exploratory_unweighted_not_clinical_reference
2021-2023,RHQ_L,RHQ060,female,50-59,25.0,1,0.002680965147453083,exploratory_unweighted_not_clinical_reference
2021-2023,RHQ_L,RHQ060,female,50-59,20.0,1,0.002680965147453083,exploratory_unweighted_not_clinical_reference
2021-2023,RHQ_L,RHQ060,female,50-59,58.0,1,0.002680965147453083,exploratory_unweighted_not_clinical_reference
2021-2023,RHQ_L,RHQ060,female,60-69,50.0,102,0.13858695652173914,exploratory_unweighted_not_clinical_reference
2021-2023,RHQ_L,RHQ060,female,60-69,45.0,57,0.07744565217391304,exploratory_unweighted_not_clinical_reference
2021-2023,RHQ_L,RHQ060,female,60-69,55.0,53,0.07201086956521739,exploratory_unweighted_not_clinical_reference
2021-2023,RHQ_L,RHQ060,female,60-69,52.0,49,0.06657608695652174,exploratory_unweighted_not_clinical_reference
2021-2023,RHQ_L,RHQ060,female,60-69,40.0,36,0.04891304347826087,exploratory_unweighted_not_clinical_reference
2021-2023,RHQ_L,RHQ060,female,60-69,56.0,33,0.04483695652173913,exploratory_unweighted_not_clinical_reference
2021-2023,RHQ_L,RHQ060,female,60-69,53.0,32,0.043478260869565216,exploratory_unweighted_not_clinical_reference
2021-2023,RHQ_L,RHQ060,female,60-69,42.0,32,0.043478260869565216,exploratory_unweighted_not_clinical_reference
2021-2023,RHQ_L,RHQ060,female,60-69,48.0,29,0.03940217391304348,exploratory_unweighted_not_clinical_reference
2021-2023,RHQ_L,RHQ060,female,60-69,54.0,27,0.036684782608695655,exploratory_unweighted_not_clinical_reference
2021-2023,RHQ_L,RHQ060,female,60-69,47.0,25,0.033967391304347824,exploratory_unweighted_not_clinical_reference
2021-2023,RHQ_L,RHQ060,female,60-69,49.0,25,0.033967391304347824,exploratory_unweighted_not_clinical_reference
2021-2023,RHQ_L,RHQ060,female,60-69,51.0,22,0.029891304347826088,exploratory_unweighted_not_clinical_reference
2021-2023,RHQ_L,RHQ060,female,60-69,38.0,18,0.024456521739130436,exploratory_unweighted_not_clinical_reference
2021-2023,RHQ_L,RHQ060,female,60-69,35.0,17,0.02309782608695652,exploratory_unweighted_not_clinical_reference
2021-2023,RHQ_L,RHQ060,female,60-69,57.0,15,0.020380434782608696,exploratory_unweighted_not_clinical_reference
2021-2023,RHQ_L,RHQ060,female,60-69,43.0,14,0.019021739130434784,exploratory_unweighted_not_clinical_reference
2021-2023,RHQ_L,RHQ060,female,60-69,39.0,13,0.017663043478260868,exploratory_unweighted_not_clinical_reference
2021-2023,RHQ_L,RHQ060,female,60-69,36.0,12,0.016304347826086956,exploratory_unweighted_not_clinical_reference
2021-2023,RHQ_L,RHQ060,female,60-69,46.0,11,0.014945652173913044,exploratory_unweighted_not_clinical_reference
2021-2023,RHQ_L,RHQ060,female,60-69,60.0,11,0.014945652173913044,exploratory_unweighted_not_clinical_reference
2021-2023,RHQ_L,RHQ060,female,60-69,58.0,11,0.014945652173913044,exploratory_unweighted_not_clinical_reference
2021-2023,RHQ_L,RHQ060,female,60-69,44.0,10,0.01358695652173913,exploratory_unweighted_not_clinical_reference
2021-2023,RHQ_L,RHQ060,female,60-69,59.0,10,0.01358695652173913,exploratory_unweighted_not_clinical_reference
2021-2023,RHQ_L,RHQ060,female,60-69,37.0,9,0.012228260869565218,exploratory_unweighted_not_clinical_reference
2021-2023,RHQ_L,RHQ060,female,60-69,32.0,9,0.012228260869565218,exploratory_unweighted_not_clinical_reference
2021-2023,RHQ_L,RHQ060,female,60-69,31.0,5,0.006793478260869565,exploratory_unweighted_not_clinical_reference
2021-2023,RHQ_L,RHQ060,female,60-69,24.0,5,0.006793478260869565,exploratory_unweighted_not_clinical_reference
2021-2023,RHQ_L,RHQ060,female,60-69,30.0,5,0.006793478260869565,exploratory_unweighted_not_clinical_reference
2021-2023,RHQ_L,RHQ060,female,60-69,29.0,5,0.006793478260869565,exploratory_unweighted_not_clinical_reference
2021-2023,RHQ_L,RHQ060,female,60-69,41.0,4,0.005434782608695652,exploratory_unweighted_not_clinical_reference
2021-2023,RHQ_L,RHQ060,female,60-69,27.0,4,0.005434782608695652,exploratory_unweighted_not_clinical_reference
2021-2023,RHQ_L,RHQ060,female,60-69,22.0,4,0.005434782608695652,exploratory_unweighted_not_clinical_reference
2021-2023,RHQ_L,RHQ060,female,60-69,34.0,4,0.005434782608695652,exploratory_unweighted_not_clinical_reference
2021-2023,RHQ_L,RHQ060,female,60-69,33.0,3,0.004076086956521739,exploratory_unweighted_not_clinical_reference
2021-2023,RHQ_L,RHQ060,female,60-69,25.0,3,0.004076086956521739,exploratory_unweighted_not_clinical_reference
2021-2023,RHQ_L,RHQ060,female,60-69,26.0,3,0.004076086956521739,exploratory_unweighted_not_clinical_reference
2021-2023,RHQ_L,RHQ060,female,60-69,28.0,3,0.004076086956521739,exploratory_unweighted_not_clinical_reference
2021-2023,RHQ_L,RHQ060,female,60-69,23.0,2,0.002717391304347826,exploratory_unweighted_not_clinical_reference
2021-2023,RHQ_L,RHQ060,female,60-69,19.0,2,0.002717391304347826,exploratory_unweighted_not_clinical_reference
2021-2023,RHQ_L,RHQ060,female,60-69,20.0,1,0.001358695652173913,exploratory_unweighted_not_clinical_reference
2021-2023,RHQ_L,RHQ060,female,60-69,999.0,1,0.001358695652173913,exploratory_unweighted_not_clinical_reference
2021-2023,RHQ_L,RHQ060,female,70-79,50.0,60,0.1405152224824356,exploratory_unweighted_not_clinical_reference
2021-2023,RHQ_L,RHQ060,female,70-79,52.0,40,0.0936768149882904,exploratory_unweighted_not_clinical_reference
2021-2023,RHQ_L,RHQ060,female,70-79,55.0,38,0.08899297423887588,exploratory_unweighted_not_clinical_reference
2021-2023,RHQ_L,RHQ060,female,70-79,45.0,29,0.06791569086651054,exploratory_unweighted_not_clinical_reference
2021-2023,RHQ_L,RHQ060,female,70-79,48.0,24,0.05620608899297424,exploratory_unweighted_not_clinical_reference
2021-2023,RHQ_L,RHQ060,female,70-79,40.0,21,0.04918032786885246,exploratory_unweighted_not_clinical_reference
2021-2023,RHQ_L,RHQ060,female,70-79,53.0,20,0.0468384074941452,exploratory_unweighted_not_clinical_reference
2021-2023,RHQ_L,RHQ060,female,70-79,49.0,15,0.0351288056206089,exploratory_unweighted_not_clinical_reference
2021-2023,RHQ_L,RHQ060,female,70-79,60.0,15,0.0351288056206089,exploratory_unweighted_not_clinical_reference
2021-2023,RHQ_L,RHQ060,female,70-79,42.0,14,0.03278688524590164,exploratory_unweighted_not_clinical_reference
2021-2023,RHQ_L,RHQ060,female,70-79,56.0,12,0.02810304449648712,exploratory_unweighted_not_clinical_reference
2021-2023,RHQ_L,RHQ060,female,70-79,47.0,11,0.02576112412177986,exploratory_unweighted_not_clinical_reference
2021-2023,RHQ_L,RHQ060,female,70-79,35.0,10,0.0234192037470726,exploratory_unweighted_not_clinical_reference
2021-2023,RHQ_L,RHQ060,female,70-79,30.0,8,0.01873536299765808,exploratory_unweighted_not_clinical_reference
2021-2023,RHQ_L,RHQ060,female,70-79,26.0,8,0.01873536299765808,exploratory_unweighted_not_clinical_reference
2021-2023,RHQ_L,RHQ060,female,70-79,41.0,8,0.01873536299765808,exploratory_unweighted_not_clinical_reference
2021-2023,RHQ_L,RHQ060,female,70-79,58.0,6,0.01405152224824356,exploratory_unweighted_not_clinical_reference
2021-2023,RHQ_L,RHQ060,female,70-79,44.0,6,0.01405152224824356,exploratory_unweighted_not_clinical_reference
2021-2023,RHQ_L,RHQ060,female,70-79,54.0,6,0.01405152224824356,exploratory_unweighted_not_clinical_reference
2021-2023,RHQ_L,RHQ060,female,70-79,36.0,6,0.01405152224824356,exploratory_unweighted_not_clinical_reference
2021-2023,RHQ_L,RHQ060,female,70-79,51.0,6,0.01405152224824356,exploratory_unweighted_not_clinical_reference
2021-2023,RHQ_L,RHQ060,female,70-79,43.0,5,0.0117096018735363,exploratory_unweighted_not_clinical_reference
2021-2023,RHQ_L,RHQ060,female,70-79,33.0,5,0.0117096018735363,exploratory_unweighted_not_clinical_reference
2021-2023,RHQ_L,RHQ060,female,70-79,25.0,5,0.0117096018735363,exploratory_unweighted_not_clinical_reference
2021-2023,RHQ_L,RHQ060,female,70-79,32.0,5,0.0117096018735363,exploratory_unweighted_not_clinical_reference
2021-2023,RHQ_L,RHQ060,female,70-79,57.0,5,0.0117096018735363,exploratory_unweighted_not_clinical_reference
2021-2023,RHQ_L,RHQ060,female,70-79,59.0,5,0.0117096018735363,exploratory_unweighted_not_clinical_reference
2021-2023,RHQ_L,RHQ060,female,70-79,38.0,4,0.00936768149882904,exploratory_unweighted_not_clinical_reference
2021-2023,RHQ_L,RHQ060,female,70-79,37.0,4,0.00936768149882904,exploratory_unweighted_not_clinical_reference
2021-2023,RHQ_L,RHQ060,female,70-79,27.0,4,0.00936768149882904,exploratory_unweighted_not_clinical_reference
2021-2023,RHQ_L,RHQ060,female,70-79,46.0,4,0.00936768149882904,exploratory_unweighted_not_clinical_reference
2021-2023,RHQ_L,RHQ060,female,70-79,29.0,4,0.00936768149882904,exploratory_unweighted_not_clinical_reference
2021-2023,RHQ_L,RHQ060,female,70-79,28.0,3,0.00702576112412178,exploratory_unweighted_not_clinical_reference
2021-2023,RHQ_L,RHQ060,female,70-79,39.0,3,0.00702576112412178,exploratory_unweighted_not_clinical_reference
2021-2023,RHQ_L,RHQ060,female,70-79,999.0,2,0.00468384074941452,exploratory_unweighted_not_clinical_reference
2021-2023,RHQ_L,RHQ060,female,70-79,22.0,2,0.00468384074941452,exploratory_unweighted_not_clinical_reference
2021-2023,RHQ_L,RHQ060,female,70-79,24.0,1,0.00234192037470726,exploratory_unweighted_not_clinical_reference
2021-2023,RHQ_L,RHQ060,female,70-79,34.0,1,0.00234192037470726,exploratory_unweighted_not_clinical_reference
2021-2023,RHQ_L,RHQ060,female,70-79,19.0,1,0.00234192037470726,exploratory_unweighted_not_clinical_reference
2021-2023,RHQ_L,RHQ060,female,70-79,23.0,1,0.00234192037470726,exploratory_unweighted_not_clinical_reference
2021-2023,RHQ_L,RHQ060,female,80+,50.0,20,0.15503875968992248,exploratory_unweighted_not_clinical_reference
2021-2023,RHQ_L,RHQ060,female,80+,40.0,10,0.07751937984496124,exploratory_unweighted_not_clinical_reference
2021-2023,RHQ_L,RHQ060,female,80+,45.0,9,0.06976744186046512,exploratory_unweighted_not_clinical_reference
2021-2023,RHQ_L,RHQ060,female,80+,55.0,8,0.06201550387596899,exploratory_unweighted_not_clinical_reference
2021-2023,RHQ_L,RHQ060,female,80+,58.0,6,0.046511627906976744,exploratory_unweighted_not_clinical_reference
2021-2023,RHQ_L,RHQ060,female,80+,56.0,5,0.03875968992248062,exploratory_unweighted_not_clinical_reference
2021-2023,RHQ_L,RHQ060,female,80+,52.0,5,0.03875968992248062,exploratory_unweighted_not_clinical_reference
2021-2023,RHQ_L,RHQ060,female,80+,42.0,5,0.03875968992248062,exploratory_unweighted_not_clinical_reference
2021-2023,RHQ_L,RHQ060,female,80+,46.0,4,0.031007751937984496,exploratory_unweighted_not_clinical_reference
2021-2023,RHQ_L,RHQ060,female,80+,53.0,4,0.031007751937984496,exploratory_unweighted_not_clinical_reference
2021-2023,RHQ_L,RHQ060,female,80+,59.0,4,0.031007751937984496,exploratory_unweighted_not_clinical_reference
2021-2023,RHQ_L,RHQ060,female,80+,54.0,4,0.031007751937984496,exploratory_unweighted_not_clinical_reference
2021-2023,RHQ_L,RHQ060,female,80+,51.0,4,0.031007751937984496,exploratory_unweighted_not_clinical_reference
2021-2023,RHQ_L,RHQ060,female,80+,39.0,4,0.031007751937984496,exploratory_unweighted_not_clinical_reference
2021-2023,RHQ_L,RHQ060,female,80+,49.0,3,0.023255813953488372,exploratory_unweighted_not_clinical_reference
2021-2023,RHQ_L,RHQ060,female,80+,60.0,3,0.023255813953488372,exploratory_unweighted_not_clinical_reference
2021-2023,RHQ_L,RHQ060,female,80+,48.0,3,0.023255813953488372,exploratory_unweighted_not_clinical_reference
2021-2023,RHQ_L,RHQ060,female,80+,37.0,3,0.023255813953488372,exploratory_unweighted_not_clinical_reference
2021-2023,RHQ_L,RHQ060,female,80+,35.0,3,0.023255813953488372,exploratory_unweighted_not_clinical_reference
2021-2023,RHQ_L,RHQ060,female,80+,47.0,3,0.023255813953488372,exploratory_unweighted_not_clinical_reference
2021-2023,RHQ_L,RHQ060,female,80+,30.0,2,0.015503875968992248,exploratory_unweighted_not_clinical_reference
2021-2023,RHQ_L,RHQ060,female,80+,34.0,2,0.015503875968992248,exploratory_unweighted_not_clinical_reference
2021-2023,RHQ_L,RHQ060,female,80+,999.0,2,0.015503875968992248,exploratory_unweighted_not_clinical_reference
2021-2023,RHQ_L,RHQ060,female,80+,57.0,2,0.015503875968992248,exploratory_unweighted_not_clinical_reference
2021-2023,RHQ_L,RHQ060,female,80+,38.0,2,0.015503875968992248,exploratory_unweighted_not_clinical_reference
2021-2023,RHQ_L,RHQ060,female,80+,29.0,1,0.007751937984496124,exploratory_unweighted_not_clinical_reference
2021-2023,RHQ_L,RHQ060,female,80+,19.0,1,0.007751937984496124,exploratory_unweighted_not_clinical_reference
2021-2023,RHQ_L,RHQ060,female,80+,21.0,1,0.007751937984496124,exploratory_unweighted_not_clinical_reference
2021-2023,RHQ_L,RHQ060,female,80+,44.0,1,0.007751937984496124,exploratory_unweighted_not_clinical_reference
2021-2023,RHQ_L,RHQ060,female,80+,43.0,1,0.007751937984496124,exploratory_unweighted_not_clinical_reference
2021-2023,RHQ_L,RHQ060,female,80+,26.0,1,0.007751937984496124,exploratory_unweighted_not_clinical_reference
2021-2023,RHQ_L,RHQ060,female,80+,36.0,1,0.007751937984496124,exploratory_unweighted_not_clinical_reference
2021-2023,RHQ_L,RHQ060,female,80+,32.0,1,0.007751937984496124,exploratory_unweighted_not_clinical_reference
2021-2023,RHQ_L,RHQ060,female,80+,33.0,1,0.007751937984496124,exploratory_unweighted_not_clinical_reference
2021-2023,RHQ_L,RHQ078,female,18-29,2.0,424,0.9883449883449883,exploratory_unweighted_not_clinical_reference
2021-2023,RHQ_L,RHQ078,female,18-29,1.0,5,0.011655011655011656,exploratory_unweighted_not_clinical_reference
2021-2023,RHQ_L,RHQ078,female,30-39,2.0,403,0.9572446555819477,exploratory_unweighted_not_clinical_reference
2021-2023,RHQ_L,RHQ078,female,30-39,1.0,18,0.04275534441805225,exploratory_unweighted_not_clinical_reference
2021-2023,RHQ_L,RHQ078,female,40-49,2.0,348,0.9482288828337875,exploratory_unweighted_not_clinical_reference
2021-2023,RHQ_L,RHQ078,female,40-49,1.0,19,0.051771117166212535,exploratory_unweighted_not_clinical_reference
2021-2023,RHQ_L,RHQ078,female,50-59,2.0,412,0.9237668161434978,exploratory_unweighted_not_clinical_reference
2021-2023,RHQ_L,RHQ078,female,50-59,1.0,34,0.07623318385650224,exploratory_unweighted_not_clinical_reference
2021-2023,RHQ_L,RHQ131,female,18-29,2.0,197,0.6375404530744336,exploratory_unweighted_not_clinical_reference
2021-2023,RHQ_L,RHQ131,female,18-29,1.0,112,0.36245954692556637,exploratory_unweighted_not_clinical_reference
2021-2023,RHQ_L,RHQ131,female,30-39,1.0,309,0.7339667458432304,exploratory_unweighted_not_clinical_reference
2021-2023,RHQ_L,RHQ131,female,30-39,2.0,112,0.2660332541567696,exploratory_unweighted_not_clinical_reference
2021-2023,RHQ_L,RHQ131,female,40-49,1.0,317,0.8637602179836512,exploratory_unweighted_not_clinical_reference
2021-2023,RHQ_L,RHQ131,female,40-49,2.0,50,0.1362397820163488,exploratory_unweighted_not_clinical_reference
2021-2023,RHQ_L,RHQ131,female,50-59,1.0,376,0.8430493273542601,exploratory_unweighted_not_clinical_reference
2021-2023,RHQ_L,RHQ131,female,50-59,2.0,70,0.15695067264573992,exploratory_unweighted_not_clinical_reference
2021-2023,RHQ_L,RHD143,female,18-29,2.0,97,0.8660714285714286,exploratory_unweighted_not_clinical_reference
2021-2023,RHQ_L,RHD143,female,18-29,1.0,14,0.125,exploratory_unweighted_not_clinical_reference
2021-2023,RHQ_L,RHD143,female,18-29,9.0,1,0.008928571428571428,exploratory_unweighted_not_clinical_reference
2021-2023,RHQ_L,RHD143,female,30-39,2.0,276,0.9452054794520548,exploratory_unweighted_not_clinical_reference
2021-2023,RHQ_L,RHD143,female,30-39,1.0,16,0.0547945205479452,exploratory_unweighted_not_clinical_reference
2021-2023,RHQ_L,RHD143,female,40-49,2.0,163,1.0,exploratory_unweighted_not_clinical_reference
2021-2023,RHQ_L,RHD167,female,18-29,1.0,45,0.4017857142857143,exploratory_unweighted_not_clinical_reference
2021-2023,RHQ_L,RHD167,female,18-29,2.0,28,0.25,exploratory_unweighted_not_clinical_reference
2021-2023,RHQ_L,RHD167,female,18-29,5.397605346934028e-79,21,0.1875,exploratory_unweighted_not_clinical_reference
2021-2023,RHQ_L,RHD167,female,18-29,3.0,13,0.11607142857142858,exploratory_unweighted_not_clinical_reference
2021-2023,RHQ_L,RHD167,female,18-29,4.0,3,0.026785714285714284,exploratory_unweighted_not_clinical_reference
2021-2023,RHQ_L,RHD167,female,18-29,5.0,2,0.017857142857142856,exploratory_unweighted_not_clinical_reference
2021-2023,RHQ_L,RHD167,female,30-39,2.0,107,0.34627831715210355,exploratory_unweighted_not_clinical_reference
2021-2023,RHQ_L,RHD167,female,30-39,1.0,67,0.2168284789644013,exploratory_unweighted_not_clinical_reference
2021-2023,RHQ_L,RHD167,female,30-39,3.0,55,0.1779935275080906,exploratory_unweighted_not_clinical_reference
2021-2023,RHQ_L,RHD167,female,30-39,5.397605346934028e-79,39,0.1262135922330097,exploratory_unweighted_not_clinical_reference
2021-2023,RHQ_L,RHD167,female,30-39,4.0,23,0.0744336569579288,exploratory_unweighted_not_clinical_reference
2021-2023,RHQ_L,RHD167,female,30-39,5.0,18,0.05825242718446602,exploratory_unweighted_not_clinical_reference
2021-2023,RHQ_L,RHD167,female,40-49,2.0,130,0.41009463722397477,exploratory_unweighted_not_clinical_reference
2021-2023,RHQ_L,RHD167,female,40-49,3.0,76,0.23974763406940064,exploratory_unweighted_not_clinical_reference
2021-2023,RHQ_L,RHD167,female,40-49,1.0,49,0.15457413249211358,exploratory_unweighted_not_clinical_reference
2021-2023,RHQ_L,RHD167,female,40-49,4.0,28,0.08832807570977919,exploratory_unweighted_not_clinical_reference
2021-2023,RHQ_L,RHD167,female,40-49,5.397605346934028e-79,17,0.05362776025236593,exploratory_unweighted_not_clinical_reference
2021-2023,RHQ_L,RHD167,female,40-49,5.0,17,0.05362776025236593,exploratory_unweighted_not_clinical_reference
2021-2023,RHQ_L,RHD167,female,50-59,2.0,127,0.3377659574468085,exploratory_unweighted_not_clinical_reference
2021-2023,RHQ_L,RHD167,female,50-59,3.0,88,0.23404255319148937,exploratory_unweighted_not_clinical_reference
2021-2023,RHQ_L,RHD167,female,50-59,1.0,75,0.19946808510638298,exploratory_unweighted_not_clinical_reference
2021-2023,RHQ_L,RHD167,female,50-59,5.0,30,0.0797872340425532,exploratory_unweighted_not_clinical_reference
2021-2023,RHQ_L,RHD167,female,50-59,4.0,29,0.07712765957446809,exploratory_unweighted_not_clinical_reference
2021-2023,RHQ_L,RHD167,female,50-59,5.397605346934028e-79,27,0.07180851063829788,exploratory_unweighted_not_clinical_reference
2021-2023,RHQ_L,RHQ200,female,18-29,2.0,81,0.8901098901098901,exploratory_unweighted_not_clinical_reference
2021-2023,RHQ_L,RHQ200,female,18-29,1.0,10,0.10989010989010989,exploratory_unweighted_not_clinical_reference
2021-2023,RHQ_L,RHQ200,female,30-39,2.0,254,0.9407407407407408,exploratory_unweighted_not_clinical_reference
2021-2023,RHQ_L,RHQ200,female,30-39,1.0,16,0.05925925925925926,exploratory_unweighted_not_clinical_reference
2021-2023,RHQ_L,RHQ200,female,40-49,2.0,163,0.9878787878787879,exploratory_unweighted_not_clinical_reference
2021-2023,RHQ_L,RHQ200,female,40-49,1.0,2,0.012121212121212121,exploratory_unweighted_not_clinical_reference
2021-2023,RHQ_L,RHD280,female,18-29,2.0,308,1.0,exploratory_unweighted_not_clinical_reference
2021-2023,RHQ_L,RHD280,female,30-39,2.0,402,0.9571428571428572,exploratory_unweighted_not_clinical_reference
2021-2023,RHQ_L,RHD280,female,30-39,1.0,18,0.04285714285714286,exploratory_unweighted_not_clinical_reference
2021-2023,RHQ_L,RHD280,female,40-49,2.0,319,0.8692098092643051,exploratory_unweighted_not_clinical_reference
2021-2023,RHQ_L,RHD280,female,40-49,1.0,48,0.1307901907356948,exploratory_unweighted_not_clinical_reference
2021-2023,RHQ_L,RHD280,female,50-59,2.0,330,0.7415730337078652,exploratory_unweighted_not_clinical_reference
2021-2023,RHQ_L,RHD280,female,50-59,1.0,115,0.25842696629213485,exploratory_unweighted_not_clinical_reference
2021-2023,RHQ_L,RHD280,female,60-69,2.0,501,0.6724832214765101,exploratory_unweighted_not_clinical_reference
2021-2023,RHQ_L,RHD280,female,60-69,1.0,244,0.3275167785234899,exploratory_unweighted_not_clinical_reference
2021-2023,RHQ_L,RHD280,female,70-79,2.0,264,0.6068965517241379,exploratory_unweighted_not_clinical_reference
2021-2023,RHQ_L,RHD280,female,70-79,1.0,170,0.39080459770114945,exploratory_unweighted_not_clinical_reference
2021-2023,RHQ_L,RHD280,female,70-79,9.0,1,0.0022988505747126436,exploratory_unweighted_not_clinical_reference
2021-2023,RHQ_L,RHD280,female,80+,2.0,74,0.556390977443609,exploratory_unweighted_not_clinical_reference
2021-2023,RHQ_L,RHD280,female,80+,1.0,58,0.43609022556390975,exploratory_unweighted_not_clinical_reference
2021-2023,RHQ_L,RHD280,female,80+,9.0,1,0.007518796992481203,exploratory_unweighted_not_clinical_reference
2021-2023,RHQ_L,RHQ305,female,18-29,2.0,305,0.9967320261437909,exploratory_unweighted_not_clinical_reference
2021-2023,RHQ_L,RHQ305,female,18-29,1.0,1,0.0032679738562091504,exploratory_unweighted_not_clinical_reference
2021-2023,RHQ_L,RHQ305,female,30-39,2.0,413,0.9856801909307876,exploratory_unweighted_not_clinical_reference
2021-2023,RHQ_L,RHQ305,female,30-39,1.0,5,0.011933174224343675,exploratory_unweighted_not_clinical_reference
2021-2023,RHQ_L,RHQ305,female,30-39,9.0,1,0.002386634844868735,exploratory_unweighted_not_clinical_reference
2021-2023,RHQ_L,RHQ305,female,40-49,2.0,350,0.9536784741144414,exploratory_unweighted_not_clinical_reference
2021-2023,RHQ_L,RHQ305,female,40-49,1.0,17,0.04632152588555858,exploratory_unweighted_not_clinical_reference
2021-2023,RHQ_L,RHQ305,female,50-59,2.0,401,0.9011235955056179,exploratory_unweighted_not_clinical_reference
2021-2023,RHQ_L,RHQ305,female,50-59,1.0,43,0.09662921348314607,exploratory_unweighted_not_clinical_reference
2021-2023,RHQ_L,RHQ305,female,50-59,9.0,1,0.0022471910112359553,exploratory_unweighted_not_clinical_reference
2021-2023,RHQ_L,RHQ305,female,60-69,2.0,598,0.8026845637583893,exploratory_unweighted_not_clinical_reference
2021-2023,RHQ_L,RHQ305,female,60-69,1.0,147,0.19731543624161074,exploratory_unweighted_not_clinical_reference
2021-2023,RHQ_L,RHQ305,female,70-79,2.0,318,0.7310344827586207,exploratory_unweighted_not_clinical_reference
2021-2023,RHQ_L,RHQ305,female,70-79,1.0,114,0.2620689655172414,exploratory_unweighted_not_clinical_reference
2021-2023,RHQ_L,RHQ305,female,70-79,7.0,2,0.004597701149425287,exploratory_unweighted_not_clinical_reference
2021-2023,RHQ_L,RHQ305,female,70-79,9.0,1,0.0022988505747126436,exploratory_unweighted_not_clinical_reference
2021-2023,RHQ_L,RHQ305,female,80+,2.0,100,0.7518796992481203,exploratory_unweighted_not_clinical_reference
2021-2023,RHQ_L,RHQ305,female,80+,1.0,32,0.24060150375939848,exploratory_unweighted_not_clinical_reference
2021-2023,RHQ_L,RHQ305,female,80+,9.0,1,0.007518796992481203,exploratory_unweighted_not_clinical_reference
2021-2023,RHQ_L,RHQ332,female,50-59,52.0,4,0.09302325581395349,exploratory_unweighted_not_clinical_reference
2021-2023,RHQ_L,RHQ332,female,50-59,47.0,4,0.09302325581395349,exploratory_unweighted_not_clinical_reference
2021-2023,RHQ_L,RHQ332,female,50-59,45.0,3,0.06976744186046512,exploratory_unweighted_not_clinical_reference
2021-2023,RHQ_L,RHQ332,female,50-59,41.0,3,0.06976744186046512,exploratory_unweighted_not_clinical_reference
2021-2023,RHQ_L,RHQ332,female,50-59,50.0,3,0.06976744186046512,exploratory_unweighted_not_clinical_reference
2021-2023,RHQ_L,RHQ332,female,50-59,32.0,2,0.046511627906976744,exploratory_unweighted_not_clinical_reference
2021-2023,RHQ_L,RHQ332,female,50-59,40.0,2,0.046511627906976744,exploratory_unweighted_not_clinical_reference
2021-2023,RHQ_L,RHQ332,female,50-59,44.0,2,0.046511627906976744,exploratory_unweighted_not_clinical_reference
2021-2023,RHQ_L,RHQ332,female,50-59,53.0,2,0.046511627906976744,exploratory_unweighted_not_clinical_reference
2021-2023,RHQ_L,RHQ332,female,50-59,48.0,2,0.046511627906976744,exploratory_unweighted_not_clinical_reference
2021-2023,RHQ_L,RHQ332,female,50-59,36.0,2,0.046511627906976744,exploratory_unweighted_not_clinical_reference
2021-2023,RHQ_L,RHQ332,female,50-59,28.0,2,0.046511627906976744,exploratory_unweighted_not_clinical_reference
2021-2023,RHQ_L,RHQ332,female,50-59,30.0,1,0.023255813953488372,exploratory_unweighted_not_clinical_reference
2021-2023,RHQ_L,RHQ332,female,50-59,35.0,1,0.023255813953488372,exploratory_unweighted_not_clinical_reference
2021-2023,RHQ_L,RHQ332,female,50-59,19.0,1,0.023255813953488372,exploratory_unweighted_not_clinical_reference
2021-2023,RHQ_L,RHQ332,female,50-59,23.0,1,0.023255813953488372,exploratory_unweighted_not_clinical_reference
2021-2023,RHQ_L,RHQ332,female,50-59,29.0,1,0.023255813953488372,exploratory_unweighted_not_clinical_reference
2021-2023,RHQ_L,RHQ332,female,50-59,42.0,1,0.023255813953488372,exploratory_unweighted_not_clinical_reference
2021-2023,RHQ_L,RHQ332,female,50-59,46.0,1,0.023255813953488372,exploratory_unweighted_not_clinical_reference
2021-2023,RHQ_L,RHQ332,female,50-59,51.0,1,0.023255813953488372,exploratory_unweighted_not_clinical_reference
2021-2023,RHQ_L,RHQ332,female,50-59,43.0,1,0.023255813953488372,exploratory_unweighted_not_clinical_reference
2021-2023,RHQ_L,RHQ332,female,50-59,39.0,1,0.023255813953488372,exploratory_unweighted_not_clinical_reference
2021-2023,RHQ_L,RHQ332,female,50-59,54.0,1,0.023255813953488372,exploratory_unweighted_not_clinical_reference
2021-2023,RHQ_L,RHQ332,female,50-59,38.0,1,0.023255813953488372,exploratory_unweighted_not_clinical_reference
2021-2023,RHQ_L,RHQ332,female,60-69,60.0,19,0.1292517006802721,exploratory_unweighted_not_clinical_reference
2021-2023,RHQ_L,RHQ332,female,60-69,40.0,14,0.09523809523809523,exploratory_unweighted_not_clinical_reference
2021-2023,RHQ_L,RHQ332,female,60-69,45.0,9,0.061224489795918366,exploratory_unweighted_not_clinical_reference
2021-2023,RHQ_L,RHQ332,female,60-69,50.0,8,0.05442176870748299,exploratory_unweighted_not_clinical_reference
2021-2023,RHQ_L,RHQ332,female,60-69,47.0,8,0.05442176870748299,exploratory_unweighted_not_clinical_reference
2021-2023,RHQ_L,RHQ332,female,60-69,35.0,6,0.04081632653061224,exploratory_unweighted_not_clinical_reference
2021-2023,RHQ_L,RHQ332,female,60-69,32.0,6,0.04081632653061224,exploratory_unweighted_not_clinical_reference
2021-2023,RHQ_L,RHQ332,female,60-69,49.0,6,0.04081632653061224,exploratory_unweighted_not_clinical_reference
2021-2023,RHQ_L,RHQ332,female,60-69,38.0,5,0.034013605442176874,exploratory_unweighted_not_clinical_reference
2021-2023,RHQ_L,RHQ332,female,60-69,42.0,5,0.034013605442176874,exploratory_unweighted_not_clinical_reference
2021-2023,RHQ_L,RHQ332,female,60-69,59.0,5,0.034013605442176874,exploratory_unweighted_not_clinical_reference
2021-2023,RHQ_L,RHQ332,female,60-69,53.0,4,0.027210884353741496,exploratory_unweighted_not_clinical_reference
2021-2023,RHQ_L,RHQ332,female,60-69,55.0,4,0.027210884353741496,exploratory_unweighted_not_clinical_reference
2021-2023,RHQ_L,RHQ332,female,60-69,48.0,4,0.027210884353741496,exploratory_unweighted_not_clinical_reference
2021-2023,RHQ_L,RHQ332,female,60-69,36.0,4,0.027210884353741496,exploratory_unweighted_not_clinical_reference
2021-2023,RHQ_L,RHQ332,female,60-69,46.0,3,0.02040816326530612,exploratory_unweighted_not_clinical_reference
2021-2023,RHQ_L,RHQ332,female,60-69,54.0,3,0.02040816326530612,exploratory_unweighted_not_clinical_reference
2021-2023,RHQ_L,RHQ332,female,60-69,58.0,3,0.02040816326530612,exploratory_unweighted_not_clinical_reference
2021-2023,RHQ_L,RHQ332,female,60-69,37.0,3,0.02040816326530612,exploratory_unweighted_not_clinical_reference
2021-2023,RHQ_L,RHQ332,female,60-69,39.0,3,0.02040816326530612,exploratory_unweighted_not_clinical_reference
2021-2023,RHQ_L,RHQ332,female,60-69,51.0,2,0.013605442176870748,exploratory_unweighted_not_clinical_reference
2021-2023,RHQ_L,RHQ332,female,60-69,41.0,2,0.013605442176870748,exploratory_unweighted_not_clinical_reference
2021-2023,RHQ_L,RHQ332,female,60-69,52.0,2,0.013605442176870748,exploratory_unweighted_not_clinical_reference
2021-2023,RHQ_L,RHQ332,female,60-69,25.0,2,0.013605442176870748,exploratory_unweighted_not_clinical_reference
2021-2023,RHQ_L,RHQ332,female,60-69,30.0,2,0.013605442176870748,exploratory_unweighted_not_clinical_reference
2021-2023,RHQ_L,RHQ332,female,60-69,31.0,2,0.013605442176870748,exploratory_unweighted_not_clinical_reference
2021-2023,RHQ_L,RHQ332,female,60-69,26.0,2,0.013605442176870748,exploratory_unweighted_not_clinical_reference
2021-2023,RHQ_L,RHQ332,female,60-69,43.0,2,0.013605442176870748,exploratory_unweighted_not_clinical_reference
2021-2023,RHQ_L,RHQ332,female,60-69,27.0,2,0.013605442176870748,exploratory_unweighted_not_clinical_reference
2021-2023,RHQ_L,RHQ332,female,60-69,28.0,2,0.013605442176870748,exploratory_unweighted_not_clinical_reference
2021-2023,RHQ_L,RHQ332,female,60-69,22.0,1,0.006802721088435374,exploratory_unweighted_not_clinical_reference
2021-2023,RHQ_L,RHQ332,female,60-69,23.0,1,0.006802721088435374,exploratory_unweighted_not_clinical_reference
2021-2023,RHQ_L,RHQ332,female,60-69,24.0,1,0.006802721088435374,exploratory_unweighted_not_clinical_reference
2021-2023,RHQ_L,RHQ332,female,60-69,999.0,1,0.006802721088435374,exploratory_unweighted_not_clinical_reference
2021-2023,RHQ_L,RHQ332,female,60-69,34.0,1,0.006802721088435374,exploratory_unweighted_not_clinical_reference
2021-2023,RHQ_L,RHQ332,female,70-79,60.0,21,0.18421052631578946,exploratory_unweighted_not_clinical_reference
2021-2023,RHQ_L,RHQ332,female,70-79,50.0,8,0.07017543859649122,exploratory_unweighted_not_clinical_reference
2021-2023,RHQ_L,RHQ332,female,70-79,42.0,7,0.06140350877192982,exploratory_unweighted_not_clinical_reference
2021-2023,RHQ_L,RHQ332,female,70-79,48.0,7,0.06140350877192982,exploratory_unweighted_not_clinical_reference
2021-2023,RHQ_L,RHQ332,female,70-79,35.0,6,0.05263157894736842,exploratory_unweighted_not_clinical_reference
2021-2023,RHQ_L,RHQ332,female,70-79,40.0,6,0.05263157894736842,exploratory_unweighted_not_clinical_reference
2021-2023,RHQ_L,RHQ332,female,70-79,45.0,6,0.05263157894736842,exploratory_unweighted_not_clinical_reference
2021-2023,RHQ_L,RHQ332,female,70-79,55.0,5,0.043859649122807015,exploratory_unweighted_not_clinical_reference
2021-2023,RHQ_L,RHQ332,female,70-79,33.0,3,0.02631578947368421,exploratory_unweighted_not_clinical_reference
2021-2023,RHQ_L,RHQ332,female,70-79,999.0,3,0.02631578947368421,exploratory_unweighted_not_clinical_reference
2021-2023,RHQ_L,RHQ332,female,70-79,32.0,3,0.02631578947368421,exploratory_unweighted_not_clinical_reference
2021-2023,RHQ_L,RHQ332,female,70-79,27.0,3,0.02631578947368421,exploratory_unweighted_not_clinical_reference
2021-2023,RHQ_L,RHQ332,female,70-79,26.0,3,0.02631578947368421,exploratory_unweighted_not_clinical_reference
2021-2023,RHQ_L,RHQ332,female,70-79,44.0,3,0.02631578947368421,exploratory_unweighted_not_clinical_reference
2021-2023,RHQ_L,RHQ332,female,70-79,46.0,3,0.02631578947368421,exploratory_unweighted_not_clinical_reference
2021-2023,RHQ_L,RHQ332,female,70-79,49.0,3,0.02631578947368421,exploratory_unweighted_not_clinical_reference
2021-2023,RHQ_L,RHQ332,female,70-79,30.0,2,0.017543859649122806,exploratory_unweighted_not_clinical_reference
2021-2023,RHQ_L,RHQ332,female,70-79,25.0,2,0.017543859649122806,exploratory_unweighted_not_clinical_reference
2021-2023,RHQ_L,RHQ332,female,70-79,37.0,2,0.017543859649122806,exploratory_unweighted_not_clinical_reference
2021-2023,RHQ_L,RHQ332,female,70-79,47.0,2,0.017543859649122806,exploratory_unweighted_not_clinical_reference
2021-2023,RHQ_L,RHQ332,female,70-79,38.0,2,0.017543859649122806,exploratory_unweighted_not_clinical_reference
2021-2023,RHQ_L,RHQ332,female,70-79,39.0,2,0.017543859649122806,exploratory_unweighted_not_clinical_reference
2021-2023,RHQ_L,RHQ332,female,70-79,36.0,2,0.017543859649122806,exploratory_unweighted_not_clinical_reference
2021-2023,RHQ_L,RHQ332,female,70-79,57.0,2,0.017543859649122806,exploratory_unweighted_not_clinical_reference
2021-2023,RHQ_L,RHQ332,female,70-79,52.0,1,0.008771929824561403,exploratory_unweighted_not_clinical_reference
2021-2023,RHQ_L,RHQ332,female,70-79,29.0,1,0.008771929824561403,exploratory_unweighted_not_clinical_reference
2021-2023,RHQ_L,RHQ332,female,70-79,51.0,1,0.008771929824561403,exploratory_unweighted_not_clinical_reference
2021-2023,RHQ_L,RHQ332,female,70-79,23.0,1,0.008771929824561403,exploratory_unweighted_not_clinical_reference
2021-2023,RHQ_L,RHQ332,female,70-79,53.0,1,0.008771929824561403,exploratory_unweighted_not_clinical_reference
2021-2023,RHQ_L,RHQ332,female,70-79,54.0,1,0.008771929824561403,exploratory_unweighted_not_clinical_reference
2021-2023,RHQ_L,RHQ332,female,70-79,34.0,1,0.008771929824561403,exploratory_unweighted_not_clinical_reference
2021-2023,RHQ_L,RHQ332,female,70-79,41.0,1,0.008771929824561403,exploratory_unweighted_not_clinical_reference
2021-2023,RHQ_L,RHQ332,female,80+,60.0,6,0.1875,exploratory_unweighted_not_clinical_reference
2021-2023,RHQ_L,RHQ332,female,80+,46.0,3,0.09375,exploratory_unweighted_not_clinical_reference
2021-2023,RHQ_L,RHQ332,female,80+,40.0,3,0.09375,exploratory_unweighted_not_clinical_reference
2021-2023,RHQ_L,RHQ332,female,80+,48.0,2,0.0625,exploratory_unweighted_not_clinical_reference
2021-2023,RHQ_L,RHQ332,female,80+,45.0,2,0.0625,exploratory_unweighted_not_clinical_reference
2021-2023,RHQ_L,RHQ332,female,80+,52.0,2,0.0625,exploratory_unweighted_not_clinical_reference
2021-2023,RHQ_L,RHQ332,female,80+,35.0,2,0.0625,exploratory_unweighted_not_clinical_reference
2021-2023,RHQ_L,RHQ332,female,80+,55.0,2,0.0625,exploratory_unweighted_not_clinical_reference
2021-2023,RHQ_L,RHQ332,female,80+,29.0,1,0.03125,exploratory_unweighted_not_clinical_reference
2021-2023,RHQ_L,RHQ332,female,80+,59.0,1,0.03125,exploratory_unweighted_not_clinical_reference
2021-2023,RHQ_L,RHQ332,female,80+,53.0,1,0.03125,exploratory_unweighted_not_clinical_reference
2021-2023,RHQ_L,RHQ332,female,80+,39.0,1,0.03125,exploratory_unweighted_not_clinical_reference
2021-2023,RHQ_L,RHQ332,female,80+,44.0,1,0.03125,exploratory_unweighted_not_clinical_reference
2021-2023,RHQ_L,RHQ332,female,80+,37.0,1,0.03125,exploratory_unweighted_not_clinical_reference
2021-2023,RHQ_L,RHQ332,female,80+,42.0,1,0.03125,exploratory_unweighted_not_clinical_reference
2021-2023,RHQ_L,RHQ332,female,80+,26.0,1,0.03125,exploratory_unweighted_not_clinical_reference
2021-2023,RHQ_L,RHQ332,female,80+,33.0,1,0.03125,exploratory_unweighted_not_clinical_reference
2021-2023,RHQ_L,RHQ332,female,80+,58.0,1,0.03125,exploratory_unweighted_not_clinical_reference
2021-2023,RXQ_RX_L,RXQ033,female,0-11,2.0,1034,0.8298555377207063,exploratory_unweighted_not_clinical_reference
2021-2023,RXQ_RX_L,RXQ033,female,0-11,1.0,209,0.16773675762439808,exploratory_unweighted_not_clinical_reference
2021-2023,RXQ_RX_L,RXQ033,female,0-11,9.0,2,0.0016051364365971107,exploratory_unweighted_not_clinical_reference
2021-2023,RXQ_RX_L,RXQ033,female,0-11,7.0,1,0.0008025682182985554,exploratory_unweighted_not_clinical_reference
2021-2023,RXQ_RX_L,RXQ033,female,12-17,2.0,418,0.6796747967479675,exploratory_unweighted_not_clinical_reference
2021-2023,RXQ_RX_L,RXQ033,female,12-17,1.0,196,0.31869918699186994,exploratory_unweighted_not_clinical_reference
2021-2023,RXQ_RX_L,RXQ033,female,12-17,7.0,1,0.0016260162601626016,exploratory_unweighted_not_clinical_reference
2021-2023,RXQ_RX_L,RXQ033,female,18-29,2.0,336,0.5014925373134328,exploratory_unweighted_not_clinical_reference
2021-2023,RXQ_RX_L,RXQ033,female,18-29,1.0,333,0.49701492537313435,exploratory_unweighted_not_clinical_reference
2021-2023,RXQ_RX_L,RXQ033,female,18-29,7.0,1,0.0014925373134328358,exploratory_unweighted_not_clinical_reference
2021-2023,RXQ_RX_L,RXQ033,female,30-39,1.0,381,0.5644444444444444,exploratory_unweighted_not_clinical_reference
2021-2023,RXQ_RX_L,RXQ033,female,30-39,2.0,293,0.43407407407407406,exploratory_unweighted_not_clinical_reference
2021-2023,RXQ_RX_L,RXQ033,female,30-39,7.0,1,0.0014814814814814814,exploratory_unweighted_not_clinical_reference
2021-2023,RXQ_RX_L,RXQ033,female,40-49,1.0,364,0.629757785467128,exploratory_unweighted_not_clinical_reference
2021-2023,RXQ_RX_L,RXQ033,female,40-49,2.0,214,0.370242214532872,exploratory_unweighted_not_clinical_reference
2021-2023,RXQ_RX_L,RXQ033,female,50-59,1.0,491,0.7553846153846154,exploratory_unweighted_not_clinical_reference
2021-2023,RXQ_RX_L,RXQ033,female,50-59,2.0,159,0.24461538461538462,exploratory_unweighted_not_clinical_reference
2021-2023,RXQ_RX_L,RXQ033,female,60-69,1.0,804,0.8305785123966942,exploratory_unweighted_not_clinical_reference
2021-2023,RXQ_RX_L,RXQ033,female,60-69,2.0,162,0.16735537190082644,exploratory_unweighted_not_clinical_reference
2021-2023,RXQ_RX_L,RXQ033,female,60-69,7.0,2,0.002066115702479339,exploratory_unweighted_not_clinical_reference
2021-2023,RXQ_RX_L,RXQ033,female,70-79,1.0,593,0.9095092024539877,exploratory_unweighted_not_clinical_reference
2021-2023,RXQ_RX_L,RXQ033,female,70-79,2.0,58,0.08895705521472393,exploratory_unweighted_not_clinical_reference
2021-2023,RXQ_RX_L,RXQ033,female,70-79,9.0,1,0.0015337423312883436,exploratory_unweighted_not_clinical_reference
2021-2023,RXQ_RX_L,RXQ033,female,80+,1.0,268,0.9209621993127147,exploratory_unweighted_not_clinical_reference
2021-2023,RXQ_RX_L,RXQ033,female,80+,2.0,23,0.07903780068728522,exploratory_unweighted_not_clinical_reference
2021-2023,RXQ_RX_L,RXQ033,male,0-11,2.0,1027,0.7924382716049383,exploratory_unweighted_not_clinical_reference
2021-2023,RXQ_RX_L,RXQ033,male,0-11,1.0,268,0.20679012345679013,exploratory_unweighted_not_clinical_reference
2021-2023,RXQ_RX_L,RXQ033,male,0-11,7.0,1,0.0007716049382716049,exploratory_unweighted_not_clinical_reference
2021-2023,RXQ_RX_L,RXQ033,male,12-17,2.0,475,0.7661290322580645,exploratory_unweighted_not_clinical_reference
2021-2023,RXQ_RX_L,RXQ033,male,12-17,1.0,145,0.23387096774193547,exploratory_unweighted_not_clinical_reference
2021-2023,RXQ_RX_L,RXQ033,male,18-29,2.0,442,0.7700348432055749,exploratory_unweighted_not_clinical_reference
2021-2023,RXQ_RX_L,RXQ033,male,18-29,1.0,132,0.22996515679442509,exploratory_unweighted_not_clinical_reference
2021-2023,RXQ_RX_L,RXQ033,male,30-39,2.0,322,0.644,exploratory_unweighted_not_clinical_reference
2021-2023,RXQ_RX_L,RXQ033,male,30-39,1.0,178,0.356,exploratory_unweighted_not_clinical_reference
2021-2023,RXQ_RX_L,RXQ033,male,40-49,2.0,267,0.579175704989154,exploratory_unweighted_not_clinical_reference
2021-2023,RXQ_RX_L,RXQ033,male,40-49,1.0,192,0.4164859002169197,exploratory_unweighted_not_clinical_reference
2021-2023,RXQ_RX_L,RXQ033,male,40-49,9.0,1,0.0021691973969631237,exploratory_unweighted_not_clinical_reference
2021-2023,RXQ_RX_L,RXQ033,male,40-49,7.0,1,0.0021691973969631237,exploratory_unweighted_not_clinical_reference
2021-2023,RXQ_RX_L,RXQ033,male,50-59,1.0,359,0.6825095057034221,exploratory_unweighted_not_clinical_reference
2021-2023,RXQ_RX_L,RXQ033,male,50-59,2.0,166,0.3155893536121673,exploratory_unweighted_not_clinical_reference
2021-2023,RXQ_RX_L,RXQ033,male,50-59,9.0,1,0.0019011406844106464,exploratory_unweighted_not_clinical_reference
2021-2023,RXQ_RX_L,RXQ033,male,60-69,1.0,624,0.7849056603773585,exploratory_unweighted_not_clinical_reference
2021-2023,RXQ_RX_L,RXQ033,male,60-69,2.0,171,0.21509433962264152,exploratory_unweighted_not_clinical_reference
2021-2023,RXQ_RX_L,RXQ033,male,70-79,1.0,509,0.9089285714285714,exploratory_unweighted_not_clinical_reference
2021-2023,RXQ_RX_L,RXQ033,male,70-79,2.0,49,0.0875,exploratory_unweighted_not_clinical_reference
2021-2023,RXQ_RX_L,RXQ033,male,70-79,9.0,2,0.0035714285714285713,exploratory_unweighted_not_clinical_reference
2021-2023,RXQ_RX_L,RXQ033,male,80+,1.0,209,0.9047619047619048,exploratory_unweighted_not_clinical_reference
2021-2023,RXQ_RX_L,RXQ033,male,80+,2.0,22,0.09523809523809523,exploratory_unweighted_not_clinical_reference
2021-2023,RXQ_RX_L,RXQ050,female,0-11,1.0,137,0.6555023923444976,exploratory_unweighted_not_clinical_reference
2021-2023,RXQ_RX_L,RXQ050,female,0-11,2.0,48,0.22966507177033493,exploratory_unweighted_not_clinical_reference
2021-2023,RXQ_RX_L,RXQ050,female,0-11,3.0,13,0.06220095693779904,exploratory_unweighted_not_clinical_reference
2021-2023,RXQ_RX_L,RXQ050,female,0-11,4.0,6,0.028708133971291867,exploratory_unweighted_not_clinical_reference
2021-2023,RXQ_RX_L,RXQ050,female,0-11,5.0,5,0.023923444976076555,exploratory_unweighted_not_clinical_reference
2021-2023,RXQ_RX_L,RXQ050,female,12-17,1.0,110,0.5612244897959183,exploratory_unweighted_not_clinical_reference
2021-2023,RXQ_RX_L,RXQ050,female,12-17,2.0,47,0.23979591836734693,exploratory_unweighted_not_clinical_reference
2021-2023,RXQ_RX_L,RXQ050,female,12-17,3.0,16,0.08163265306122448,exploratory_unweighted_not_clinical_reference
2021-2023,RXQ_RX_L,RXQ050,female,12-17,5.0,15,0.07653061224489796,exploratory_unweighted_not_clinical_reference
2021-2023,RXQ_RX_L,RXQ050,female,12-17,4.0,8,0.04081632653061224,exploratory_unweighted_not_clinical_reference
2021-2023,RXQ_RX_L,RXQ050,female,18-29,1.0,140,0.42042042042042044,exploratory_unweighted_not_clinical_reference
2021-2023,RXQ_RX_L,RXQ050,female,18-29,2.0,79,0.23723723723723725,exploratory_unweighted_not_clinical_reference
2021-2023,RXQ_RX_L,RXQ050,female,18-29,3.0,52,0.15615615615615616,exploratory_unweighted_not_clinical_reference
2021-2023,RXQ_RX_L,RXQ050,female,18-29,5.0,36,0.10810810810810811,exploratory_unweighted_not_clinical_reference
2021-2023,RXQ_RX_L,RXQ050,female,18-29,4.0,26,0.07807807807807808,exploratory_unweighted_not_clinical_reference
2021-2023,RXQ_RX_L,RXQ050,female,30-39,1.0,149,0.3910761154855643,exploratory_unweighted_not_clinical_reference
2021-2023,RXQ_RX_L,RXQ050,female,30-39,2.0,91,0.2388451443569554,exploratory_unweighted_not_clinical_reference
2021-2023,RXQ_RX_L,RXQ050,female,30-39,5.0,53,0.13910761154855644,exploratory_unweighted_not_clinical_reference
2021-2023,RXQ_RX_L,RXQ050,female,30-39,3.0,48,0.12598425196850394,exploratory_unweighted_not_clinical_reference
2021-2023,RXQ_RX_L,RXQ050,female,30-39,4.0,40,0.10498687664041995,exploratory_unweighted_not_clinical_reference
2021-2023,RXQ_RX_L,RXQ050,female,40-49,1.0,124,0.34065934065934067,exploratory_unweighted_not_clinical_reference
2021-2023,RXQ_RX_L,RXQ050,female,40-49,2.0,80,0.21978021978021978,exploratory_unweighted_not_clinical_reference
2021-2023,RXQ_RX_L,RXQ050,female,40-49,5.0,73,0.20054945054945056,exploratory_unweighted_not_clinical_reference
2021-2023,RXQ_RX_L,RXQ050,female,40-49,3.0,46,0.12637362637362637,exploratory_unweighted_not_clinical_reference
2021-2023,RXQ_RX_L,RXQ050,female,40-49,4.0,40,0.10989010989010989,exploratory_unweighted_not_clinical_reference
2021-2023,RXQ_RX_L,RXQ050,female,40-49,9.0,1,0.0027472527472527475,exploratory_unweighted_not_clinical_reference
2021-2023,RXQ_RX_L,RXQ050,female,50-59,5.0,190,0.3869653767820774,exploratory_unweighted_not_clinical_reference
2021-2023,RXQ_RX_L,RXQ050,female,50-59,1.0,103,0.20977596741344195,exploratory_unweighted_not_clinical_reference
2021-2023,RXQ_RX_L,RXQ050,female,50-59,2.0,85,0.17311608961303462,exploratory_unweighted_not_clinical_reference
2021-2023,RXQ_RX_L,RXQ050,female,50-59,3.0,65,0.13238289205702647,exploratory_unweighted_not_clinical_reference
2021-2023,RXQ_RX_L,RXQ050,female,50-59,4.0,47,0.09572301425661914,exploratory_unweighted_not_clinical_reference
2021-2023,RXQ_RX_L,RXQ050,female,50-59,7.0,1,0.002036659877800407,exploratory_unweighted_not_clinical_reference
2021-2023,RXQ_RX_L,RXQ050,female,60-69,5.0,309,0.3843283582089552,exploratory_unweighted_not_clinical_reference
2021-2023,RXQ_RX_L,RXQ050,female,60-69,2.0,133,0.1654228855721393,exploratory_unweighted_not_clinical_reference
2021-2023,RXQ_RX_L,RXQ050,female,60-69,4.0,128,0.15920398009950248,exploratory_unweighted_not_clinical_reference
2021-2023,RXQ_RX_L,RXQ050,female,60-69,1.0,123,0.15298507462686567,exploratory_unweighted_not_clinical_reference
2021-2023,RXQ_RX_L,RXQ050,female,60-69,3.0,111,0.13805970149253732,exploratory_unweighted_not_clinical_reference
2021-2023,RXQ_RX_L,RXQ050,female,70-79,5.0,274,0.4620573355817875,exploratory_unweighted_not_clinical_reference
2021-2023,RXQ_RX_L,RXQ050,female,70-79,2.0,89,0.15008431703204048,exploratory_unweighted_not_clinical_reference
2021-2023,RXQ_RX_L,RXQ050,female,70-79,3.0,86,0.14502529510961215,exploratory_unweighted_not_clinical_reference
2021-2023,RXQ_RX_L,RXQ050,female,70-79,4.0,80,0.13490725126475547,exploratory_unweighted_not_clinical_reference
2021-2023,RXQ_RX_L,RXQ050,female,70-79,1.0,64,0.10792580101180438,exploratory_unweighted_not_clinical_reference
2021-2023,RXQ_RX_L,RXQ050,female,80+,5.0,129,0.48134328358208955,exploratory_unweighted_not_clinical_reference
2021-2023,RXQ_RX_L,RXQ050,female,80+,4.0,41,0.15298507462686567,exploratory_unweighted_not_clinical_reference
2021-2023,RXQ_RX_L,RXQ050,female,80+,3.0,40,0.14925373134328357,exploratory_unweighted_not_clinical_reference
2021-2023,RXQ_RX_L,RXQ050,female,80+,2.0,31,0.11567164179104478,exploratory_unweighted_not_clinical_reference
2021-2023,RXQ_RX_L,RXQ050,female,80+,1.0,23,0.08582089552238806,exploratory_unweighted_not_clinical_reference
2021-2023,RXQ_RX_L,RXQ050,female,80+,9.0,2,0.007462686567164179,exploratory_unweighted_not_clinical_reference
2021-2023,RXQ_RX_L,RXQ050,female,80+,7.0,2,0.007462686567164179,exploratory_unweighted_not_clinical_reference
2021-2023,RXQ_RX_L,RXQ050,male,0-11,1.0,148,0.5522388059701493,exploratory_unweighted_not_clinical_reference
2021-2023,RXQ_RX_L,RXQ050,male,0-11,2.0,71,0.26492537313432835,exploratory_unweighted_not_clinical_reference
2021-2023,RXQ_RX_L,RXQ050,male,0-11,3.0,29,0.10820895522388059,exploratory_unweighted_not_clinical_reference
2021-2023,RXQ_RX_L,RXQ050,male,0-11,4.0,12,0.04477611940298507,exploratory_unweighted_not_clinical_reference
2021-2023,RXQ_RX_L,RXQ050,male,0-11,5.0,8,0.029850746268656716,exploratory_unweighted_not_clinical_reference
2021-2023,RXQ_RX_L,RXQ050,male,12-17,1.0,67,0.46206896551724136,exploratory_unweighted_not_clinical_reference
2021-2023,RXQ_RX_L,RXQ050,male,12-17,2.0,41,0.2827586206896552,exploratory_unweighted_not_clinical_reference
2021-2023,RXQ_RX_L,RXQ050,male,12-17,3.0,17,0.11724137931034483,exploratory_unweighted_not_clinical_reference
2021-2023,RXQ_RX_L,RXQ050,male,12-17,5.0,11,0.07586206896551724,exploratory_unweighted_not_clinical_reference
2021-2023,RXQ_RX_L,RXQ050,male,12-17,4.0,9,0.06206896551724138,exploratory_unweighted_not_clinical_reference
2021-2023,RXQ_RX_L,RXQ050,male,18-29,1.0,63,0.4772727272727273,exploratory_unweighted_not_clinical_reference
2021-2023,RXQ_RX_L,RXQ050,male,18-29,2.0,32,0.24242424242424243,exploratory_unweighted_not_clinical_reference
2021-2023,RXQ_RX_L,RXQ050,male,18-29,5.0,13,0.09848484848484848,exploratory_unweighted_not_clinical_reference
2021-2023,RXQ_RX_L,RXQ050,male,18-29,3.0,13,0.09848484848484848,exploratory_unweighted_not_clinical_reference
2021-2023,RXQ_RX_L,RXQ050,male,18-29,4.0,11,0.08333333333333333,exploratory_unweighted_not_clinical_reference
2021-2023,RXQ_RX_L,RXQ050,male,30-39,1.0,71,0.398876404494382,exploratory_unweighted_not_clinical_reference
2021-2023,RXQ_RX_L,RXQ050,male,30-39,2.0,48,0.2696629213483146,exploratory_unweighted_not_clinical_reference
2021-2023,RXQ_RX_L,RXQ050,male,30-39,3.0,26,0.14606741573033707,exploratory_unweighted_not_clinical_reference
2021-2023,RXQ_RX_L,RXQ050,male,30-39,5.0,20,0.11235955056179775,exploratory_unweighted_not_clinical_reference
2021-2023,RXQ_RX_L,RXQ050,male,30-39,4.0,13,0.07303370786516854,exploratory_unweighted_not_clinical_reference
2021-2023,RXQ_RX_L,RXQ050,male,40-49,1.0,68,0.3541666666666667,exploratory_unweighted_not_clinical_reference
2021-2023,RXQ_RX_L,RXQ050,male,40-49,5.0,43,0.22395833333333334,exploratory_unweighted_not_clinical_reference
2021-2023,RXQ_RX_L,RXQ050,male,40-49,2.0,31,0.16145833333333334,exploratory_unweighted_not_clinical_reference
2021-2023,RXQ_RX_L,RXQ050,male,40-49,3.0,31,0.16145833333333334,exploratory_unweighted_not_clinical_reference
2021-2023,RXQ_RX_L,RXQ050,male,40-49,4.0,19,0.09895833333333333,exploratory_unweighted_not_clinical_reference
2021-2023,RXQ_RX_L,RXQ050,male,50-59,5.0,124,0.34540389972144847,exploratory_unweighted_not_clinical_reference
2021-2023,RXQ_RX_L,RXQ050,male,50-59,1.0,70,0.19498607242339833,exploratory_unweighted_not_clinical_reference
2021-2023,RXQ_RX_L,RXQ050,male,50-59,2.0,70,0.19498607242339833,exploratory_unweighted_not_clinical_reference
2021-2023,RXQ_RX_L,RXQ050,male,50-59,3.0,57,0.15877437325905291,exploratory_unweighted_not_clinical_reference
2021-2023,RXQ_RX_L,RXQ050,male,50-59,4.0,38,0.10584958217270195,exploratory_unweighted_not_clinical_reference
2021-2023,RXQ_RX_L,RXQ050,male,60-69,5.0,243,0.3894230769230769,exploratory_unweighted_not_clinical_reference
2021-2023,RXQ_RX_L,RXQ050,male,60-69,2.0,112,0.1794871794871795,exploratory_unweighted_not_clinical_reference
2021-2023,RXQ_RX_L,RXQ050,male,60-69,1.0,100,0.16025641025641027,exploratory_unweighted_not_clinical_reference
2021-2023,RXQ_RX_L,RXQ050,male,60-69,3.0,93,0.14903846153846154,exploratory_unweighted_not_clinical_reference
2021-2023,RXQ_RX_L,RXQ050,male,60-69,4.0,75,0.1201923076923077,exploratory_unweighted_not_clinical_reference
2021-2023,RXQ_RX_L,RXQ050,male,60-69,9.0,1,0.0016025641025641025,exploratory_unweighted_not_clinical_reference
2021-2023,RXQ_RX_L,RXQ050,male,70-79,5.0,249,0.48919449901768175,exploratory_unweighted_not_clinical_reference
2021-2023,RXQ_RX_L,RXQ050,male,70-79,2.0,71,0.13948919449901767,exploratory_unweighted_not_clinical_reference
2021-2023,RXQ_RX_L,RXQ050,male,70-79,4.0,70,0.137524557956778,exploratory_unweighted_not_clinical_reference
2021-2023,RXQ_RX_L,RXQ050,male,70-79,3.0,68,0.13359528487229863,exploratory_unweighted_not_clinical_reference
2021-2023,RXQ_RX_L,RXQ050,male,70-79,1.0,50,0.09823182711198428,exploratory_unweighted_not_clinical_reference
2021-2023,RXQ_RX_L,RXQ050,male,70-79,7.0,1,0.0019646365422396855,exploratory_unweighted_not_clinical_reference
2021-2023,RXQ_RX_L,RXQ050,male,80+,5.0,122,0.583732057416268,exploratory_unweighted_not_clinical_reference
2021-2023,RXQ_RX_L,RXQ050,male,80+,4.0,27,0.1291866028708134,exploratory_unweighted_not_clinical_reference
2021-2023,RXQ_RX_L,RXQ050,male,80+,2.0,24,0.11483253588516747,exploratory_unweighted_not_clinical_reference
2021-2023,RXQ_RX_L,RXQ050,male,80+,3.0,24,0.11483253588516747,exploratory_unweighted_not_clinical_reference
2021-2023,RXQ_RX_L,RXQ050,male,80+,1.0,11,0.05263157894736842,exploratory_unweighted_not_clinical_reference
2021-2023,RXQ_RX_L,RXQ050,male,80+,9.0,1,0.004784688995215311,exploratory_unweighted_not_clinical_reference
2021-2023,SLQ_L,SLD012,female,12-17,8.0,40,0.22727272727272727,exploratory_unweighted_not_clinical_reference
2021-2023,SLQ_L,SLD012,female,12-17,7.0,26,0.14772727272727273,exploratory_unweighted_not_clinical_reference
2021-2023,SLQ_L,SLD012,female,12-17,8.5,23,0.13068181818181818,exploratory_unweighted_not_clinical_reference
2021-2023,SLQ_L,SLD012,female,12-17,9.0,21,0.11931818181818182,exploratory_unweighted_not_clinical_reference
2021-2023,SLQ_L,SLD012,female,12-17,7.5,16,0.09090909090909091,exploratory_unweighted_not_clinical_reference
2021-2023,SLQ_L,SLD012,female,12-17,10.0,11,0.0625,exploratory_unweighted_not_clinical_reference
2021-2023,SLQ_L,SLD012,female,12-17,6.0,10,0.056818181818181816,exploratory_unweighted_not_clinical_reference
2021-2023,SLQ_L,SLD012,female,12-17,11.0,8,0.045454545454545456,exploratory_unweighted_not_clinical_reference
2021-2023,SLQ_L,SLD012,female,12-17,5.0,4,0.022727272727272728,exploratory_unweighted_not_clinical_reference
2021-2023,SLQ_L,SLD012,female,12-17,9.5,4,0.022727272727272728,exploratory_unweighted_not_clinical_reference
2021-2023,SLQ_L,SLD012,female,12-17,6.5,4,0.022727272727272728,exploratory_unweighted_not_clinical_reference
2021-2023,SLQ_L,SLD012,female,12-17,12.0,2,0.011363636363636364,exploratory_unweighted_not_clinical_reference
2021-2023,SLQ_L,SLD012,female,12-17,4.0,2,0.011363636363636364,exploratory_unweighted_not_clinical_reference
2021-2023,SLQ_L,SLD012,female,12-17,5.5,2,0.011363636363636364,exploratory_unweighted_not_clinical_reference
2021-2023,SLQ_L,SLD012,female,12-17,11.5,1,0.005681818181818182,exploratory_unweighted_not_clinical_reference
2021-2023,SLQ_L,SLD012,female,12-17,13.0,1,0.005681818181818182,exploratory_unweighted_not_clinical_reference
2021-2023,SLQ_L,SLD012,female,12-17,10.5,1,0.005681818181818182,exploratory_unweighted_not_clinical_reference
2021-2023,SLQ_L,SLD012,female,18-29,8.0,135,0.20149253731343283,exploratory_unweighted_not_clinical_reference
2021-2023,SLQ_L,SLD012,female,18-29,9.0,102,0.15223880597014924,exploratory_unweighted_not_clinical_reference
2021-2023,SLQ_L,SLD012,female,18-29,8.5,75,0.11194029850746269,exploratory_unweighted_not_clinical_reference
2021-2023,SLQ_L,SLD012,female,18-29,7.0,75,0.11194029850746269,exploratory_unweighted_not_clinical_reference
2021-2023,SLQ_L,SLD012,female,18-29,7.5,52,0.07761194029850746,exploratory_unweighted_not_clinical_reference
2021-2023,SLQ_L,SLD012,female,18-29,10.0,45,0.06716417910447761,exploratory_unweighted_not_clinical_reference
2021-2023,SLQ_L,SLD012,female,18-29,6.0,42,0.0626865671641791,exploratory_unweighted_not_clinical_reference
2021-2023,SLQ_L,SLD012,female,18-29,6.5,30,0.04477611940298507,exploratory_unweighted_not_clinical_reference
2021-2023,SLQ_L,SLD012,female,18-29,9.5,29,0.04328358208955224,exploratory_unweighted_not_clinical_reference
2021-2023,SLQ_L,SLD012,female,18-29,11.0,27,0.04029850746268657,exploratory_unweighted_not_clinical_reference
2021-2023,SLQ_L,SLD012,female,18-29,5.0,19,0.028358208955223882,exploratory_unweighted_not_clinical_reference
2021-2023,SLQ_L,SLD012,female,18-29,5.5,11,0.016417910447761194,exploratory_unweighted_not_clinical_reference
2021-2023,SLQ_L,SLD012,female,18-29,10.5,6,0.008955223880597015,exploratory_unweighted_not_clinical_reference
2021-2023,SLQ_L,SLD012,female,18-29,12.0,6,0.008955223880597015,exploratory_unweighted_not_clinical_reference
2021-2023,SLQ_L,SLD012,female,18-29,4.0,4,0.005970149253731343,exploratory_unweighted_not_clinical_reference
2021-2023,SLQ_L,SLD012,female,18-29,3.5,4,0.005970149253731343,exploratory_unweighted_not_clinical_reference
2021-2023,SLQ_L,SLD012,female,18-29,14.0,2,0.0029850746268656717,exploratory_unweighted_not_clinical_reference
2021-2023,SLQ_L,SLD012,female,18-29,3.0,2,0.0029850746268656717,exploratory_unweighted_not_clinical_reference
2021-2023,SLQ_L,SLD012,female,18-29,4.5,2,0.0029850746268656717,exploratory_unweighted_not_clinical_reference
2021-2023,SLQ_L,SLD012,female,18-29,13.5,1,0.0014925373134328358,exploratory_unweighted_not_clinical_reference
2021-2023,SLQ_L,SLD012,female,18-29,13.0,1,0.0014925373134328358,exploratory_unweighted_not_clinical_reference
2021-2023,SLQ_L,SLD012,female,30-39,8.0,133,0.19732937685459942,exploratory_unweighted_not_clinical_reference
2021-2023,SLQ_L,SLD012,female,30-39,7.0,92,0.13649851632047477,exploratory_unweighted_not_clinical_reference
2021-2023,SLQ_L,SLD012,female,30-39,7.5,86,0.12759643916913946,exploratory_unweighted_not_clinical_reference
2021-2023,SLQ_L,SLD012,female,30-39,9.0,75,0.11127596439169139,exploratory_unweighted_not_clinical_reference
2021-2023,SLQ_L,SLD012,female,30-39,8.5,68,0.10089020771513353,exploratory_unweighted_not_clinical_reference
2021-2023,SLQ_L,SLD012,female,30-39,6.0,49,0.07270029673590504,exploratory_unweighted_not_clinical_reference
2021-2023,SLQ_L,SLD012,female,30-39,10.0,35,0.05192878338278932,exploratory_unweighted_not_clinical_reference
2021-2023,SLQ_L,SLD012,female,30-39,6.5,28,0.04154302670623145,exploratory_unweighted_not_clinical_reference
2021-2023,SLQ_L,SLD012,female,30-39,9.5,27,0.040059347181008904,exploratory_unweighted_not_clinical_reference
2021-2023,SLQ_L,SLD012,female,30-39,5.0,22,0.032640949554896145,exploratory_unweighted_not_clinical_reference
2021-2023,SLQ_L,SLD012,female,30-39,5.5,16,0.02373887240356083,exploratory_unweighted_not_clinical_reference
2021-2023,SLQ_L,SLD012,female,30-39,4.0,15,0.02225519287833828,exploratory_unweighted_not_clinical_reference
2021-2023,SLQ_L,SLD012,female,30-39,10.5,6,0.008902077151335312,exploratory_unweighted_not_clinical_reference
2021-2023,SLQ_L,SLD012,female,30-39,4.5,5,0.00741839762611276,exploratory_unweighted_not_clinical_reference
2021-2023,SLQ_L,SLD012,female,30-39,11.0,5,0.00741839762611276,exploratory_unweighted_not_clinical_reference
2021-2023,SLQ_L,SLD012,female,30-39,3.0,4,0.005934718100890208,exploratory_unweighted_not_clinical_reference
2021-2023,SLQ_L,SLD012,female,30-39,3.5,2,0.002967359050445104,exploratory_unweighted_not_clinical_reference
2021-2023,SLQ_L,SLD012,female,30-39,2.0,2,0.002967359050445104,exploratory_unweighted_not_clinical_reference
2021-2023,SLQ_L,SLD012,female,30-39,13.0,2,0.002967359050445104,exploratory_unweighted_not_clinical_reference
2021-2023,SLQ_L,SLD012,female,30-39,12.0,1,0.001483679525222552,exploratory_unweighted_not_clinical_reference
2021-2023,SLQ_L,SLD012,female,30-39,12.5,1,0.001483679525222552,exploratory_unweighted_not_clinical_reference
2021-2023,SLQ_L,SLD012,female,40-49,8.0,119,0.20804195804195805,exploratory_unweighted_not_clinical_reference
2021-2023,SLQ_L,SLD012,female,40-49,7.0,105,0.18356643356643357,exploratory_unweighted_not_clinical_reference
2021-2023,SLQ_L,SLD012,female,40-49,7.5,69,0.12062937062937062,exploratory_unweighted_not_clinical_reference
2021-2023,SLQ_L,SLD012,female,40-49,9.0,68,0.11888111888111888,exploratory_unweighted_not_clinical_reference
2021-2023,SLQ_L,SLD012,female,40-49,8.5,50,0.08741258741258741,exploratory_unweighted_not_clinical_reference
2021-2023,SLQ_L,SLD012,female,40-49,6.0,38,0.06643356643356643,exploratory_unweighted_not_clinical_reference
2021-2023,SLQ_L,SLD012,female,40-49,6.5,33,0.057692307692307696,exploratory_unweighted_not_clinical_reference
2021-2023,SLQ_L,SLD012,female,40-49,5.0,19,0.033216783216783216,exploratory_unweighted_not_clinical_reference
2021-2023,SLQ_L,SLD012,female,40-49,10.0,17,0.02972027972027972,exploratory_unweighted_not_clinical_reference
2021-2023,SLQ_L,SLD012,female,40-49,9.5,15,0.026223776223776224,exploratory_unweighted_not_clinical_reference
2021-2023,SLQ_L,SLD012,female,40-49,5.5,11,0.019230769230769232,exploratory_unweighted_not_clinical_reference
2021-2023,SLQ_L,SLD012,female,40-49,4.0,8,0.013986013986013986,exploratory_unweighted_not_clinical_reference
2021-2023,SLQ_L,SLD012,female,40-49,4.5,5,0.008741258741258742,exploratory_unweighted_not_clinical_reference
2021-2023,SLQ_L,SLD012,female,40-49,10.5,5,0.008741258741258742,exploratory_unweighted_not_clinical_reference
2021-2023,SLQ_L,SLD012,female,40-49,11.0,3,0.005244755244755245,exploratory_unweighted_not_clinical_reference
2021-2023,SLQ_L,SLD012,female,40-49,2.0,2,0.0034965034965034965,exploratory_unweighted_not_clinical_reference
2021-2023,SLQ_L,SLD012,female,40-49,3.5,1,0.0017482517482517483,exploratory_unweighted_not_clinical_reference
2021-2023,SLQ_L,SLD012,female,40-49,14.0,1,0.0017482517482517483,exploratory_unweighted_not_clinical_reference
2021-2023,SLQ_L,SLD012,female,40-49,3.0,1,0.0017482517482517483,exploratory_unweighted_not_clinical_reference
2021-2023,SLQ_L,SLD012,female,40-49,12.0,1,0.0017482517482517483,exploratory_unweighted_not_clinical_reference
2021-2023,SLQ_L,SLD012,female,40-49,13.0,1,0.0017482517482517483,exploratory_unweighted_not_clinical_reference
2021-2023,SLQ_L,SLD012,female,50-59,8.0,114,0.17729393468118196,exploratory_unweighted_not_clinical_reference
2021-2023,SLQ_L,SLD012,female,50-59,7.0,99,0.15396578538102643,exploratory_unweighted_not_clinical_reference
2021-2023,SLQ_L,SLD012,female,50-59,7.5,86,0.13374805598755832,exploratory_unweighted_not_clinical_reference
2021-2023,SLQ_L,SLD012,female,50-59,8.5,63,0.09797822706065319,exploratory_unweighted_not_clinical_reference
2021-2023,SLQ_L,SLD012,female,50-59,9.0,56,0.08709175738724728,exploratory_unweighted_not_clinical_reference
2021-2023,SLQ_L,SLD012,female,50-59,6.0,47,0.07309486780715396,exploratory_unweighted_not_clinical_reference
2021-2023,SLQ_L,SLD012,female,50-59,6.5,40,0.06220839813374806,exploratory_unweighted_not_clinical_reference
2021-2023,SLQ_L,SLD012,female,50-59,5.0,25,0.038880248833592534,exploratory_unweighted_not_clinical_reference
2021-2023,SLQ_L,SLD012,female,50-59,10.0,23,0.03576982892690513,exploratory_unweighted_not_clinical_reference
2021-2023,SLQ_L,SLD012,female,50-59,9.5,16,0.024883359253499222,exploratory_unweighted_not_clinical_reference
2021-2023,SLQ_L,SLD012,female,50-59,11.0,14,0.02177293934681182,exploratory_unweighted_not_clinical_reference
2021-2023,SLQ_L,SLD012,female,50-59,5.5,12,0.01866251944012442,exploratory_unweighted_not_clinical_reference
2021-2023,SLQ_L,SLD012,female,50-59,4.0,11,0.017107309486780714,exploratory_unweighted_not_clinical_reference
2021-2023,SLQ_L,SLD012,female,50-59,4.5,8,0.012441679626749611,exploratory_unweighted_not_clinical_reference
2021-2023,SLQ_L,SLD012,female,50-59,3.0,8,0.012441679626749611,exploratory_unweighted_not_clinical_reference
2021-2023,SLQ_L,SLD012,female,50-59,12.0,5,0.007776049766718507,exploratory_unweighted_not_clinical_reference
2021-2023,SLQ_L,SLD012,female,50-59,2.0,5,0.007776049766718507,exploratory_unweighted_not_clinical_reference
2021-2023,SLQ_L,SLD012,female,50-59,10.5,4,0.006220839813374806,exploratory_unweighted_not_clinical_reference
2021-2023,SLQ_L,SLD012,female,50-59,3.5,3,0.004665629860031105,exploratory_unweighted_not_clinical_reference
2021-2023,SLQ_L,SLD012,female,50-59,14.0,2,0.003110419906687403,exploratory_unweighted_not_clinical_reference
2021-2023,SLQ_L,SLD012,female,50-59,11.5,1,0.0015552099533437014,exploratory_unweighted_not_clinical_reference
2021-2023,SLQ_L,SLD012,female,50-59,12.5,1,0.0015552099533437014,exploratory_unweighted_not_clinical_reference
2021-2023,SLQ_L,SLD012,female,60-69,8.0,210,0.2196652719665272,exploratory_unweighted_not_clinical_reference
2021-2023,SLQ_L,SLD012,female,60-69,7.0,139,0.14539748953974896,exploratory_unweighted_not_clinical_reference
2021-2023,SLQ_L,SLD012,female,60-69,9.0,109,0.11401673640167365,exploratory_unweighted_not_clinical_reference
2021-2023,SLQ_L,SLD012,female,60-69,7.5,107,0.11192468619246862,exploratory_unweighted_not_clinical_reference
2021-2023,SLQ_L,SLD012,female,60-69,8.5,83,0.08682008368200837,exploratory_unweighted_not_clinical_reference
2021-2023,SLQ_L,SLD012,female,60-69,6.0,70,0.07322175732217573,exploratory_unweighted_not_clinical_reference
2021-2023,SLQ_L,SLD012,female,60-69,10.0,54,0.056485355648535567,exploratory_unweighted_not_clinical_reference
2021-2023,SLQ_L,SLD012,female,60-69,6.5,40,0.04184100418410042,exploratory_unweighted_not_clinical_reference
2021-2023,SLQ_L,SLD012,female,60-69,9.5,27,0.028242677824267783,exploratory_unweighted_not_clinical_reference
2021-2023,SLQ_L,SLD012,female,60-69,5.0,25,0.02615062761506276,exploratory_unweighted_not_clinical_reference
2021-2023,SLQ_L,SLD012,female,60-69,5.5,21,0.021966527196652718,exploratory_unweighted_not_clinical_reference
2021-2023,SLQ_L,SLD012,female,60-69,4.0,15,0.015690376569037656,exploratory_unweighted_not_clinical_reference
2021-2023,SLQ_L,SLD012,female,60-69,11.0,12,0.012552301255230125,exploratory_unweighted_not_clinical_reference
2021-2023,SLQ_L,SLD012,female,60-69,10.5,11,0.011506276150627616,exploratory_unweighted_not_clinical_reference
2021-2023,SLQ_L,SLD012,female,60-69,3.0,5,0.005230125523012552,exploratory_unweighted_not_clinical_reference
2021-2023,SLQ_L,SLD012,female,60-69,12.0,5,0.005230125523012552,exploratory_unweighted_not_clinical_reference
2021-2023,SLQ_L,SLD012,female,60-69,2.0,5,0.005230125523012552,exploratory_unweighted_not_clinical_reference
2021-2023,SLQ_L,SLD012,female,60-69,13.0,4,0.0041841004184100415,exploratory_unweighted_not_clinical_reference
2021-2023,SLQ_L,SLD012,female,60-69,3.5,3,0.0031380753138075313,exploratory_unweighted_not_clinical_reference
2021-2023,SLQ_L,SLD012,female,60-69,14.0,3,0.0031380753138075313,exploratory_unweighted_not_clinical_reference
2021-2023,SLQ_L,SLD012,female,60-69,4.5,3,0.0031380753138075313,exploratory_unweighted_not_clinical_reference
2021-2023,SLQ_L,SLD012,female,60-69,11.5,2,0.0020920502092050207,exploratory_unweighted_not_clinical_reference
2021-2023,SLQ_L,SLD012,female,60-69,12.5,2,0.0020920502092050207,exploratory_unweighted_not_clinical_reference
2021-2023,SLQ_L,SLD012,female,60-69,13.5,1,0.0010460251046025104,exploratory_unweighted_not_clinical_reference
2021-2023,SLQ_L,SLD012,female,70-79,8.0,138,0.21428571428571427,exploratory_unweighted_not_clinical_reference
2021-2023,SLQ_L,SLD012,female,70-79,9.0,111,0.17236024844720496,exploratory_unweighted_not_clinical_reference
2021-2023,SLQ_L,SLD012,female,70-79,7.5,61,0.09472049689440994,exploratory_unweighted_not_clinical_reference
2021-2023,SLQ_L,SLD012,female,70-79,7.0,59,0.09161490683229814,exploratory_unweighted_not_clinical_reference
2021-2023,SLQ_L,SLD012,female,70-79,8.5,57,0.08850931677018634,exploratory_unweighted_not_clinical_reference
2021-2023,SLQ_L,SLD012,female,70-79,10.0,48,0.07453416149068323,exploratory_unweighted_not_clinical_reference
2021-2023,SLQ_L,SLD012,female,70-79,6.0,32,0.049689440993788817,exploratory_unweighted_not_clinical_reference
2021-2023,SLQ_L,SLD012,female,70-79,6.5,28,0.043478260869565216,exploratory_unweighted_not_clinical_reference
2021-2023,SLQ_L,SLD012,female,70-79,9.5,28,0.043478260869565216,exploratory_unweighted_not_clinical_reference
2021-2023,SLQ_L,SLD012,female,70-79,5.0,21,0.03260869565217391,exploratory_unweighted_not_clinical_reference
2021-2023,SLQ_L,SLD012,female,70-79,11.0,16,0.024844720496894408,exploratory_unweighted_not_clinical_reference
2021-2023,SLQ_L,SLD012,female,70-79,5.5,15,0.023291925465838508,exploratory_unweighted_not_clinical_reference
2021-2023,SLQ_L,SLD012,female,70-79,10.5,7,0.010869565217391304,exploratory_unweighted_not_clinical_reference
2021-2023,SLQ_L,SLD012,female,70-79,4.5,5,0.007763975155279503,exploratory_unweighted_not_clinical_reference
2021-2023,SLQ_L,SLD012,female,70-79,4.0,4,0.006211180124223602,exploratory_unweighted_not_clinical_reference
2021-2023,SLQ_L,SLD012,female,70-79,2.0,3,0.004658385093167702,exploratory_unweighted_not_clinical_reference
2021-2023,SLQ_L,SLD012,female,70-79,3.5,3,0.004658385093167702,exploratory_unweighted_not_clinical_reference
2021-2023,SLQ_L,SLD012,female,70-79,3.0,2,0.003105590062111801,exploratory_unweighted_not_clinical_reference
2021-2023,SLQ_L,SLD012,female,70-79,13.0,2,0.003105590062111801,exploratory_unweighted_not_clinical_reference
2021-2023,SLQ_L,SLD012,female,70-79,14.0,2,0.003105590062111801,exploratory_unweighted_not_clinical_reference
2021-2023,SLQ_L,SLD012,female,70-79,12.0,1,0.0015527950310559005,exploratory_unweighted_not_clinical_reference
2021-2023,SLQ_L,SLD012,female,70-79,11.5,1,0.0015527950310559005,exploratory_unweighted_not_clinical_reference
2021-2023,SLQ_L,SLD012,female,80+,8.0,60,0.20833333333333334,exploratory_unweighted_not_clinical_reference
2021-2023,SLQ_L,SLD012,female,80+,9.0,41,0.1423611111111111,exploratory_unweighted_not_clinical_reference
2021-2023,SLQ_L,SLD012,female,80+,7.0,28,0.09722222222222222,exploratory_unweighted_not_clinical_reference
2021-2023,SLQ_L,SLD012,female,80+,8.5,28,0.09722222222222222,exploratory_unweighted_not_clinical_reference
2021-2023,SLQ_L,SLD012,female,80+,7.5,26,0.09027777777777778,exploratory_unweighted_not_clinical_reference
2021-2023,SLQ_L,SLD012,female,80+,10.0,24,0.08333333333333333,exploratory_unweighted_not_clinical_reference
2021-2023,SLQ_L,SLD012,female,80+,11.0,19,0.06597222222222222,exploratory_unweighted_not_clinical_reference
2021-2023,SLQ_L,SLD012,female,80+,9.5,9,0.03125,exploratory_unweighted_not_clinical_reference
2021-2023,SLQ_L,SLD012,female,80+,10.5,7,0.024305555555555556,exploratory_unweighted_not_clinical_reference
2021-2023,SLQ_L,SLD012,female,80+,6.0,6,0.020833333333333332,exploratory_unweighted_not_clinical_reference
2021-2023,SLQ_L,SLD012,female,80+,12.0,5,0.017361111111111112,exploratory_unweighted_not_clinical_reference
2021-2023,SLQ_L,SLD012,female,80+,4.0,5,0.017361111111111112,exploratory_unweighted_not_clinical_reference
2021-2023,SLQ_L,SLD012,female,80+,14.0,5,0.017361111111111112,exploratory_unweighted_not_clinical_reference
2021-2023,SLQ_L,SLD012,female,80+,6.5,5,0.017361111111111112,exploratory_unweighted_not_clinical_reference
2021-2023,SLQ_L,SLD012,female,80+,5.5,4,0.013888888888888888,exploratory_unweighted_not_clinical_reference
2021-2023,SLQ_L,SLD012,female,80+,4.5,4,0.013888888888888888,exploratory_unweighted_not_clinical_reference
2021-2023,SLQ_L,SLD012,female,80+,11.5,4,0.013888888888888888,exploratory_unweighted_not_clinical_reference
2021-2023,SLQ_L,SLD012,female,80+,5.0,4,0.013888888888888888,exploratory_unweighted_not_clinical_reference
2021-2023,SLQ_L,SLD012,female,80+,12.5,1,0.003472222222222222,exploratory_unweighted_not_clinical_reference
2021-2023,SLQ_L,SLD012,female,80+,13.0,1,0.003472222222222222,exploratory_unweighted_not_clinical_reference
2021-2023,SLQ_L,SLD012,female,80+,3.5,1,0.003472222222222222,exploratory_unweighted_not_clinical_reference
2021-2023,SLQ_L,SLD012,female,80+,3.0,1,0.003472222222222222,exploratory_unweighted_not_clinical_reference
2021-2023,SLQ_L,SLD012,male,12-17,8.0,37,0.21511627906976744,exploratory_unweighted_not_clinical_reference
2021-2023,SLQ_L,SLD012,male,12-17,9.0,26,0.1511627906976744,exploratory_unweighted_not_clinical_reference
2021-2023,SLQ_L,SLD012,male,12-17,8.5,23,0.13372093023255813,exploratory_unweighted_not_clinical_reference
2021-2023,SLQ_L,SLD012,male,12-17,7.5,20,0.11627906976744186,exploratory_unweighted_not_clinical_reference
2021-2023,SLQ_L,SLD012,male,12-17,7.0,19,0.11046511627906977,exploratory_unweighted_not_clinical_reference
2021-2023,SLQ_L,SLD012,male,12-17,6.0,10,0.05813953488372093,exploratory_unweighted_not_clinical_reference
2021-2023,SLQ_L,SLD012,male,12-17,10.0,7,0.040697674418604654,exploratory_unweighted_not_clinical_reference
2021-2023,SLQ_L,SLD012,male,12-17,6.5,6,0.03488372093023256,exploratory_unweighted_not_clinical_reference
2021-2023,SLQ_L,SLD012,male,12-17,9.5,6,0.03488372093023256,exploratory_unweighted_not_clinical_reference
2021-2023,SLQ_L,SLD012,male,12-17,11.0,5,0.029069767441860465,exploratory_unweighted_not_clinical_reference
2021-2023,SLQ_L,SLD012,male,12-17,13.0,3,0.01744186046511628,exploratory_unweighted_not_clinical_reference
2021-2023,SLQ_L,SLD012,male,12-17,5.0,2,0.011627906976744186,exploratory_unweighted_not_clinical_reference
2021-2023,SLQ_L,SLD012,male,12-17,12.0,2,0.011627906976744186,exploratory_unweighted_not_clinical_reference
2021-2023,SLQ_L,SLD012,male,12-17,3.0,2,0.011627906976744186,exploratory_unweighted_not_clinical_reference
2021-2023,SLQ_L,SLD012,male,12-17,10.5,2,0.011627906976744186,exploratory_unweighted_not_clinical_reference
2021-2023,SLQ_L,SLD012,male,12-17,5.5,1,0.005813953488372093,exploratory_unweighted_not_clinical_reference
2021-2023,SLQ_L,SLD012,male,12-17,4.5,1,0.005813953488372093,exploratory_unweighted_not_clinical_reference
2021-2023,SLQ_L,SLD012,male,18-29,8.0,130,0.2268760907504363,exploratory_unweighted_not_clinical_reference
2021-2023,SLQ_L,SLD012,male,18-29,7.0,90,0.15706806282722513,exploratory_unweighted_not_clinical_reference
2021-2023,SLQ_L,SLD012,male,18-29,9.0,79,0.13787085514834205,exploratory_unweighted_not_clinical_reference
2021-2023,SLQ_L,SLD012,male,18-29,8.5,47,0.08202443280977312,exploratory_unweighted_not_clinical_reference
2021-2023,SLQ_L,SLD012,male,18-29,6.0,44,0.07678883071553229,exploratory_unweighted_not_clinical_reference
2021-2023,SLQ_L,SLD012,male,18-29,7.5,43,0.07504363001745201,exploratory_unweighted_not_clinical_reference
2021-2023,SLQ_L,SLD012,male,18-29,10.0,33,0.05759162303664921,exploratory_unweighted_not_clinical_reference
2021-2023,SLQ_L,SLD012,male,18-29,6.5,26,0.04537521815008726,exploratory_unweighted_not_clinical_reference
2021-2023,SLQ_L,SLD012,male,18-29,5.0,19,0.03315881326352531,exploratory_unweighted_not_clinical_reference
2021-2023,SLQ_L,SLD012,male,18-29,9.5,13,0.02268760907504363,exploratory_unweighted_not_clinical_reference
2021-2023,SLQ_L,SLD012,male,18-29,11.0,9,0.015706806282722512,exploratory_unweighted_not_clinical_reference
2021-2023,SLQ_L,SLD012,male,18-29,5.5,8,0.013961605584642234,exploratory_unweighted_not_clinical_reference
2021-2023,SLQ_L,SLD012,male,18-29,10.5,7,0.012216404886561954,exploratory_unweighted_not_clinical_reference
2021-2023,SLQ_L,SLD012,male,18-29,4.0,6,0.010471204188481676,exploratory_unweighted_not_clinical_reference
2021-2023,SLQ_L,SLD012,male,18-29,12.0,5,0.008726003490401396,exploratory_unweighted_not_clinical_reference
2021-2023,SLQ_L,SLD012,male,18-29,11.5,4,0.006980802792321117,exploratory_unweighted_not_clinical_reference
2021-2023,SLQ_L,SLD012,male,18-29,14.0,3,0.005235602094240838,exploratory_unweighted_not_clinical_reference
2021-2023,SLQ_L,SLD012,male,18-29,4.5,3,0.005235602094240838,exploratory_unweighted_not_clinical_reference
2021-2023,SLQ_L,SLD012,male,18-29,3.0,2,0.0034904013961605585,exploratory_unweighted_not_clinical_reference
2021-2023,SLQ_L,SLD012,male,18-29,2.0,1,0.0017452006980802793,exploratory_unweighted_not_clinical_reference
2021-2023,SLQ_L,SLD012,male,18-29,13.0,1,0.0017452006980802793,exploratory_unweighted_not_clinical_reference
2021-2023,SLQ_L,SLD012,male,30-39,8.0,106,0.2145748987854251,exploratory_unweighted_not_clinical_reference
2021-2023,SLQ_L,SLD012,male,30-39,7.0,93,0.1882591093117409,exploratory_unweighted_not_clinical_reference
2021-2023,SLQ_L,SLD012,male,30-39,7.5,50,0.10121457489878542,exploratory_unweighted_not_clinical_reference
2021-2023,SLQ_L,SLD012,male,30-39,9.0,43,0.08704453441295547,exploratory_unweighted_not_clinical_reference
2021-2023,SLQ_L,SLD012,male,30-39,6.0,42,0.08502024291497975,exploratory_unweighted_not_clinical_reference
2021-2023,SLQ_L,SLD012,male,30-39,8.5,34,0.06882591093117409,exploratory_unweighted_not_clinical_reference
2021-2023,SLQ_L,SLD012,male,30-39,6.5,31,0.06275303643724696,exploratory_unweighted_not_clinical_reference
2021-2023,SLQ_L,SLD012,male,30-39,10.0,18,0.03643724696356275,exploratory_unweighted_not_clinical_reference
2021-2023,SLQ_L,SLD012,male,30-39,5.0,16,0.032388663967611336,exploratory_unweighted_not_clinical_reference
2021-2023,SLQ_L,SLD012,male,30-39,5.5,11,0.022267206477732792,exploratory_unweighted_not_clinical_reference
2021-2023,SLQ_L,SLD012,male,30-39,9.5,9,0.018218623481781375,exploratory_unweighted_not_clinical_reference
2021-2023,SLQ_L,SLD012,male,30-39,4.0,9,0.018218623481781375,exploratory_unweighted_not_clinical_reference
2021-2023,SLQ_L,SLD012,male,30-39,11.0,8,0.016194331983805668,exploratory_unweighted_not_clinical_reference
2021-2023,SLQ_L,SLD012,male,30-39,4.5,6,0.012145748987854251,exploratory_unweighted_not_clinical_reference
2021-2023,SLQ_L,SLD012,male,30-39,14.0,5,0.010121457489878543,exploratory_unweighted_not_clinical_reference
2021-2023,SLQ_L,SLD012,male,30-39,3.0,3,0.006072874493927126,exploratory_unweighted_not_clinical_reference
2021-2023,SLQ_L,SLD012,male,30-39,3.5,3,0.006072874493927126,exploratory_unweighted_not_clinical_reference
2021-2023,SLQ_L,SLD012,male,30-39,13.0,2,0.004048582995951417,exploratory_unweighted_not_clinical_reference
2021-2023,SLQ_L,SLD012,male,30-39,12.0,2,0.004048582995951417,exploratory_unweighted_not_clinical_reference
2021-2023,SLQ_L,SLD012,male,30-39,2.0,1,0.0020242914979757085,exploratory_unweighted_not_clinical_reference
2021-2023,SLQ_L,SLD012,male,30-39,10.5,1,0.0020242914979757085,exploratory_unweighted_not_clinical_reference
2021-2023,SLQ_L,SLD012,male,30-39,11.5,1,0.0020242914979757085,exploratory_unweighted_not_clinical_reference
2021-2023,SLQ_L,SLD012,male,40-49,8.0,92,0.20309050772626933,exploratory_unweighted_not_clinical_reference
2021-2023,SLQ_L,SLD012,male,40-49,7.0,73,0.16114790286975716,exploratory_unweighted_not_clinical_reference
2021-2023,SLQ_L,SLD012,male,40-49,7.5,60,0.13245033112582782,exploratory_unweighted_not_clinical_reference
2021-2023,SLQ_L,SLD012,male,40-49,6.5,42,0.09271523178807947,exploratory_unweighted_not_clinical_reference
2021-2023,SLQ_L,SLD012,male,40-49,8.5,40,0.08830022075055188,exploratory_unweighted_not_clinical_reference
2021-2023,SLQ_L,SLD012,male,40-49,9.0,34,0.07505518763796909,exploratory_unweighted_not_clinical_reference
2021-2023,SLQ_L,SLD012,male,40-49,6.0,30,0.06622516556291391,exploratory_unweighted_not_clinical_reference
2021-2023,SLQ_L,SLD012,male,40-49,5.0,21,0.046357615894039736,exploratory_unweighted_not_clinical_reference
2021-2023,SLQ_L,SLD012,male,40-49,5.5,14,0.03090507726269316,exploratory_unweighted_not_clinical_reference
2021-2023,SLQ_L,SLD012,male,40-49,4.0,14,0.03090507726269316,exploratory_unweighted_not_clinical_reference
2021-2023,SLQ_L,SLD012,male,40-49,9.5,7,0.01545253863134658,exploratory_unweighted_not_clinical_reference
2021-2023,SLQ_L,SLD012,male,40-49,10.0,6,0.013245033112582781,exploratory_unweighted_not_clinical_reference
2021-2023,SLQ_L,SLD012,male,40-49,11.0,4,0.008830022075055188,exploratory_unweighted_not_clinical_reference
2021-2023,SLQ_L,SLD012,male,40-49,3.0,3,0.006622516556291391,exploratory_unweighted_not_clinical_reference
2021-2023,SLQ_L,SLD012,male,40-49,4.5,3,0.006622516556291391,exploratory_unweighted_not_clinical_reference
2021-2023,SLQ_L,SLD012,male,40-49,14.0,3,0.006622516556291391,exploratory_unweighted_not_clinical_reference
2021-2023,SLQ_L,SLD012,male,40-49,2.0,2,0.004415011037527594,exploratory_unweighted_not_clinical_reference
2021-2023,SLQ_L,SLD012,male,40-49,3.5,2,0.004415011037527594,exploratory_unweighted_not_clinical_reference
2021-2023,SLQ_L,SLD012,male,40-49,12.0,2,0.004415011037527594,exploratory_unweighted_not_clinical_reference
2021-2023,SLQ_L,SLD012,male,40-49,10.5,1,0.002207505518763797,exploratory_unweighted_not_clinical_reference
2021-2023,SLQ_L,SLD012,male,50-59,8.0,110,0.21153846153846154,exploratory_unweighted_not_clinical_reference
2021-2023,SLQ_L,SLD012,male,50-59,7.0,80,0.15384615384615385,exploratory_unweighted_not_clinical_reference
2021-2023,SLQ_L,SLD012,male,50-59,7.5,68,0.13076923076923078,exploratory_unweighted_not_clinical_reference
2021-2023,SLQ_L,SLD012,male,50-59,6.0,50,0.09615384615384616,exploratory_unweighted_not_clinical_reference
2021-2023,SLQ_L,SLD012,male,50-59,8.5,42,0.08076923076923077,exploratory_unweighted_not_clinical_reference
2021-2023,SLQ_L,SLD012,male,50-59,5.0,34,0.06538461538461539,exploratory_unweighted_not_clinical_reference
2021-2023,SLQ_L,SLD012,male,50-59,6.5,33,0.06346153846153846,exploratory_unweighted_not_clinical_reference
2021-2023,SLQ_L,SLD012,male,50-59,9.0,33,0.06346153846153846,exploratory_unweighted_not_clinical_reference
2021-2023,SLQ_L,SLD012,male,50-59,5.5,14,0.026923076923076925,exploratory_unweighted_not_clinical_reference
2021-2023,SLQ_L,SLD012,male,50-59,9.5,12,0.023076923076923078,exploratory_unweighted_not_clinical_reference
2021-2023,SLQ_L,SLD012,male,50-59,10.0,10,0.019230769230769232,exploratory_unweighted_not_clinical_reference
2021-2023,SLQ_L,SLD012,male,50-59,11.0,8,0.015384615384615385,exploratory_unweighted_not_clinical_reference
2021-2023,SLQ_L,SLD012,male,50-59,4.0,6,0.011538461538461539,exploratory_unweighted_not_clinical_reference
2021-2023,SLQ_L,SLD012,male,50-59,2.0,5,0.009615384615384616,exploratory_unweighted_not_clinical_reference
2021-2023,SLQ_L,SLD012,male,50-59,14.0,4,0.007692307692307693,exploratory_unweighted_not_clinical_reference
2021-2023,SLQ_L,SLD012,male,50-59,12.0,2,0.0038461538461538464,exploratory_unweighted_not_clinical_reference
2021-2023,SLQ_L,SLD012,male,50-59,13.0,2,0.0038461538461538464,exploratory_unweighted_not_clinical_reference
2021-2023,SLQ_L,SLD012,male,50-59,4.5,2,0.0038461538461538464,exploratory_unweighted_not_clinical_reference
2021-2023,SLQ_L,SLD012,male,50-59,11.5,2,0.0038461538461538464,exploratory_unweighted_not_clinical_reference
2021-2023,SLQ_L,SLD012,male,50-59,3.5,1,0.0019230769230769232,exploratory_unweighted_not_clinical_reference
2021-2023,SLQ_L,SLD012,male,50-59,10.5,1,0.0019230769230769232,exploratory_unweighted_not_clinical_reference
2021-2023,SLQ_L,SLD012,male,50-59,3.0,1,0.0019230769230769232,exploratory_unweighted_not_clinical_reference
2021-2023,SLQ_L,SLD012,male,60-69,8.0,152,0.1951219512195122,exploratory_unweighted_not_clinical_reference
2021-2023,SLQ_L,SLD012,male,60-69,7.0,137,0.17586649550706032,exploratory_unweighted_not_clinical_reference
2021-2023,SLQ_L,SLD012,male,60-69,7.5,84,0.10783055198973042,exploratory_unweighted_not_clinical_reference
2021-2023,SLQ_L,SLD012,male,60-69,9.0,76,0.0975609756097561,exploratory_unweighted_not_clinical_reference
2021-2023,SLQ_L,SLD012,male,60-69,6.0,72,0.09242618741976893,exploratory_unweighted_not_clinical_reference
2021-2023,SLQ_L,SLD012,male,60-69,8.5,65,0.0834403080872914,exploratory_unweighted_not_clinical_reference
2021-2023,SLQ_L,SLD012,male,60-69,6.5,44,0.05648267008985879,exploratory_unweighted_not_clinical_reference
2021-2023,SLQ_L,SLD012,male,60-69,10.0,33,0.04236200256739409,exploratory_unweighted_not_clinical_reference
2021-2023,SLQ_L,SLD012,male,60-69,9.5,25,0.03209242618741977,exploratory_unweighted_not_clinical_reference
2021-2023,SLQ_L,SLD012,male,60-69,5.0,24,0.03080872913992298,exploratory_unweighted_not_clinical_reference
2021-2023,SLQ_L,SLD012,male,60-69,5.5,15,0.019255455712451863,exploratory_unweighted_not_clinical_reference
2021-2023,SLQ_L,SLD012,male,60-69,4.0,14,0.01797175866495507,exploratory_unweighted_not_clinical_reference
2021-2023,SLQ_L,SLD012,male,60-69,11.0,8,0.010269576379974325,exploratory_unweighted_not_clinical_reference
2021-2023,SLQ_L,SLD012,male,60-69,2.0,5,0.006418485237483954,exploratory_unweighted_not_clinical_reference
2021-2023,SLQ_L,SLD012,male,60-69,3.0,4,0.005134788189987163,exploratory_unweighted_not_clinical_reference
2021-2023,SLQ_L,SLD012,male,60-69,3.5,4,0.005134788189987163,exploratory_unweighted_not_clinical_reference
2021-2023,SLQ_L,SLD012,male,60-69,4.5,4,0.005134788189987163,exploratory_unweighted_not_clinical_reference
2021-2023,SLQ_L,SLD012,male,60-69,10.5,3,0.0038510911424903724,exploratory_unweighted_not_clinical_reference
2021-2023,SLQ_L,SLD012,male,60-69,14.0,3,0.0038510911424903724,exploratory_unweighted_not_clinical_reference
2021-2023,SLQ_L,SLD012,male,60-69,12.0,3,0.0038510911424903724,exploratory_unweighted_not_clinical_reference
2021-2023,SLQ_L,SLD012,male,60-69,12.5,2,0.0025673940949935813,exploratory_unweighted_not_clinical_reference
2021-2023,SLQ_L,SLD012,male,60-69,13.5,1,0.0012836970474967907,exploratory_unweighted_not_clinical_reference
2021-2023,SLQ_L,SLD012,male,60-69,13.0,1,0.0012836970474967907,exploratory_unweighted_not_clinical_reference
2021-2023,SLQ_L,SLD012,male,70-79,8.0,112,0.20326678765880218,exploratory_unweighted_not_clinical_reference
2021-2023,SLQ_L,SLD012,male,70-79,7.0,77,0.1397459165154265,exploratory_unweighted_not_clinical_reference
2021-2023,SLQ_L,SLD012,male,70-79,9.0,70,0.12704174228675136,exploratory_unweighted_not_clinical_reference
2021-2023,SLQ_L,SLD012,male,70-79,7.5,60,0.1088929219600726,exploratory_unweighted_not_clinical_reference
2021-2023,SLQ_L,SLD012,male,70-79,8.5,52,0.09437386569872959,exploratory_unweighted_not_clinical_reference
2021-2023,SLQ_L,SLD012,male,70-79,6.0,40,0.07259528130671507,exploratory_unweighted_not_clinical_reference
2021-2023,SLQ_L,SLD012,male,70-79,10.0,26,0.047186932849364795,exploratory_unweighted_not_clinical_reference
2021-2023,SLQ_L,SLD012,male,70-79,6.5,26,0.047186932849364795,exploratory_unweighted_not_clinical_reference
2021-2023,SLQ_L,SLD012,male,70-79,5.0,17,0.030852994555353903,exploratory_unweighted_not_clinical_reference
2021-2023,SLQ_L,SLD012,male,70-79,9.5,14,0.025408348457350273,exploratory_unweighted_not_clinical_reference
2021-2023,SLQ_L,SLD012,male,70-79,11.0,10,0.018148820326678767,exploratory_unweighted_not_clinical_reference
2021-2023,SLQ_L,SLD012,male,70-79,4.0,9,0.016333938294010888,exploratory_unweighted_not_clinical_reference
2021-2023,SLQ_L,SLD012,male,70-79,5.5,9,0.016333938294010888,exploratory_unweighted_not_clinical_reference
2021-2023,SLQ_L,SLD012,male,70-79,10.5,7,0.012704174228675136,exploratory_unweighted_not_clinical_reference
2021-2023,SLQ_L,SLD012,male,70-79,12.0,6,0.010889292196007259,exploratory_unweighted_not_clinical_reference
2021-2023,SLQ_L,SLD012,male,70-79,3.0,5,0.009074410163339383,exploratory_unweighted_not_clinical_reference
2021-2023,SLQ_L,SLD012,male,70-79,4.5,5,0.009074410163339383,exploratory_unweighted_not_clinical_reference
2021-2023,SLQ_L,SLD012,male,70-79,13.0,3,0.0054446460980036296,exploratory_unweighted_not_clinical_reference
2021-2023,SLQ_L,SLD012,male,70-79,14.0,1,0.0018148820326678765,exploratory_unweighted_not_clinical_reference
2021-2023,SLQ_L,SLD012,male,70-79,11.5,1,0.0018148820326678765,exploratory_unweighted_not_clinical_reference
2021-2023,SLQ_L,SLD012,male,70-79,2.0,1,0.0018148820326678765,exploratory_unweighted_not_clinical_reference
2021-2023,SLQ_L,SLD012,male,80+,9.0,46,0.2062780269058296,exploratory_unweighted_not_clinical_reference
2021-2023,SLQ_L,SLD012,male,80+,8.0,41,0.18385650224215247,exploratory_unweighted_not_clinical_reference
2021-2023,SLQ_L,SLD012,male,80+,7.0,26,0.11659192825112108,exploratory_unweighted_not_clinical_reference
2021-2023,SLQ_L,SLD012,male,80+,8.5,20,0.08968609865470852,exploratory_unweighted_not_clinical_reference
2021-2023,SLQ_L,SLD012,male,80+,10.0,20,0.08968609865470852,exploratory_unweighted_not_clinical_reference
2021-2023,SLQ_L,SLD012,male,80+,7.5,17,0.07623318385650224,exploratory_unweighted_not_clinical_reference
2021-2023,SLQ_L,SLD012,male,80+,11.0,9,0.04035874439461883,exploratory_unweighted_not_clinical_reference
2021-2023,SLQ_L,SLD012,male,80+,9.5,7,0.03139013452914798,exploratory_unweighted_not_clinical_reference
2021-2023,SLQ_L,SLD012,male,80+,6.5,6,0.026905829596412557,exploratory_unweighted_not_clinical_reference
2021-2023,SLQ_L,SLD012,male,80+,5.0,5,0.02242152466367713,exploratory_unweighted_not_clinical_reference
2021-2023,SLQ_L,SLD012,male,80+,6.0,4,0.017937219730941704,exploratory_unweighted_not_clinical_reference
2021-2023,SLQ_L,SLD012,male,80+,14.0,3,0.013452914798206279,exploratory_unweighted_not_clinical_reference
2021-2023,SLQ_L,SLD012,male,80+,10.5,3,0.013452914798206279,exploratory_unweighted_not_clinical_reference
2021-2023,SLQ_L,SLD012,male,80+,11.5,3,0.013452914798206279,exploratory_unweighted_not_clinical_reference
2021-2023,SLQ_L,SLD012,male,80+,4.0,3,0.013452914798206279,exploratory_unweighted_not_clinical_reference
2021-2023,SLQ_L,SLD012,male,80+,4.5,2,0.008968609865470852,exploratory_unweighted_not_clinical_reference
2021-2023,SLQ_L,SLD012,male,80+,13.0,2,0.008968609865470852,exploratory_unweighted_not_clinical_reference
2021-2023,SLQ_L,SLD012,male,80+,12.5,2,0.008968609865470852,exploratory_unweighted_not_clinical_reference
2021-2023,SLQ_L,SLD012,male,80+,12.0,2,0.008968609865470852,exploratory_unweighted_not_clinical_reference
2021-2023,SLQ_L,SLD012,male,80+,2.0,1,0.004484304932735426,exploratory_unweighted_not_clinical_reference
2021-2023,SLQ_L,SLD012,male,80+,5.5,1,0.004484304932735426,exploratory_unweighted_not_clinical_reference
2021-2023,SLQ_L,SLD013,female,12-17,9.0,44,0.25,exploratory_unweighted_not_clinical_reference
2021-2023,SLQ_L,SLD013,female,12-17,10.0,39,0.2215909090909091,exploratory_unweighted_not_clinical_reference
2021-2023,SLQ_L,SLD013,female,12-17,11.0,24,0.13636363636363635,exploratory_unweighted_not_clinical_reference
2021-2023,SLQ_L,SLD013,female,12-17,8.0,21,0.11931818181818182,exploratory_unweighted_not_clinical_reference
2021-2023,SLQ_L,SLD013,female,12-17,9.5,12,0.06818181818181818,exploratory_unweighted_not_clinical_reference
2021-2023,SLQ_L,SLD013,female,12-17,10.5,7,0.03977272727272727,exploratory_unweighted_not_clinical_reference
2021-2023,SLQ_L,SLD013,female,12-17,14.0,5,0.028409090909090908,exploratory_unweighted_not_clinical_reference
2021-2023,SLQ_L,SLD013,female,12-17,8.5,5,0.028409090909090908,exploratory_unweighted_not_clinical_reference
2021-2023,SLQ_L,SLD013,female,12-17,12.0,4,0.022727272727272728,exploratory_unweighted_not_clinical_reference
2021-2023,SLQ_L,SLD013,female,12-17,7.0,4,0.022727272727272728,exploratory_unweighted_not_clinical_reference
2021-2023,SLQ_L,SLD013,female,12-17,13.0,3,0.017045454545454544,exploratory_unweighted_not_clinical_reference
2021-2023,SLQ_L,SLD013,female,12-17,6.0,2,0.011363636363636364,exploratory_unweighted_not_clinical_reference
2021-2023,SLQ_L,SLD013,female,12-17,5.0,2,0.011363636363636364,exploratory_unweighted_not_clinical_reference
2021-2023,SLQ_L,SLD013,female,12-17,7.5,2,0.011363636363636364,exploratory_unweighted_not_clinical_reference
2021-2023,SLQ_L,SLD013,female,12-17,12.5,1,0.005681818181818182,exploratory_unweighted_not_clinical_reference
2021-2023,SLQ_L,SLD013,female,12-17,11.5,1,0.005681818181818182,exploratory_unweighted_not_clinical_reference
2021-2023,SLQ_L,SLD013,female,18-29,9.0,147,0.21940298507462686,exploratory_unweighted_not_clinical_reference
2021-2023,SLQ_L,SLD013,female,18-29,8.0,113,0.16865671641791044,exploratory_unweighted_not_clinical_reference
2021-2023,SLQ_L,SLD013,female,18-29,10.0,100,0.14925373134328357,exploratory_unweighted_not_clinical_reference
2021-2023,SLQ_L,SLD013,female,18-29,8.5,69,0.10298507462686567,exploratory_unweighted_not_clinical_reference
2021-2023,SLQ_L,SLD013,female,18-29,11.0,52,0.07761194029850746,exploratory_unweighted_not_clinical_reference
2021-2023,SLQ_L,SLD013,female,18-29,9.5,38,0.056716417910447764,exploratory_unweighted_not_clinical_reference
2021-2023,SLQ_L,SLD013,female,18-29,7.0,36,0.05373134328358209,exploratory_unweighted_not_clinical_reference
2021-2023,SLQ_L,SLD013,female,18-29,6.0,22,0.03283582089552239,exploratory_unweighted_not_clinical_reference
2021-2023,SLQ_L,SLD013,female,18-29,12.0,22,0.03283582089552239,exploratory_unweighted_not_clinical_reference
2021-2023,SLQ_L,SLD013,female,18-29,7.5,12,0.01791044776119403,exploratory_unweighted_not_clinical_reference
2021-2023,SLQ_L,SLD013,female,18-29,10.5,12,0.01791044776119403,exploratory_unweighted_not_clinical_reference
2021-2023,SLQ_L,SLD013,female,18-29,5.0,12,0.01791044776119403,exploratory_unweighted_not_clinical_reference
2021-2023,SLQ_L,SLD013,female,18-29,6.5,8,0.011940298507462687,exploratory_unweighted_not_clinical_reference
2021-2023,SLQ_L,SLD013,female,18-29,13.0,8,0.011940298507462687,exploratory_unweighted_not_clinical_reference
2021-2023,SLQ_L,SLD013,female,18-29,14.0,7,0.010447761194029851,exploratory_unweighted_not_clinical_reference
2021-2023,SLQ_L,SLD013,female,18-29,4.0,4,0.005970149253731343,exploratory_unweighted_not_clinical_reference
2021-2023,SLQ_L,SLD013,female,18-29,11.5,3,0.004477611940298508,exploratory_unweighted_not_clinical_reference
2021-2023,SLQ_L,SLD013,female,18-29,5.5,2,0.0029850746268656717,exploratory_unweighted_not_clinical_reference
2021-2023,SLQ_L,SLD013,female,18-29,3.5,1,0.0014925373134328358,exploratory_unweighted_not_clinical_reference
2021-2023,SLQ_L,SLD013,female,18-29,13.5,1,0.0014925373134328358,exploratory_unweighted_not_clinical_reference
2021-2023,SLQ_L,SLD013,female,18-29,2.0,1,0.0014925373134328358,exploratory_unweighted_not_clinical_reference
2021-2023,SLQ_L,SLD013,female,30-39,8.0,146,0.21693907875185736,exploratory_unweighted_not_clinical_reference
2021-2023,SLQ_L,SLD013,female,30-39,9.0,127,0.1887072808320951,exploratory_unweighted_not_clinical_reference
2021-2023,SLQ_L,SLD013,female,30-39,10.0,74,0.1099554234769688,exploratory_unweighted_not_clinical_reference
2021-2023,SLQ_L,SLD013,female,30-39,8.5,67,0.09955423476968796,exploratory_unweighted_not_clinical_reference
2021-2023,SLQ_L,SLD013,female,30-39,7.0,60,0.08915304606240713,exploratory_unweighted_not_clinical_reference
2021-2023,SLQ_L,SLD013,female,30-39,7.5,31,0.04606240713224369,exploratory_unweighted_not_clinical_reference
2021-2023,SLQ_L,SLD013,female,30-39,11.0,30,0.04457652303120357,exploratory_unweighted_not_clinical_reference
2021-2023,SLQ_L,SLD013,female,30-39,9.5,29,0.04309063893016345,exploratory_unweighted_not_clinical_reference
2021-2023,SLQ_L,SLD013,female,30-39,6.0,22,0.03268945022288262,exploratory_unweighted_not_clinical_reference
2021-2023,SLQ_L,SLD013,female,30-39,10.5,18,0.02674591381872214,exploratory_unweighted_not_clinical_reference
2021-2023,SLQ_L,SLD013,female,30-39,5.0,16,0.0237741456166419,exploratory_unweighted_not_clinical_reference
2021-2023,SLQ_L,SLD013,female,30-39,12.0,12,0.017830609212481426,exploratory_unweighted_not_clinical_reference
2021-2023,SLQ_L,SLD013,female,30-39,6.5,9,0.01337295690936107,exploratory_unweighted_not_clinical_reference
2021-2023,SLQ_L,SLD013,female,30-39,3.0,7,0.010401188707280832,exploratory_unweighted_not_clinical_reference
2021-2023,SLQ_L,SLD013,female,30-39,11.5,5,0.007429420505200594,exploratory_unweighted_not_clinical_reference
2021-2023,SLQ_L,SLD013,female,30-39,4.0,4,0.005943536404160475,exploratory_unweighted_not_clinical_reference
2021-2023,SLQ_L,SLD013,female,30-39,13.0,3,0.004457652303120356,exploratory_unweighted_not_clinical_reference
2021-2023,SLQ_L,SLD013,female,30-39,2.0,3,0.004457652303120356,exploratory_unweighted_not_clinical_reference
2021-2023,SLQ_L,SLD013,female,30-39,5.5,3,0.004457652303120356,exploratory_unweighted_not_clinical_reference
2021-2023,SLQ_L,SLD013,female,30-39,13.5,2,0.0029717682020802376,exploratory_unweighted_not_clinical_reference
2021-2023,SLQ_L,SLD013,female,30-39,14.0,2,0.0029717682020802376,exploratory_unweighted_not_clinical_reference
2021-2023,SLQ_L,SLD013,female,30-39,12.5,2,0.0029717682020802376,exploratory_unweighted_not_clinical_reference
2021-2023,SLQ_L,SLD013,female,30-39,3.5,1,0.0014858841010401188,exploratory_unweighted_not_clinical_reference
2021-2023,SLQ_L,SLD013,female,40-49,8.0,119,0.2073170731707317,exploratory_unweighted_not_clinical_reference
2021-2023,SLQ_L,SLD013,female,40-49,9.0,112,0.1951219512195122,exploratory_unweighted_not_clinical_reference
2021-2023,SLQ_L,SLD013,female,40-49,8.5,60,0.10452961672473868,exploratory_unweighted_not_clinical_reference
2021-2023,SLQ_L,SLD013,female,40-49,10.0,57,0.09930313588850175,exploratory_unweighted_not_clinical_reference
2021-2023,SLQ_L,SLD013,female,40-49,7.0,48,0.08362369337979095,exploratory_unweighted_not_clinical_reference
2021-2023,SLQ_L,SLD013,female,40-49,7.5,39,0.06794425087108014,exploratory_unweighted_not_clinical_reference
2021-2023,SLQ_L,SLD013,female,40-49,11.0,30,0.05226480836236934,exploratory_unweighted_not_clinical_reference
2021-2023,SLQ_L,SLD013,female,40-49,9.5,27,0.047038327526132406,exploratory_unweighted_not_clinical_reference
2021-2023,SLQ_L,SLD013,female,40-49,6.0,18,0.0313588850174216,exploratory_unweighted_not_clinical_reference
2021-2023,SLQ_L,SLD013,female,40-49,5.0,16,0.027874564459930314,exploratory_unweighted_not_clinical_reference
2021-2023,SLQ_L,SLD013,female,40-49,6.5,10,0.017421602787456445,exploratory_unweighted_not_clinical_reference
2021-2023,SLQ_L,SLD013,female,40-49,10.5,8,0.013937282229965157,exploratory_unweighted_not_clinical_reference
2021-2023,SLQ_L,SLD013,female,40-49,12.0,8,0.013937282229965157,exploratory_unweighted_not_clinical_reference
2021-2023,SLQ_L,SLD013,female,40-49,5.5,5,0.008710801393728223,exploratory_unweighted_not_clinical_reference
2021-2023,SLQ_L,SLD013,female,40-49,4.0,4,0.006968641114982578,exploratory_unweighted_not_clinical_reference
2021-2023,SLQ_L,SLD013,female,40-49,14.0,3,0.005226480836236934,exploratory_unweighted_not_clinical_reference
2021-2023,SLQ_L,SLD013,female,40-49,4.5,2,0.003484320557491289,exploratory_unweighted_not_clinical_reference
2021-2023,SLQ_L,SLD013,female,40-49,11.5,2,0.003484320557491289,exploratory_unweighted_not_clinical_reference
2021-2023,SLQ_L,SLD013,female,40-49,3.0,2,0.003484320557491289,exploratory_unweighted_not_clinical_reference
2021-2023,SLQ_L,SLD013,female,40-49,12.5,2,0.003484320557491289,exploratory_unweighted_not_clinical_reference
2021-2023,SLQ_L,SLD013,female,40-49,2.0,1,0.0017421602787456446,exploratory_unweighted_not_clinical_reference
2021-2023,SLQ_L,SLD013,female,40-49,13.0,1,0.0017421602787456446,exploratory_unweighted_not_clinical_reference
2021-2023,SLQ_L,SLD013,female,50-59,9.0,121,0.18788819875776397,exploratory_unweighted_not_clinical_reference
2021-2023,SLQ_L,SLD013,female,50-59,8.0,121,0.18788819875776397,exploratory_unweighted_not_clinical_reference
2021-2023,SLQ_L,SLD013,female,50-59,7.0,65,0.10093167701863354,exploratory_unweighted_not_clinical_reference
2021-2023,SLQ_L,SLD013,female,50-59,8.5,59,0.09161490683229814,exploratory_unweighted_not_clinical_reference
2021-2023,SLQ_L,SLD013,female,50-59,10.0,58,0.09006211180124224,exploratory_unweighted_not_clinical_reference
2021-2023,SLQ_L,SLD013,female,50-59,7.5,46,0.07142857142857142,exploratory_unweighted_not_clinical_reference
2021-2023,SLQ_L,SLD013,female,50-59,6.0,32,0.049689440993788817,exploratory_unweighted_not_clinical_reference
2021-2023,SLQ_L,SLD013,female,50-59,9.5,27,0.04192546583850932,exploratory_unweighted_not_clinical_reference
2021-2023,SLQ_L,SLD013,female,50-59,11.0,21,0.03260869565217391,exploratory_unweighted_not_clinical_reference
2021-2023,SLQ_L,SLD013,female,50-59,6.5,20,0.031055900621118012,exploratory_unweighted_not_clinical_reference
2021-2023,SLQ_L,SLD013,female,50-59,12.0,14,0.021739130434782608,exploratory_unweighted_not_clinical_reference
2021-2023,SLQ_L,SLD013,female,50-59,5.0,13,0.020186335403726708,exploratory_unweighted_not_clinical_reference
2021-2023,SLQ_L,SLD013,female,50-59,4.0,10,0.015527950310559006,exploratory_unweighted_not_clinical_reference
2021-2023,SLQ_L,SLD013,female,50-59,10.5,7,0.010869565217391304,exploratory_unweighted_not_clinical_reference
2021-2023,SLQ_L,SLD013,female,50-59,11.5,6,0.009316770186335404,exploratory_unweighted_not_clinical_reference
2021-2023,SLQ_L,SLD013,female,50-59,4.5,5,0.007763975155279503,exploratory_unweighted_not_clinical_reference
2021-2023,SLQ_L,SLD013,female,50-59,5.5,4,0.006211180124223602,exploratory_unweighted_not_clinical_reference
2021-2023,SLQ_L,SLD013,female,50-59,13.0,4,0.006211180124223602,exploratory_unweighted_not_clinical_reference
2021-2023,SLQ_L,SLD013,female,50-59,2.0,3,0.004658385093167702,exploratory_unweighted_not_clinical_reference
2021-2023,SLQ_L,SLD013,female,50-59,3.0,3,0.004658385093167702,exploratory_unweighted_not_clinical_reference
2021-2023,SLQ_L,SLD013,female,50-59,3.5,2,0.003105590062111801,exploratory_unweighted_not_clinical_reference
2021-2023,SLQ_L,SLD013,female,50-59,14.0,2,0.003105590062111801,exploratory_unweighted_not_clinical_reference
2021-2023,SLQ_L,SLD013,female,50-59,12.5,1,0.0015527950310559005,exploratory_unweighted_not_clinical_reference
2021-2023,SLQ_L,SLD013,female,60-69,8.0,206,0.2157068062827225,exploratory_unweighted_not_clinical_reference
2021-2023,SLQ_L,SLD013,female,60-69,9.0,158,0.16544502617801046,exploratory_unweighted_not_clinical_reference
2021-2023,SLQ_L,SLD013,female,60-69,7.0,125,0.13089005235602094,exploratory_unweighted_not_clinical_reference
2021-2023,SLQ_L,SLD013,female,60-69,8.5,82,0.08586387434554973,exploratory_unweighted_not_clinical_reference
2021-2023,SLQ_L,SLD013,female,60-69,7.5,77,0.0806282722513089,exploratory_unweighted_not_clinical_reference
2021-2023,SLQ_L,SLD013,female,60-69,10.0,76,0.07958115183246073,exploratory_unweighted_not_clinical_reference
2021-2023,SLQ_L,SLD013,female,60-69,6.0,45,0.04712041884816754,exploratory_unweighted_not_clinical_reference
2021-2023,SLQ_L,SLD013,female,60-69,6.5,29,0.030366492146596858,exploratory_unweighted_not_clinical_reference
2021-2023,SLQ_L,SLD013,female,60-69,9.5,28,0.02931937172774869,exploratory_unweighted_not_clinical_reference
2021-2023,SLQ_L,SLD013,female,60-69,11.0,23,0.024083769633507852,exploratory_unweighted_not_clinical_reference
2021-2023,SLQ_L,SLD013,female,60-69,10.5,20,0.020942408376963352,exploratory_unweighted_not_clinical_reference
2021-2023,SLQ_L,SLD013,female,60-69,5.0,18,0.018848167539267015,exploratory_unweighted_not_clinical_reference
2021-2023,SLQ_L,SLD013,female,60-69,5.5,15,0.015706806282722512,exploratory_unweighted_not_clinical_reference
2021-2023,SLQ_L,SLD013,female,60-69,12.0,14,0.014659685863874346,exploratory_unweighted_not_clinical_reference
2021-2023,SLQ_L,SLD013,female,60-69,4.0,10,0.010471204188481676,exploratory_unweighted_not_clinical_reference
2021-2023,SLQ_L,SLD013,female,60-69,11.5,7,0.007329842931937173,exploratory_unweighted_not_clinical_reference
2021-2023,SLQ_L,SLD013,female,60-69,3.0,5,0.005235602094240838,exploratory_unweighted_not_clinical_reference
2021-2023,SLQ_L,SLD013,female,60-69,13.0,4,0.004188481675392671,exploratory_unweighted_not_clinical_reference
2021-2023,SLQ_L,SLD013,female,60-69,2.0,4,0.004188481675392671,exploratory_unweighted_not_clinical_reference
2021-2023,SLQ_L,SLD013,female,60-69,14.0,3,0.0031413612565445027,exploratory_unweighted_not_clinical_reference
2021-2023,SLQ_L,SLD013,female,60-69,4.5,2,0.0020942408376963353,exploratory_unweighted_not_clinical_reference
2021-2023,SLQ_L,SLD013,female,60-69,3.5,2,0.0020942408376963353,exploratory_unweighted_not_clinical_reference
2021-2023,SLQ_L,SLD013,female,60-69,12.5,2,0.0020942408376963353,exploratory_unweighted_not_clinical_reference
2021-2023,SLQ_L,SLD013,female,70-79,8.0,140,0.21806853582554517,exploratory_unweighted_not_clinical_reference
2021-2023,SLQ_L,SLD013,female,70-79,9.0,111,0.17289719626168223,exploratory_unweighted_not_clinical_reference
2021-2023,SLQ_L,SLD013,female,70-79,7.0,69,0.10747663551401869,exploratory_unweighted_not_clinical_reference
2021-2023,SLQ_L,SLD013,female,70-79,10.0,50,0.0778816199376947,exploratory_unweighted_not_clinical_reference
2021-2023,SLQ_L,SLD013,female,70-79,7.5,49,0.0763239875389408,exploratory_unweighted_not_clinical_reference
2021-2023,SLQ_L,SLD013,female,70-79,8.5,47,0.07320872274143302,exploratory_unweighted_not_clinical_reference
2021-2023,SLQ_L,SLD013,female,70-79,9.5,33,0.0514018691588785,exploratory_unweighted_not_clinical_reference
2021-2023,SLQ_L,SLD013,female,70-79,6.0,29,0.045171339563862926,exploratory_unweighted_not_clinical_reference
2021-2023,SLQ_L,SLD013,female,70-79,11.0,23,0.03582554517133956,exploratory_unweighted_not_clinical_reference
2021-2023,SLQ_L,SLD013,female,70-79,6.5,22,0.03426791277258567,exploratory_unweighted_not_clinical_reference
2021-2023,SLQ_L,SLD013,female,70-79,5.0,18,0.028037383177570093,exploratory_unweighted_not_clinical_reference
2021-2023,SLQ_L,SLD013,female,70-79,5.5,12,0.018691588785046728,exploratory_unweighted_not_clinical_reference
2021-2023,SLQ_L,SLD013,female,70-79,2.0,6,0.009345794392523364,exploratory_unweighted_not_clinical_reference
2021-2023,SLQ_L,SLD013,female,70-79,10.5,6,0.009345794392523364,exploratory_unweighted_not_clinical_reference
2021-2023,SLQ_L,SLD013,female,70-79,11.5,5,0.00778816199376947,exploratory_unweighted_not_clinical_reference
2021-2023,SLQ_L,SLD013,female,70-79,4.5,5,0.00778816199376947,exploratory_unweighted_not_clinical_reference
2021-2023,SLQ_L,SLD013,female,70-79,4.0,4,0.006230529595015576,exploratory_unweighted_not_clinical_reference
2021-2023,SLQ_L,SLD013,female,70-79,13.0,4,0.006230529595015576,exploratory_unweighted_not_clinical_reference
2021-2023,SLQ_L,SLD013,female,70-79,12.0,3,0.004672897196261682,exploratory_unweighted_not_clinical_reference
2021-2023,SLQ_L,SLD013,female,70-79,14.0,3,0.004672897196261682,exploratory_unweighted_not_clinical_reference
2021-2023,SLQ_L,SLD013,female,70-79,3.0,2,0.003115264797507788,exploratory_unweighted_not_clinical_reference
2021-2023,SLQ_L,SLD013,female,70-79,3.5,1,0.001557632398753894,exploratory_unweighted_not_clinical_reference
2021-2023,SLQ_L,SLD013,female,80+,8.0,54,0.1875,exploratory_unweighted_not_clinical_reference
2021-2023,SLQ_L,SLD013,female,80+,9.0,41,0.1423611111111111,exploratory_unweighted_not_clinical_reference
2021-2023,SLQ_L,SLD013,female,80+,7.0,33,0.11458333333333333,exploratory_unweighted_not_clinical_reference
2021-2023,SLQ_L,SLD013,female,80+,10.0,26,0.09027777777777778,exploratory_unweighted_not_clinical_reference
2021-2023,SLQ_L,SLD013,female,80+,8.5,25,0.08680555555555555,exploratory_unweighted_not_clinical_reference
2021-2023,SLQ_L,SLD013,female,80+,7.5,24,0.08333333333333333,exploratory_unweighted_not_clinical_reference
2021-2023,SLQ_L,SLD013,female,80+,11.0,17,0.059027777777777776,exploratory_unweighted_not_clinical_reference
2021-2023,SLQ_L,SLD013,female,80+,9.5,14,0.04861111111111111,exploratory_unweighted_not_clinical_reference
2021-2023,SLQ_L,SLD013,female,80+,6.0,10,0.034722222222222224,exploratory_unweighted_not_clinical_reference
2021-2023,SLQ_L,SLD013,female,80+,10.5,8,0.027777777777777776,exploratory_unweighted_not_clinical_reference
2021-2023,SLQ_L,SLD013,female,80+,12.0,6,0.020833333333333332,exploratory_unweighted_not_clinical_reference
2021-2023,SLQ_L,SLD013,female,80+,11.5,5,0.017361111111111112,exploratory_unweighted_not_clinical_reference
2021-2023,SLQ_L,SLD013,female,80+,4.0,5,0.017361111111111112,exploratory_unweighted_not_clinical_reference
2021-2023,SLQ_L,SLD013,female,80+,5.5,4,0.013888888888888888,exploratory_unweighted_not_clinical_reference
2021-2023,SLQ_L,SLD013,female,80+,5.0,4,0.013888888888888888,exploratory_unweighted_not_clinical_reference
2021-2023,SLQ_L,SLD013,female,80+,14.0,3,0.010416666666666666,exploratory_unweighted_not_clinical_reference
2021-2023,SLQ_L,SLD013,female,80+,6.5,3,0.010416666666666666,exploratory_unweighted_not_clinical_reference
2021-2023,SLQ_L,SLD013,female,80+,12.5,1,0.003472222222222222,exploratory_unweighted_not_clinical_reference
2021-2023,SLQ_L,SLD013,female,80+,13.0,1,0.003472222222222222,exploratory_unweighted_not_clinical_reference
2021-2023,SLQ_L,SLD013,female,80+,13.5,1,0.003472222222222222,exploratory_unweighted_not_clinical_reference
2021-2023,SLQ_L,SLD013,female,80+,4.5,1,0.003472222222222222,exploratory_unweighted_not_clinical_reference
2021-2023,SLQ_L,SLD013,female,80+,3.0,1,0.003472222222222222,exploratory_unweighted_not_clinical_reference
2021-2023,SLQ_L,SLD013,female,80+,3.5,1,0.003472222222222222,exploratory_unweighted_not_clinical_reference
2021-2023,SLQ_L,SLD013,male,12-17,10.0,40,0.23255813953488372,exploratory_unweighted_not_clinical_reference
2021-2023,SLQ_L,SLD013,male,12-17,9.0,31,0.18023255813953487,exploratory_unweighted_not_clinical_reference
2021-2023,SLQ_L,SLD013,male,12-17,11.0,22,0.12790697674418605,exploratory_unweighted_not_clinical_reference
2021-2023,SLQ_L,SLD013,male,12-17,8.0,19,0.11046511627906977,exploratory_unweighted_not_clinical_reference
2021-2023,SLQ_L,SLD013,male,12-17,9.5,12,0.06976744186046512,exploratory_unweighted_not_clinical_reference
2021-2023,SLQ_L,SLD013,male,12-17,8.5,12,0.06976744186046512,exploratory_unweighted_not_clinical_reference
2021-2023,SLQ_L,SLD013,male,12-17,12.0,7,0.040697674418604654,exploratory_unweighted_not_clinical_reference
2021-2023,SLQ_L,SLD013,male,12-17,7.5,6,0.03488372093023256,exploratory_unweighted_not_clinical_reference
2021-2023,SLQ_L,SLD013,male,12-17,6.0,5,0.029069767441860465,exploratory_unweighted_not_clinical_reference
2021-2023,SLQ_L,SLD013,male,12-17,13.0,4,0.023255813953488372,exploratory_unweighted_not_clinical_reference
2021-2023,SLQ_L,SLD013,male,12-17,7.0,4,0.023255813953488372,exploratory_unweighted_not_clinical_reference
2021-2023,SLQ_L,SLD013,male,12-17,10.5,2,0.011627906976744186,exploratory_unweighted_not_clinical_reference
2021-2023,SLQ_L,SLD013,male,12-17,6.5,2,0.011627906976744186,exploratory_unweighted_not_clinical_reference
2021-2023,SLQ_L,SLD013,male,12-17,11.5,2,0.011627906976744186,exploratory_unweighted_not_clinical_reference
2021-2023,SLQ_L,SLD013,male,12-17,4.0,1,0.005813953488372093,exploratory_unweighted_not_clinical_reference
2021-2023,SLQ_L,SLD013,male,12-17,5.0,1,0.005813953488372093,exploratory_unweighted_not_clinical_reference
2021-2023,SLQ_L,SLD013,male,12-17,3.0,1,0.005813953488372093,exploratory_unweighted_not_clinical_reference
2021-2023,SLQ_L,SLD013,male,12-17,14.0,1,0.005813953488372093,exploratory_unweighted_not_clinical_reference
2021-2023,SLQ_L,SLD013,male,18-29,8.0,112,0.19649122807017544,exploratory_unweighted_not_clinical_reference
2021-2023,SLQ_L,SLD013,male,18-29,9.0,110,0.19298245614035087,exploratory_unweighted_not_clinical_reference
2021-2023,SLQ_L,SLD013,male,18-29,10.0,83,0.1456140350877193,exploratory_unweighted_not_clinical_reference
2021-2023,SLQ_L,SLD013,male,18-29,7.0,60,0.10526315789473684,exploratory_unweighted_not_clinical_reference
2021-2023,SLQ_L,SLD013,male,18-29,8.5,42,0.07368421052631578,exploratory_unweighted_not_clinical_reference
2021-2023,SLQ_L,SLD013,male,18-29,11.0,35,0.06140350877192982,exploratory_unweighted_not_clinical_reference
2021-2023,SLQ_L,SLD013,male,18-29,9.5,31,0.054385964912280704,exploratory_unweighted_not_clinical_reference
2021-2023,SLQ_L,SLD013,male,18-29,7.5,21,0.03684210526315789,exploratory_unweighted_not_clinical_reference
2021-2023,SLQ_L,SLD013,male,18-29,6.0,15,0.02631578947368421,exploratory_unweighted_not_clinical_reference
2021-2023,SLQ_L,SLD013,male,18-29,12.0,14,0.02456140350877193,exploratory_unweighted_not_clinical_reference
2021-2023,SLQ_L,SLD013,male,18-29,6.5,10,0.017543859649122806,exploratory_unweighted_not_clinical_reference
2021-2023,SLQ_L,SLD013,male,18-29,5.0,8,0.014035087719298246,exploratory_unweighted_not_clinical_reference
2021-2023,SLQ_L,SLD013,male,18-29,10.5,8,0.014035087719298246,exploratory_unweighted_not_clinical_reference
2021-2023,SLQ_L,SLD013,male,18-29,4.0,5,0.008771929824561403,exploratory_unweighted_not_clinical_reference
2021-2023,SLQ_L,SLD013,male,18-29,14.0,5,0.008771929824561403,exploratory_unweighted_not_clinical_reference
2021-2023,SLQ_L,SLD013,male,18-29,13.0,4,0.007017543859649123,exploratory_unweighted_not_clinical_reference
2021-2023,SLQ_L,SLD013,male,18-29,12.5,3,0.005263157894736842,exploratory_unweighted_not_clinical_reference
2021-2023,SLQ_L,SLD013,male,18-29,3.0,3,0.005263157894736842,exploratory_unweighted_not_clinical_reference
2021-2023,SLQ_L,SLD013,male,18-29,11.5,1,0.0017543859649122807,exploratory_unweighted_not_clinical_reference
2021-2023,SLQ_L,SLD013,male,30-39,8.0,109,0.22064777327935223,exploratory_unweighted_not_clinical_reference
2021-2023,SLQ_L,SLD013,male,30-39,9.0,91,0.18421052631578946,exploratory_unweighted_not_clinical_reference
2021-2023,SLQ_L,SLD013,male,30-39,7.0,53,0.10728744939271255,exploratory_unweighted_not_clinical_reference
2021-2023,SLQ_L,SLD013,male,30-39,8.5,45,0.09109311740890688,exploratory_unweighted_not_clinical_reference
2021-2023,SLQ_L,SLD013,male,30-39,10.0,35,0.0708502024291498,exploratory_unweighted_not_clinical_reference
2021-2023,SLQ_L,SLD013,male,30-39,7.5,32,0.06477732793522267,exploratory_unweighted_not_clinical_reference
2021-2023,SLQ_L,SLD013,male,30-39,6.0,28,0.05668016194331984,exploratory_unweighted_not_clinical_reference
2021-2023,SLQ_L,SLD013,male,30-39,9.5,19,0.038461538461538464,exploratory_unweighted_not_clinical_reference
2021-2023,SLQ_L,SLD013,male,30-39,11.0,19,0.038461538461538464,exploratory_unweighted_not_clinical_reference
2021-2023,SLQ_L,SLD013,male,30-39,6.5,10,0.020242914979757085,exploratory_unweighted_not_clinical_reference
2021-2023,SLQ_L,SLD013,male,30-39,4.0,7,0.01417004048582996,exploratory_unweighted_not_clinical_reference
2021-2023,SLQ_L,SLD013,male,30-39,4.5,6,0.012145748987854251,exploratory_unweighted_not_clinical_reference
2021-2023,SLQ_L,SLD013,male,30-39,12.0,6,0.012145748987854251,exploratory_unweighted_not_clinical_reference
2021-2023,SLQ_L,SLD013,male,30-39,5.0,6,0.012145748987854251,exploratory_unweighted_not_clinical_reference
2021-2023,SLQ_L,SLD013,male,30-39,14.0,5,0.010121457489878543,exploratory_unweighted_not_clinical_reference
2021-2023,SLQ_L,SLD013,male,30-39,13.0,5,0.010121457489878543,exploratory_unweighted_not_clinical_reference
2021-2023,SLQ_L,SLD013,male,30-39,10.5,5,0.010121457489878543,exploratory_unweighted_not_clinical_reference
2021-2023,SLQ_L,SLD013,male,30-39,3.0,4,0.008097165991902834,exploratory_unweighted_not_clinical_reference
2021-2023,SLQ_L,SLD013,male,30-39,2.0,3,0.006072874493927126,exploratory_unweighted_not_clinical_reference
2021-2023,SLQ_L,SLD013,male,30-39,12.5,3,0.006072874493927126,exploratory_unweighted_not_clinical_reference
2021-2023,SLQ_L,SLD013,male,30-39,5.5,3,0.006072874493927126,exploratory_unweighted_not_clinical_reference
2021-2023,SLQ_L,SLD013,male,40-49,8.0,112,0.24615384615384617,exploratory_unweighted_not_clinical_reference
2021-2023,SLQ_L,SLD013,male,40-49,9.0,75,0.16483516483516483,exploratory_unweighted_not_clinical_reference
2021-2023,SLQ_L,SLD013,male,40-49,7.0,66,0.14505494505494507,exploratory_unweighted_not_clinical_reference
2021-2023,SLQ_L,SLD013,male,40-49,8.5,34,0.07472527472527472,exploratory_unweighted_not_clinical_reference
2021-2023,SLQ_L,SLD013,male,40-49,10.0,27,0.05934065934065934,exploratory_unweighted_not_clinical_reference
2021-2023,SLQ_L,SLD013,male,40-49,7.5,27,0.05934065934065934,exploratory_unweighted_not_clinical_reference
2021-2023,SLQ_L,SLD013,male,40-49,6.0,26,0.05714285714285714,exploratory_unweighted_not_clinical_reference
2021-2023,SLQ_L,SLD013,male,40-49,11.0,20,0.04395604395604396,exploratory_unweighted_not_clinical_reference
2021-2023,SLQ_L,SLD013,male,40-49,4.0,13,0.02857142857142857,exploratory_unweighted_not_clinical_reference
2021-2023,SLQ_L,SLD013,male,40-49,6.5,13,0.02857142857142857,exploratory_unweighted_not_clinical_reference
2021-2023,SLQ_L,SLD013,male,40-49,9.5,10,0.02197802197802198,exploratory_unweighted_not_clinical_reference
2021-2023,SLQ_L,SLD013,male,40-49,5.0,9,0.01978021978021978,exploratory_unweighted_not_clinical_reference
2021-2023,SLQ_L,SLD013,male,40-49,12.0,5,0.01098901098901099,exploratory_unweighted_not_clinical_reference
2021-2023,SLQ_L,SLD013,male,40-49,5.5,5,0.01098901098901099,exploratory_unweighted_not_clinical_reference
2021-2023,SLQ_L,SLD013,male,40-49,10.5,3,0.006593406593406593,exploratory_unweighted_not_clinical_reference
2021-2023,SLQ_L,SLD013,male,40-49,11.5,2,0.004395604395604396,exploratory_unweighted_not_clinical_reference
2021-2023,SLQ_L,SLD013,male,40-49,3.0,2,0.004395604395604396,exploratory_unweighted_not_clinical_reference
2021-2023,SLQ_L,SLD013,male,40-49,13.5,1,0.002197802197802198,exploratory_unweighted_not_clinical_reference
2021-2023,SLQ_L,SLD013,male,40-49,13.0,1,0.002197802197802198,exploratory_unweighted_not_clinical_reference
2021-2023,SLQ_L,SLD013,male,40-49,12.5,1,0.002197802197802198,exploratory_unweighted_not_clinical_reference
2021-2023,SLQ_L,SLD013,male,40-49,14.0,1,0.002197802197802198,exploratory_unweighted_not_clinical_reference
2021-2023,SLQ_L,SLD013,male,40-49,2.0,1,0.002197802197802198,exploratory_unweighted_not_clinical_reference
2021-2023,SLQ_L,SLD013,male,40-49,4.5,1,0.002197802197802198,exploratory_unweighted_not_clinical_reference
2021-2023,SLQ_L,SLD013,male,50-59,8.0,119,0.23062015503875968,exploratory_unweighted_not_clinical_reference
2021-2023,SLQ_L,SLD013,male,50-59,9.0,71,0.1375968992248062,exploratory_unweighted_not_clinical_reference
2021-2023,SLQ_L,SLD013,male,50-59,7.0,66,0.12790697674418605,exploratory_unweighted_not_clinical_reference
2021-2023,SLQ_L,SLD013,male,50-59,10.0,44,0.08527131782945736,exploratory_unweighted_not_clinical_reference
2021-2023,SLQ_L,SLD013,male,50-59,8.5,35,0.06782945736434108,exploratory_unweighted_not_clinical_reference
2021-2023,SLQ_L,SLD013,male,50-59,6.0,32,0.06201550387596899,exploratory_unweighted_not_clinical_reference
2021-2023,SLQ_L,SLD013,male,50-59,7.5,24,0.046511627906976744,exploratory_unweighted_not_clinical_reference
2021-2023,SLQ_L,SLD013,male,50-59,6.5,20,0.03875968992248062,exploratory_unweighted_not_clinical_reference
2021-2023,SLQ_L,SLD013,male,50-59,11.0,18,0.03488372093023256,exploratory_unweighted_not_clinical_reference
2021-2023,SLQ_L,SLD013,male,50-59,9.5,16,0.031007751937984496,exploratory_unweighted_not_clinical_reference
2021-2023,SLQ_L,SLD013,male,50-59,5.0,15,0.029069767441860465,exploratory_unweighted_not_clinical_reference
2021-2023,SLQ_L,SLD013,male,50-59,5.5,11,0.02131782945736434,exploratory_unweighted_not_clinical_reference
2021-2023,SLQ_L,SLD013,male,50-59,12.0,10,0.01937984496124031,exploratory_unweighted_not_clinical_reference
2021-2023,SLQ_L,SLD013,male,50-59,4.0,6,0.011627906976744186,exploratory_unweighted_not_clinical_reference
2021-2023,SLQ_L,SLD013,male,50-59,10.5,6,0.011627906976744186,exploratory_unweighted_not_clinical_reference
2021-2023,SLQ_L,SLD013,male,50-59,11.5,5,0.009689922480620155,exploratory_unweighted_not_clinical_reference
2021-2023,SLQ_L,SLD013,male,50-59,14.0,5,0.009689922480620155,exploratory_unweighted_not_clinical_reference
2021-2023,SLQ_L,SLD013,male,50-59,13.0,4,0.007751937984496124,exploratory_unweighted_not_clinical_reference
2021-2023,SLQ_L,SLD013,male,50-59,4.5,4,0.007751937984496124,exploratory_unweighted_not_clinical_reference
2021-2023,SLQ_L,SLD013,male,50-59,2.0,3,0.005813953488372093,exploratory_unweighted_not_clinical_reference
2021-2023,SLQ_L,SLD013,male,50-59,3.5,1,0.001937984496124031,exploratory_unweighted_not_clinical_reference
2021-2023,SLQ_L,SLD013,male,50-59,3.0,1,0.001937984496124031,exploratory_unweighted_not_clinical_reference
2021-2023,SLQ_L,SLD013,male,60-69,8.0,163,0.2081736909323116,exploratory_unweighted_not_clinical_reference
2021-2023,SLQ_L,SLD013,male,60-69,9.0,114,0.14559386973180077,exploratory_unweighted_not_clinical_reference
2021-2023,SLQ_L,SLD013,male,60-69,7.0,110,0.140485312899106,exploratory_unweighted_not_clinical_reference
2021-2023,SLQ_L,SLD013,male,60-69,8.5,77,0.0983397190293742,exploratory_unweighted_not_clinical_reference
2021-2023,SLQ_L,SLD013,male,60-69,7.5,55,0.070242656449553,exploratory_unweighted_not_clinical_reference
2021-2023,SLQ_L,SLD013,male,60-69,6.0,54,0.06896551724137931,exploratory_unweighted_not_clinical_reference
2021-2023,SLQ_L,SLD013,male,60-69,10.0,49,0.06257982120051085,exploratory_unweighted_not_clinical_reference
2021-2023,SLQ_L,SLD013,male,60-69,9.5,37,0.04725415070242656,exploratory_unweighted_not_clinical_reference
2021-2023,SLQ_L,SLD013,male,60-69,5.0,22,0.0280970625798212,exploratory_unweighted_not_clinical_reference
2021-2023,SLQ_L,SLD013,male,60-69,6.5,22,0.0280970625798212,exploratory_unweighted_not_clinical_reference
2021-2023,SLQ_L,SLD013,male,60-69,11.0,15,0.019157088122605363,exploratory_unweighted_not_clinical_reference
2021-2023,SLQ_L,SLD013,male,60-69,5.5,11,0.0140485312899106,exploratory_unweighted_not_clinical_reference
2021-2023,SLQ_L,SLD013,male,60-69,4.0,11,0.0140485312899106,exploratory_unweighted_not_clinical_reference
2021-2023,SLQ_L,SLD013,male,60-69,12.0,9,0.011494252873563218,exploratory_unweighted_not_clinical_reference
2021-2023,SLQ_L,SLD013,male,60-69,10.5,7,0.008939974457215836,exploratory_unweighted_not_clinical_reference
2021-2023,SLQ_L,SLD013,male,60-69,2.0,6,0.007662835249042145,exploratory_unweighted_not_clinical_reference
2021-2023,SLQ_L,SLD013,male,60-69,14.0,4,0.005108556832694764,exploratory_unweighted_not_clinical_reference
2021-2023,SLQ_L,SLD013,male,60-69,3.0,4,0.005108556832694764,exploratory_unweighted_not_clinical_reference
2021-2023,SLQ_L,SLD013,male,60-69,13.0,4,0.005108556832694764,exploratory_unweighted_not_clinical_reference
2021-2023,SLQ_L,SLD013,male,60-69,4.5,3,0.0038314176245210726,exploratory_unweighted_not_clinical_reference
2021-2023,SLQ_L,SLD013,male,60-69,12.5,3,0.0038314176245210726,exploratory_unweighted_not_clinical_reference
2021-2023,SLQ_L,SLD013,male,60-69,11.5,2,0.002554278416347382,exploratory_unweighted_not_clinical_reference
2021-2023,SLQ_L,SLD013,male,60-69,3.5,1,0.001277139208173691,exploratory_unweighted_not_clinical_reference
2021-2023,SLQ_L,SLD013,male,70-79,8.0,122,0.2210144927536232,exploratory_unweighted_not_clinical_reference
2021-2023,SLQ_L,SLD013,male,70-79,9.0,76,0.13768115942028986,exploratory_unweighted_not_clinical_reference
2021-2023,SLQ_L,SLD013,male,70-79,7.0,64,0.11594202898550725,exploratory_unweighted_not_clinical_reference
2021-2023,SLQ_L,SLD013,male,70-79,7.5,54,0.09782608695652174,exploratory_unweighted_not_clinical_reference
2021-2023,SLQ_L,SLD013,male,70-79,6.0,46,0.08333333333333333,exploratory_unweighted_not_clinical_reference
2021-2023,SLQ_L,SLD013,male,70-79,8.5,42,0.07608695652173914,exploratory_unweighted_not_clinical_reference
2021-2023,SLQ_L,SLD013,male,70-79,10.0,30,0.05434782608695652,exploratory_unweighted_not_clinical_reference
2021-2023,SLQ_L,SLD013,male,70-79,6.5,20,0.036231884057971016,exploratory_unweighted_not_clinical_reference
2021-2023,SLQ_L,SLD013,male,70-79,9.5,20,0.036231884057971016,exploratory_unweighted_not_clinical_reference
2021-2023,SLQ_L,SLD013,male,70-79,5.0,19,0.034420289855072464,exploratory_unweighted_not_clinical_reference
2021-2023,SLQ_L,SLD013,male,70-79,11.0,15,0.02717391304347826,exploratory_unweighted_not_clinical_reference
2021-2023,SLQ_L,SLD013,male,70-79,5.5,9,0.016304347826086956,exploratory_unweighted_not_clinical_reference
2021-2023,SLQ_L,SLD013,male,70-79,12.0,7,0.012681159420289856,exploratory_unweighted_not_clinical_reference
2021-2023,SLQ_L,SLD013,male,70-79,4.0,6,0.010869565217391304,exploratory_unweighted_not_clinical_reference
2021-2023,SLQ_L,SLD013,male,70-79,10.5,6,0.010869565217391304,exploratory_unweighted_not_clinical_reference
2021-2023,SLQ_L,SLD013,male,70-79,3.0,4,0.007246376811594203,exploratory_unweighted_not_clinical_reference
2021-2023,SLQ_L,SLD013,male,70-79,13.0,4,0.007246376811594203,exploratory_unweighted_not_clinical_reference
2021-2023,SLQ_L,SLD013,male,70-79,4.5,4,0.007246376811594203,exploratory_unweighted_not_clinical_reference
2021-2023,SLQ_L,SLD013,male,70-79,11.5,2,0.0036231884057971015,exploratory_unweighted_not_clinical_reference
2021-2023,SLQ_L,SLD013,male,70-79,14.0,1,0.0018115942028985507,exploratory_unweighted_not_clinical_reference
2021-2023,SLQ_L,SLD013,male,70-79,2.0,1,0.0018115942028985507,exploratory_unweighted_not_clinical_reference
2021-2023,SLQ_L,SLD013,male,80+,9.0,43,0.19282511210762332,exploratory_unweighted_not_clinical_reference
2021-2023,SLQ_L,SLD013,male,80+,8.0,38,0.17040358744394618,exploratory_unweighted_not_clinical_reference
2021-2023,SLQ_L,SLD013,male,80+,7.0,24,0.10762331838565023,exploratory_unweighted_not_clinical_reference
2021-2023,SLQ_L,SLD013,male,80+,8.5,22,0.09865470852017937,exploratory_unweighted_not_clinical_reference
2021-2023,SLQ_L,SLD013,male,80+,10.0,22,0.09865470852017937,exploratory_unweighted_not_clinical_reference
2021-2023,SLQ_L,SLD013,male,80+,7.5,16,0.07174887892376682,exploratory_unweighted_not_clinical_reference
2021-2023,SLQ_L,SLD013,male,80+,9.5,13,0.05829596412556054,exploratory_unweighted_not_clinical_reference
2021-2023,SLQ_L,SLD013,male,80+,6.0,9,0.04035874439461883,exploratory_unweighted_not_clinical_reference
2021-2023,SLQ_L,SLD013,male,80+,11.0,7,0.03139013452914798,exploratory_unweighted_not_clinical_reference
2021-2023,SLQ_L,SLD013,male,80+,10.5,4,0.017937219730941704,exploratory_unweighted_not_clinical_reference
2021-2023,SLQ_L,SLD013,male,80+,4.0,3,0.013452914798206279,exploratory_unweighted_not_clinical_reference
2021-2023,SLQ_L,SLD013,male,80+,6.5,3,0.013452914798206279,exploratory_unweighted_not_clinical_reference
2021-2023,SLQ_L,SLD013,male,80+,12.0,3,0.013452914798206279,exploratory_unweighted_not_clinical_reference
2021-2023,SLQ_L,SLD013,male,80+,5.0,3,0.013452914798206279,exploratory_unweighted_not_clinical_reference
2021-2023,SLQ_L,SLD013,male,80+,4.5,2,0.008968609865470852,exploratory_unweighted_not_clinical_reference
2021-2023,SLQ_L,SLD013,male,80+,13.0,2,0.008968609865470852,exploratory_unweighted_not_clinical_reference
2021-2023,SLQ_L,SLD013,male,80+,11.5,2,0.008968609865470852,exploratory_unweighted_not_clinical_reference
2021-2023,SLQ_L,SLD013,male,80+,14.0,2,0.008968609865470852,exploratory_unweighted_not_clinical_reference
2021-2023,SLQ_L,SLD013,male,80+,13.5,1,0.004484304932735426,exploratory_unweighted_not_clinical_reference
2021-2023,SLQ_L,SLD013,male,80+,2.0,1,0.004484304932735426,exploratory_unweighted_not_clinical_reference
2021-2023,SLQ_L,SLD013,male,80+,5.5,1,0.004484304932735426,exploratory_unweighted_not_clinical_reference
2021-2023,SLQ_L,SLD013,male,80+,12.5,1,0.004484304932735426,exploratory_unweighted_not_clinical_reference
2021-2023,SLQ_L,SLD013,male,80+,3.0,1,0.004484304932735426,exploratory_unweighted_not_clinical_reference
2021-2023,SMQ_L,SMQ020,female,18-29,2.0,597,0.891044776119403,exploratory_unweighted_not_clinical_reference
2021-2023,SMQ_L,SMQ020,female,18-29,1.0,72,0.10746268656716418,exploratory_unweighted_not_clinical_reference
2021-2023,SMQ_L,SMQ020,female,18-29,9.0,1,0.0014925373134328358,exploratory_unweighted_not_clinical_reference
2021-2023,SMQ_L,SMQ020,female,30-39,2.0,464,0.6863905325443787,exploratory_unweighted_not_clinical_reference
2021-2023,SMQ_L,SMQ020,female,30-39,1.0,210,0.3106508875739645,exploratory_unweighted_not_clinical_reference
2021-2023,SMQ_L,SMQ020,female,30-39,9.0,1,0.0014792899408284023,exploratory_unweighted_not_clinical_reference
2021-2023,SMQ_L,SMQ020,female,30-39,7.0,1,0.0014792899408284023,exploratory_unweighted_not_clinical_reference
2021-2023,SMQ_L,SMQ020,female,40-49,2.0,369,0.6384083044982699,exploratory_unweighted_not_clinical_reference
2021-2023,SMQ_L,SMQ020,female,40-49,1.0,208,0.35986159169550175,exploratory_unweighted_not_clinical_reference
2021-2023,SMQ_L,SMQ020,female,40-49,9.0,1,0.0017301038062283738,exploratory_unweighted_not_clinical_reference
2021-2023,SMQ_L,SMQ020,female,50-59,2.0,382,0.5876923076923077,exploratory_unweighted_not_clinical_reference
2021-2023,SMQ_L,SMQ020,female,50-59,1.0,267,0.4107692307692308,exploratory_unweighted_not_clinical_reference
2021-2023,SMQ_L,SMQ020,female,50-59,7.0,1,0.0015384615384615385,exploratory_unweighted_not_clinical_reference
2021-2023,SMQ_L,SMQ020,female,60-69,2.0,559,0.5774793388429752,exploratory_unweighted_not_clinical_reference
2021-2023,SMQ_L,SMQ020,female,60-69,1.0,408,0.4214876033057851,exploratory_unweighted_not_clinical_reference
2021-2023,SMQ_L,SMQ020,female,60-69,7.0,1,0.0010330578512396695,exploratory_unweighted_not_clinical_reference
2021-2023,SMQ_L,SMQ020,female,70-79,2.0,379,0.5795107033639144,exploratory_unweighted_not_clinical_reference
2021-2023,SMQ_L,SMQ020,female,70-79,1.0,274,0.41896024464831805,exploratory_unweighted_not_clinical_reference
2021-2023,SMQ_L,SMQ020,female,70-79,9.0,1,0.0015290519877675841,exploratory_unweighted_not_clinical_reference
2021-2023,SMQ_L,SMQ020,female,80+,2.0,192,0.6575342465753424,exploratory_unweighted_not_clinical_reference
2021-2023,SMQ_L,SMQ020,female,80+,1.0,100,0.3424657534246575,exploratory_unweighted_not_clinical_reference
2021-2023,SMQ_L,SMQ020,male,18-29,2.0,447,0.7801047120418848,exploratory_unweighted_not_clinical_reference
2021-2023,SMQ_L,SMQ020,male,18-29,1.0,125,0.2181500872600349,exploratory_unweighted_not_clinical_reference
2021-2023,SMQ_L,SMQ020,male,18-29,9.0,1,0.0017452006980802793,exploratory_unweighted_not_clinical_reference
2021-2023,SMQ_L,SMQ020,male,30-39,2.0,285,0.57,exploratory_unweighted_not_clinical_reference
2021-2023,SMQ_L,SMQ020,male,30-39,1.0,213,0.426,exploratory_unweighted_not_clinical_reference
2021-2023,SMQ_L,SMQ020,male,30-39,7.0,2,0.004,exploratory_unweighted_not_clinical_reference
2021-2023,SMQ_L,SMQ020,male,40-49,2.0,248,0.5379609544468547,exploratory_unweighted_not_clinical_reference
2021-2023,SMQ_L,SMQ020,male,40-49,1.0,211,0.45770065075921906,exploratory_unweighted_not_clinical_reference
2021-2023,SMQ_L,SMQ020,male,40-49,9.0,1,0.0021691973969631237,exploratory_unweighted_not_clinical_reference
2021-2023,SMQ_L,SMQ020,male,40-49,7.0,1,0.0021691973969631237,exploratory_unweighted_not_clinical_reference
2021-2023,SMQ_L,SMQ020,male,50-59,2.0,265,0.5038022813688213,exploratory_unweighted_not_clinical_reference
2021-2023,SMQ_L,SMQ020,male,50-59,1.0,261,0.49619771863117873,exploratory_unweighted_not_clinical_reference
2021-2023,SMQ_L,SMQ020,male,60-69,1.0,437,0.5489949748743719,exploratory_unweighted_not_clinical_reference
2021-2023,SMQ_L,SMQ020,male,60-69,2.0,358,0.44974874371859297,exploratory_unweighted_not_clinical_reference
2021-2023,SMQ_L,SMQ020,male,60-69,7.0,1,0.001256281407035176,exploratory_unweighted_not_clinical_reference
2021-2023,SMQ_L,SMQ020,male,70-79,1.0,313,0.5589285714285714,exploratory_unweighted_not_clinical_reference
2021-2023,SMQ_L,SMQ020,male,70-79,2.0,247,0.44107142857142856,exploratory_unweighted_not_clinical_reference
2021-2023,SMQ_L,SMQ020,male,80+,1.0,144,0.6233766233766234,exploratory_unweighted_not_clinical_reference
2021-2023,SMQ_L,SMQ020,male,80+,2.0,86,0.3722943722943723,exploratory_unweighted_not_clinical_reference
2021-2023,SMQ_L,SMQ020,male,80+,9.0,1,0.004329004329004329,exploratory_unweighted_not_clinical_reference
2021-2023,SMQ_L,SMQ040,female,18-29,3.0,37,0.5138888888888888,exploratory_unweighted_not_clinical_reference
2021-2023,SMQ_L,SMQ040,female,18-29,1.0,25,0.3472222222222222,exploratory_unweighted_not_clinical_reference
2021-2023,SMQ_L,SMQ040,female,18-29,2.0,10,0.1388888888888889,exploratory_unweighted_not_clinical_reference
2021-2023,SMQ_L,SMQ040,female,30-39,3.0,122,0.580952380952381,exploratory_unweighted_not_clinical_reference
2021-2023,SMQ_L,SMQ040,female,30-39,1.0,71,0.3380952380952381,exploratory_unweighted_not_clinical_reference
2021-2023,SMQ_L,SMQ040,female,30-39,2.0,17,0.08095238095238096,exploratory_unweighted_not_clinical_reference
2021-2023,SMQ_L,SMQ040,female,40-49,3.0,109,0.5240384615384616,exploratory_unweighted_not_clinical_reference
2021-2023,SMQ_L,SMQ040,female,40-49,1.0,79,0.3798076923076923,exploratory_unweighted_not_clinical_reference
2021-2023,SMQ_L,SMQ040,female,40-49,2.0,20,0.09615384615384616,exploratory_unweighted_not_clinical_reference
2021-2023,SMQ_L,SMQ040,female,50-59,3.0,142,0.5318352059925093,exploratory_unweighted_not_clinical_reference
2021-2023,SMQ_L,SMQ040,female,50-59,1.0,110,0.41198501872659177,exploratory_unweighted_not_clinical_reference
2021-2023,SMQ_L,SMQ040,female,50-59,2.0,15,0.056179775280898875,exploratory_unweighted_not_clinical_reference
2021-2023,SMQ_L,SMQ040,female,60-69,3.0,258,0.6323529411764706,exploratory_unweighted_not_clinical_reference
2021-2023,SMQ_L,SMQ040,female,60-69,1.0,120,0.29411764705882354,exploratory_unweighted_not_clinical_reference
2021-2023,SMQ_L,SMQ040,female,60-69,2.0,30,0.07352941176470588,exploratory_unweighted_not_clinical_reference
2021-2023,SMQ_L,SMQ040,female,70-79,3.0,228,0.8321167883211679,exploratory_unweighted_not_clinical_reference
2021-2023,SMQ_L,SMQ040,female,70-79,1.0,36,0.13138686131386862,exploratory_unweighted_not_clinical_reference
2021-2023,SMQ_L,SMQ040,female,70-79,2.0,10,0.0364963503649635,exploratory_unweighted_not_clinical_reference
2021-2023,SMQ_L,SMQ040,female,80+,3.0,92,0.92,exploratory_unweighted_not_clinical_reference
2021-2023,SMQ_L,SMQ040,female,80+,1.0,6,0.06,exploratory_unweighted_not_clinical_reference
2021-2023,SMQ_L,SMQ040,female,80+,2.0,2,0.02,exploratory_unweighted_not_clinical_reference
2021-2023,SMQ_L,SMQ040,male,18-29,3.0,59,0.472,exploratory_unweighted_not_clinical_reference
2021-2023,SMQ_L,SMQ040,male,18-29,1.0,40,0.32,exploratory_unweighted_not_clinical_reference
2021-2023,SMQ_L,SMQ040,male,18-29,2.0,26,0.208,exploratory_unweighted_not_clinical_reference
2021-2023,SMQ_L,SMQ040,male,30-39,3.0,106,0.49765258215962443,exploratory_unweighted_not_clinical_reference
2021-2023,SMQ_L,SMQ040,male,30-39,1.0,86,0.40375586854460094,exploratory_unweighted_not_clinical_reference
2021-2023,SMQ_L,SMQ040,male,30-39,2.0,21,0.09859154929577464,exploratory_unweighted_not_clinical_reference
2021-2023,SMQ_L,SMQ040,male,40-49,3.0,104,0.4928909952606635,exploratory_unweighted_not_clinical_reference
2021-2023,SMQ_L,SMQ040,male,40-49,1.0,85,0.4028436018957346,exploratory_unweighted_not_clinical_reference
2021-2023,SMQ_L,SMQ040,male,40-49,2.0,22,0.10426540284360189,exploratory_unweighted_not_clinical_reference
2021-2023,SMQ_L,SMQ040,male,50-59,3.0,135,0.5172413793103449,exploratory_unweighted_not_clinical_reference
2021-2023,SMQ_L,SMQ040,male,50-59,1.0,109,0.41762452107279696,exploratory_unweighted_not_clinical_reference
2021-2023,SMQ_L,SMQ040,male,50-59,2.0,17,0.06513409961685823,exploratory_unweighted_not_clinical_reference
2021-2023,SMQ_L,SMQ040,male,60-69,3.0,279,0.6384439359267735,exploratory_unweighted_not_clinical_reference
2021-2023,SMQ_L,SMQ040,male,60-69,1.0,128,0.2929061784897025,exploratory_unweighted_not_clinical_reference
2021-2023,SMQ_L,SMQ040,male,60-69,2.0,30,0.06864988558352403,exploratory_unweighted_not_clinical_reference
2021-2023,SMQ_L,SMQ040,male,70-79,3.0,246,0.7859424920127795,exploratory_unweighted_not_clinical_reference
2021-2023,SMQ_L,SMQ040,male,70-79,1.0,50,0.1597444089456869,exploratory_unweighted_not_clinical_reference
2021-2023,SMQ_L,SMQ040,male,70-79,2.0,17,0.054313099041533544,exploratory_unweighted_not_clinical_reference
2021-2023,SMQ_L,SMQ040,male,80+,3.0,136,0.9444444444444444,exploratory_unweighted_not_clinical_reference
2021-2023,SMQ_L,SMQ040,male,80+,1.0,7,0.04861111111111111,exploratory_unweighted_not_clinical_reference
2021-2023,SMQ_L,SMQ040,male,80+,2.0,1,0.006944444444444444,exploratory_unweighted_not_clinical_reference
2021-2023,SMQ_L,SMD641,female,40-49,20.0,5,0.23809523809523808,exploratory_unweighted_not_clinical_reference
2021-2023,SMQ_L,SMD641,female,40-49,10.0,2,0.09523809523809523,exploratory_unweighted_not_clinical_reference
2021-2023,SMQ_L,SMD641,female,40-49,3.0,2,0.09523809523809523,exploratory_unweighted_not_clinical_reference
2021-2023,SMQ_L,SMD641,female,40-49,7.0,2,0.09523809523809523,exploratory_unweighted_not_clinical_reference
2021-2023,SMQ_L,SMD641,female,40-49,15.0,2,0.09523809523809523,exploratory_unweighted_not_clinical_reference
2021-2023,SMQ_L,SMD641,female,40-49,8.0,1,0.047619047619047616,exploratory_unweighted_not_clinical_reference
2021-2023,SMQ_L,SMD641,female,40-49,1.0,1,0.047619047619047616,exploratory_unweighted_not_clinical_reference
2021-2023,SMQ_L,SMD641,female,40-49,5.397605346934028e-79,1,0.047619047619047616,exploratory_unweighted_not_clinical_reference
2021-2023,SMQ_L,SMD641,female,40-49,12.0,1,0.047619047619047616,exploratory_unweighted_not_clinical_reference
2021-2023,SMQ_L,SMD641,female,40-49,2.0,1,0.047619047619047616,exploratory_unweighted_not_clinical_reference
2021-2023,SMQ_L,SMD641,female,40-49,14.0,1,0.047619047619047616,exploratory_unweighted_not_clinical_reference
2021-2023,SMQ_L,SMD641,female,40-49,5.0,1,0.047619047619047616,exploratory_unweighted_not_clinical_reference
2021-2023,SMQ_L,SMD641,female,40-49,30.0,1,0.047619047619047616,exploratory_unweighted_not_clinical_reference
2021-2023,SMQ_L,SMD641,female,60-69,15.0,6,0.2,exploratory_unweighted_not_clinical_reference
2021-2023,SMQ_L,SMD641,female,60-69,10.0,4,0.13333333333333333,exploratory_unweighted_not_clinical_reference
2021-2023,SMQ_L,SMD641,female,60-69,12.0,3,0.1,exploratory_unweighted_not_clinical_reference
2021-2023,SMQ_L,SMD641,female,60-69,2.0,3,0.1,exploratory_unweighted_not_clinical_reference
2021-2023,SMQ_L,SMD641,female,60-69,20.0,2,0.06666666666666667,exploratory_unweighted_not_clinical_reference
2021-2023,SMQ_L,SMD641,female,60-69,99.0,2,0.06666666666666667,exploratory_unweighted_not_clinical_reference
2021-2023,SMQ_L,SMD641,female,60-69,3.0,2,0.06666666666666667,exploratory_unweighted_not_clinical_reference
2021-2023,SMQ_L,SMD641,female,60-69,7.0,1,0.03333333333333333,exploratory_unweighted_not_clinical_reference
2021-2023,SMQ_L,SMD641,female,60-69,8.0,1,0.03333333333333333,exploratory_unweighted_not_clinical_reference
2021-2023,SMQ_L,SMD641,female,60-69,5.397605346934028e-79,1,0.03333333333333333,exploratory_unweighted_not_clinical_reference
2021-2023,SMQ_L,SMD641,female,60-69,27.0,1,0.03333333333333333,exploratory_unweighted_not_clinical_reference
2021-2023,SMQ_L,SMD641,female,60-69,25.0,1,0.03333333333333333,exploratory_unweighted_not_clinical_reference
2021-2023,SMQ_L,SMD641,female,60-69,28.0,1,0.03333333333333333,exploratory_unweighted_not_clinical_reference
2021-2023,SMQ_L,SMD641,female,60-69,4.0,1,0.03333333333333333,exploratory_unweighted_not_clinical_reference
2021-2023,SMQ_L,SMD641,female,60-69,22.0,1,0.03333333333333333,exploratory_unweighted_not_clinical_reference
2021-2023,SMQ_L,SMD641,male,18-29,2.0,5,0.18518518518518517,exploratory_unweighted_not_clinical_reference
2021-2023,SMQ_L,SMD641,male,18-29,10.0,5,0.18518518518518517,exploratory_unweighted_not_clinical_reference
2021-2023,SMQ_L,SMD641,male,18-29,15.0,4,0.14814814814814814,exploratory_unweighted_not_clinical_reference
2021-2023,SMQ_L,SMD641,male,18-29,20.0,3,0.1111111111111111,exploratory_unweighted_not_clinical_reference
2021-2023,SMQ_L,SMD641,male,18-29,8.0,2,0.07407407407407407,exploratory_unweighted_not_clinical_reference
2021-2023,SMQ_L,SMD641,male,18-29,3.0,2,0.07407407407407407,exploratory_unweighted_not_clinical_reference
2021-2023,SMQ_L,SMD641,male,18-29,30.0,1,0.037037037037037035,exploratory_unweighted_not_clinical_reference
2021-2023,SMQ_L,SMD641,male,18-29,4.0,1,0.037037037037037035,exploratory_unweighted_not_clinical_reference
2021-2023,SMQ_L,SMD641,male,18-29,1.0,1,0.037037037037037035,exploratory_unweighted_not_clinical_reference
2021-2023,SMQ_L,SMD641,male,18-29,18.0,1,0.037037037037037035,exploratory_unweighted_not_clinical_reference
2021-2023,SMQ_L,SMD641,male,18-29,12.0,1,0.037037037037037035,exploratory_unweighted_not_clinical_reference
2021-2023,SMQ_L,SMD641,male,18-29,5.397605346934028e-79,1,0.037037037037037035,exploratory_unweighted_not_clinical_reference
2021-2023,SMQ_L,SMD641,male,30-39,2.0,5,0.21739130434782608,exploratory_unweighted_not_clinical_reference
2021-2023,SMQ_L,SMD641,male,30-39,5.397605346934028e-79,3,0.13043478260869565,exploratory_unweighted_not_clinical_reference
2021-2023,SMQ_L,SMD641,male,30-39,30.0,2,0.08695652173913043,exploratory_unweighted_not_clinical_reference
2021-2023,SMQ_L,SMD641,male,30-39,20.0,2,0.08695652173913043,exploratory_unweighted_not_clinical_reference
2021-2023,SMQ_L,SMD641,male,30-39,3.0,2,0.08695652173913043,exploratory_unweighted_not_clinical_reference
2021-2023,SMQ_L,SMD641,male,30-39,15.0,2,0.08695652173913043,exploratory_unweighted_not_clinical_reference
2021-2023,SMQ_L,SMD641,male,30-39,25.0,1,0.043478260869565216,exploratory_unweighted_not_clinical_reference
2021-2023,SMQ_L,SMD641,male,30-39,99.0,1,0.043478260869565216,exploratory_unweighted_not_clinical_reference
2021-2023,SMQ_L,SMD641,male,30-39,6.0,1,0.043478260869565216,exploratory_unweighted_not_clinical_reference
2021-2023,SMQ_L,SMD641,male,30-39,1.0,1,0.043478260869565216,exploratory_unweighted_not_clinical_reference
2021-2023,SMQ_L,SMD641,male,30-39,8.0,1,0.043478260869565216,exploratory_unweighted_not_clinical_reference
2021-2023,SMQ_L,SMD641,male,30-39,10.0,1,0.043478260869565216,exploratory_unweighted_not_clinical_reference
2021-2023,SMQ_L,SMD641,male,30-39,5.0,1,0.043478260869565216,exploratory_unweighted_not_clinical_reference
2021-2023,SMQ_L,SMD641,male,40-49,20.0,6,0.2727272727272727,exploratory_unweighted_not_clinical_reference
2021-2023,SMQ_L,SMD641,male,40-49,10.0,4,0.18181818181818182,exploratory_unweighted_not_clinical_reference
2021-2023,SMQ_L,SMD641,male,40-49,6.0,2,0.09090909090909091,exploratory_unweighted_not_clinical_reference
2021-2023,SMQ_L,SMD641,male,40-49,4.0,2,0.09090909090909091,exploratory_unweighted_not_clinical_reference
2021-2023,SMQ_L,SMD641,male,40-49,15.0,2,0.09090909090909091,exploratory_unweighted_not_clinical_reference
2021-2023,SMQ_L,SMD641,male,40-49,5.397605346934028e-79,1,0.045454545454545456,exploratory_unweighted_not_clinical_reference
2021-2023,SMQ_L,SMD641,male,40-49,3.0,1,0.045454545454545456,exploratory_unweighted_not_clinical_reference
2021-2023,SMQ_L,SMD641,male,40-49,1.0,1,0.045454545454545456,exploratory_unweighted_not_clinical_reference
2021-2023,SMQ_L,SMD641,male,40-49,2.0,1,0.045454545454545456,exploratory_unweighted_not_clinical_reference
2021-2023,SMQ_L,SMD641,male,40-49,28.0,1,0.045454545454545456,exploratory_unweighted_not_clinical_reference
2021-2023,SMQ_L,SMD641,male,40-49,12.0,1,0.045454545454545456,exploratory_unweighted_not_clinical_reference
2021-2023,SMQ_L,SMD641,male,60-69,15.0,7,0.21875,exploratory_unweighted_not_clinical_reference
2021-2023,SMQ_L,SMD641,male,60-69,3.0,5,0.15625,exploratory_unweighted_not_clinical_reference
2021-2023,SMQ_L,SMD641,male,60-69,20.0,4,0.125,exploratory_unweighted_not_clinical_reference
2021-2023,SMQ_L,SMD641,male,60-69,10.0,3,0.09375,exploratory_unweighted_not_clinical_reference
2021-2023,SMQ_L,SMD641,male,60-69,30.0,2,0.0625,exploratory_unweighted_not_clinical_reference
2021-2023,SMQ_L,SMD641,male,60-69,4.0,2,0.0625,exploratory_unweighted_not_clinical_reference
2021-2023,SMQ_L,SMD641,male,60-69,6.0,2,0.0625,exploratory_unweighted_not_clinical_reference
2021-2023,SMQ_L,SMD641,male,60-69,25.0,2,0.0625,exploratory_unweighted_not_clinical_reference
2021-2023,SMQ_L,SMD641,male,60-69,1.0,1,0.03125,exploratory_unweighted_not_clinical_reference
2021-2023,SMQ_L,SMD641,male,60-69,5.0,1,0.03125,exploratory_unweighted_not_clinical_reference
2021-2023,SMQ_L,SMD641,male,60-69,23.0,1,0.03125,exploratory_unweighted_not_clinical_reference
2021-2023,SMQ_L,SMD641,male,60-69,12.0,1,0.03125,exploratory_unweighted_not_clinical_reference
2021-2023,SMQ_L,SMD641,male,60-69,2.0,1,0.03125,exploratory_unweighted_not_clinical_reference
2021-2023,SMQ_L,SMD650,female,18-29,10.0,7,0.2,exploratory_unweighted_not_clinical_reference
2021-2023,SMQ_L,SMD650,female,18-29,2.0,4,0.11428571428571428,exploratory_unweighted_not_clinical_reference
2021-2023,SMQ_L,SMD650,female,18-29,7.0,4,0.11428571428571428,exploratory_unweighted_not_clinical_reference
2021-2023,SMQ_L,SMD650,female,18-29,3.0,4,0.11428571428571428,exploratory_unweighted_not_clinical_reference
2021-2023,SMQ_L,SMD650,female,18-29,4.0,3,0.08571428571428572,exploratory_unweighted_not_clinical_reference
2021-2023,SMQ_L,SMD650,female,18-29,6.0,2,0.05714285714285714,exploratory_unweighted_not_clinical_reference
2021-2023,SMQ_L,SMD650,female,18-29,5.0,2,0.05714285714285714,exploratory_unweighted_not_clinical_reference
2021-2023,SMQ_L,SMD650,female,18-29,1.0,2,0.05714285714285714,exploratory_unweighted_not_clinical_reference
2021-2023,SMQ_L,SMD650,female,18-29,12.0,2,0.05714285714285714,exploratory_unweighted_not_clinical_reference
2021-2023,SMQ_L,SMD650,female,18-29,21.0,1,0.02857142857142857,exploratory_unweighted_not_clinical_reference
2021-2023,SMQ_L,SMD650,female,18-29,15.0,1,0.02857142857142857,exploratory_unweighted_not_clinical_reference
2021-2023,SMQ_L,SMD650,female,18-29,8.0,1,0.02857142857142857,exploratory_unweighted_not_clinical_reference
2021-2023,SMQ_L,SMD650,female,18-29,9.0,1,0.02857142857142857,exploratory_unweighted_not_clinical_reference
2021-2023,SMQ_L,SMD650,female,18-29,20.0,1,0.02857142857142857,exploratory_unweighted_not_clinical_reference
2021-2023,SMQ_L,SMD650,female,30-39,10.0,20,0.23255813953488372,exploratory_unweighted_not_clinical_reference
2021-2023,SMQ_L,SMD650,female,30-39,20.0,13,0.1511627906976744,exploratory_unweighted_not_clinical_reference
2021-2023,SMQ_L,SMD650,female,30-39,5.0,7,0.08139534883720931,exploratory_unweighted_not_clinical_reference
2021-2023,SMQ_L,SMD650,female,30-39,3.0,7,0.08139534883720931,exploratory_unweighted_not_clinical_reference
2021-2023,SMQ_L,SMD650,female,30-39,4.0,7,0.08139534883720931,exploratory_unweighted_not_clinical_reference
2021-2023,SMQ_L,SMD650,female,30-39,2.0,6,0.06976744186046512,exploratory_unweighted_not_clinical_reference
2021-2023,SMQ_L,SMD650,female,30-39,1.0,6,0.06976744186046512,exploratory_unweighted_not_clinical_reference
2021-2023,SMQ_L,SMD650,female,30-39,15.0,5,0.05813953488372093,exploratory_unweighted_not_clinical_reference
2021-2023,SMQ_L,SMD650,female,30-39,7.0,3,0.03488372093023256,exploratory_unweighted_not_clinical_reference
2021-2023,SMQ_L,SMD650,female,30-39,6.0,3,0.03488372093023256,exploratory_unweighted_not_clinical_reference
2021-2023,SMQ_L,SMD650,female,30-39,11.0,2,0.023255813953488372,exploratory_unweighted_not_clinical_reference
2021-2023,SMQ_L,SMD650,female,30-39,12.0,2,0.023255813953488372,exploratory_unweighted_not_clinical_reference
2021-2023,SMQ_L,SMD650,female,30-39,9.0,1,0.011627906976744186,exploratory_unweighted_not_clinical_reference
2021-2023,SMQ_L,SMD650,female,30-39,16.0,1,0.011627906976744186,exploratory_unweighted_not_clinical_reference
2021-2023,SMQ_L,SMD650,female,30-39,999.0,1,0.011627906976744186,exploratory_unweighted_not_clinical_reference
2021-2023,SMQ_L,SMD650,female,30-39,40.0,1,0.011627906976744186,exploratory_unweighted_not_clinical_reference
2021-2023,SMQ_L,SMD650,female,30-39,8.0,1,0.011627906976744186,exploratory_unweighted_not_clinical_reference
2021-2023,SMQ_L,SMD650,female,40-49,20.0,18,0.1836734693877551,exploratory_unweighted_not_clinical_reference
2021-2023,SMQ_L,SMD650,female,40-49,10.0,18,0.1836734693877551,exploratory_unweighted_not_clinical_reference
2021-2023,SMQ_L,SMD650,female,40-49,5.0,10,0.10204081632653061,exploratory_unweighted_not_clinical_reference
2021-2023,SMQ_L,SMD650,female,40-49,1.0,8,0.08163265306122448,exploratory_unweighted_not_clinical_reference
2021-2023,SMQ_L,SMD650,female,40-49,15.0,7,0.07142857142857142,exploratory_unweighted_not_clinical_reference
2021-2023,SMQ_L,SMD650,female,40-49,2.0,6,0.061224489795918366,exploratory_unweighted_not_clinical_reference
2021-2023,SMQ_L,SMD650,female,40-49,12.0,6,0.061224489795918366,exploratory_unweighted_not_clinical_reference
2021-2023,SMQ_L,SMD650,female,40-49,30.0,5,0.05102040816326531,exploratory_unweighted_not_clinical_reference
2021-2023,SMQ_L,SMD650,female,40-49,4.0,5,0.05102040816326531,exploratory_unweighted_not_clinical_reference
2021-2023,SMQ_L,SMD650,female,40-49,7.0,4,0.04081632653061224,exploratory_unweighted_not_clinical_reference
2021-2023,SMQ_L,SMD650,female,40-49,6.0,3,0.030612244897959183,exploratory_unweighted_not_clinical_reference
2021-2023,SMQ_L,SMD650,female,40-49,3.0,2,0.02040816326530612,exploratory_unweighted_not_clinical_reference
2021-2023,SMQ_L,SMD650,female,40-49,8.0,1,0.01020408163265306,exploratory_unweighted_not_clinical_reference
2021-2023,SMQ_L,SMD650,female,40-49,13.0,1,0.01020408163265306,exploratory_unweighted_not_clinical_reference
2021-2023,SMQ_L,SMD650,female,40-49,25.0,1,0.01020408163265306,exploratory_unweighted_not_clinical_reference
2021-2023,SMQ_L,SMD650,female,40-49,40.0,1,0.01020408163265306,exploratory_unweighted_not_clinical_reference
2021-2023,SMQ_L,SMD650,female,40-49,999.0,1,0.01020408163265306,exploratory_unweighted_not_clinical_reference
2021-2023,SMQ_L,SMD650,female,40-49,16.0,1,0.01020408163265306,exploratory_unweighted_not_clinical_reference
2021-2023,SMQ_L,SMD650,female,50-59,10.0,24,0.1935483870967742,exploratory_unweighted_not_clinical_reference
2021-2023,SMQ_L,SMD650,female,50-59,20.0,22,0.1774193548387097,exploratory_unweighted_not_clinical_reference
2021-2023,SMQ_L,SMD650,female,50-59,5.0,14,0.11290322580645161,exploratory_unweighted_not_clinical_reference
2021-2023,SMQ_L,SMD650,female,50-59,1.0,9,0.07258064516129033,exploratory_unweighted_not_clinical_reference
2021-2023,SMQ_L,SMD650,female,50-59,2.0,9,0.07258064516129033,exploratory_unweighted_not_clinical_reference
2021-2023,SMQ_L,SMD650,female,50-59,15.0,9,0.07258064516129033,exploratory_unweighted_not_clinical_reference
2021-2023,SMQ_L,SMD650,female,50-59,7.0,6,0.04838709677419355,exploratory_unweighted_not_clinical_reference
2021-2023,SMQ_L,SMD650,female,50-59,25.0,4,0.03225806451612903,exploratory_unweighted_not_clinical_reference
2021-2023,SMQ_L,SMD650,female,50-59,6.0,4,0.03225806451612903,exploratory_unweighted_not_clinical_reference
2021-2023,SMQ_L,SMD650,female,50-59,30.0,3,0.024193548387096774,exploratory_unweighted_not_clinical_reference
2021-2023,SMQ_L,SMD650,female,50-59,999.0,3,0.024193548387096774,exploratory_unweighted_not_clinical_reference
2021-2023,SMQ_L,SMD650,female,50-59,12.0,2,0.016129032258064516,exploratory_unweighted_not_clinical_reference
2021-2023,SMQ_L,SMD650,female,50-59,3.0,2,0.016129032258064516,exploratory_unweighted_not_clinical_reference
2021-2023,SMQ_L,SMD650,female,50-59,8.0,2,0.016129032258064516,exploratory_unweighted_not_clinical_reference
2021-2023,SMQ_L,SMD650,female,50-59,16.0,2,0.016129032258064516,exploratory_unweighted_not_clinical_reference
2021-2023,SMQ_L,SMD650,female,50-59,24.0,2,0.016129032258064516,exploratory_unweighted_not_clinical_reference
2021-2023,SMQ_L,SMD650,female,50-59,50.0,2,0.016129032258064516,exploratory_unweighted_not_clinical_reference
2021-2023,SMQ_L,SMD650,female,50-59,40.0,2,0.016129032258064516,exploratory_unweighted_not_clinical_reference
2021-2023,SMQ_L,SMD650,female,50-59,4.0,1,0.008064516129032258,exploratory_unweighted_not_clinical_reference
2021-2023,SMQ_L,SMD650,female,50-59,18.0,1,0.008064516129032258,exploratory_unweighted_not_clinical_reference
2021-2023,SMQ_L,SMD650,female,50-59,90.0,1,0.008064516129032258,exploratory_unweighted_not_clinical_reference
2021-2023,SMQ_L,SMD650,female,60-69,20.0,33,0.22448979591836735,exploratory_unweighted_not_clinical_reference
2021-2023,SMQ_L,SMD650,female,60-69,10.0,33,0.22448979591836735,exploratory_unweighted_not_clinical_reference
2021-2023,SMQ_L,SMD650,female,60-69,5.0,15,0.10204081632653061,exploratory_unweighted_not_clinical_reference
2021-2023,SMQ_L,SMD650,female,60-69,15.0,12,0.08163265306122448,exploratory_unweighted_not_clinical_reference
2021-2023,SMQ_L,SMD650,female,60-69,1.0,10,0.06802721088435375,exploratory_unweighted_not_clinical_reference
2021-2023,SMQ_L,SMD650,female,60-69,2.0,9,0.061224489795918366,exploratory_unweighted_not_clinical_reference
2021-2023,SMQ_L,SMD650,female,60-69,6.0,9,0.061224489795918366,exploratory_unweighted_not_clinical_reference
2021-2023,SMQ_L,SMD650,female,60-69,7.0,8,0.05442176870748299,exploratory_unweighted_not_clinical_reference
2021-2023,SMQ_L,SMD650,female,60-69,12.0,4,0.027210884353741496,exploratory_unweighted_not_clinical_reference
2021-2023,SMQ_L,SMD650,female,60-69,4.0,3,0.02040816326530612,exploratory_unweighted_not_clinical_reference
2021-2023,SMQ_L,SMD650,female,60-69,8.0,3,0.02040816326530612,exploratory_unweighted_not_clinical_reference
2021-2023,SMQ_L,SMD650,female,60-69,40.0,2,0.013605442176870748,exploratory_unweighted_not_clinical_reference
2021-2023,SMQ_L,SMD650,female,60-69,30.0,2,0.013605442176870748,exploratory_unweighted_not_clinical_reference
2021-2023,SMQ_L,SMD650,female,60-69,3.0,2,0.013605442176870748,exploratory_unweighted_not_clinical_reference
2021-2023,SMQ_L,SMD650,female,60-69,17.0,1,0.006802721088435374,exploratory_unweighted_not_clinical_reference
2021-2023,SMQ_L,SMD650,female,60-69,16.0,1,0.006802721088435374,exploratory_unweighted_not_clinical_reference
2021-2023,SMQ_L,SMD650,female,70-79,10.0,10,0.2222222222222222,exploratory_unweighted_not_clinical_reference
2021-2023,SMQ_L,SMD650,female,70-79,5.0,7,0.15555555555555556,exploratory_unweighted_not_clinical_reference
2021-2023,SMQ_L,SMD650,female,70-79,6.0,4,0.08888888888888889,exploratory_unweighted_not_clinical_reference
2021-2023,SMQ_L,SMD650,female,70-79,1.0,4,0.08888888888888889,exploratory_unweighted_not_clinical_reference
2021-2023,SMQ_L,SMD650,female,70-79,4.0,4,0.08888888888888889,exploratory_unweighted_not_clinical_reference
2021-2023,SMQ_L,SMD650,female,70-79,2.0,4,0.08888888888888889,exploratory_unweighted_not_clinical_reference
2021-2023,SMQ_L,SMD650,female,70-79,20.0,3,0.06666666666666667,exploratory_unweighted_not_clinical_reference
2021-2023,SMQ_L,SMD650,female,70-79,15.0,2,0.044444444444444446,exploratory_unweighted_not_clinical_reference
2021-2023,SMQ_L,SMD650,female,70-79,40.0,2,0.044444444444444446,exploratory_unweighted_not_clinical_reference
2021-2023,SMQ_L,SMD650,female,70-79,11.0,1,0.022222222222222223,exploratory_unweighted_not_clinical_reference
2021-2023,SMQ_L,SMD650,female,70-79,8.0,1,0.022222222222222223,exploratory_unweighted_not_clinical_reference
2021-2023,SMQ_L,SMD650,female,70-79,18.0,1,0.022222222222222223,exploratory_unweighted_not_clinical_reference
2021-2023,SMQ_L,SMD650,female,70-79,16.0,1,0.022222222222222223,exploratory_unweighted_not_clinical_reference
2021-2023,SMQ_L,SMD650,female,70-79,3.0,1,0.022222222222222223,exploratory_unweighted_not_clinical_reference
2021-2023,SMQ_L,SMD650,male,18-29,1.0,10,0.15384615384615385,exploratory_unweighted_not_clinical_reference
2021-2023,SMQ_L,SMD650,male,18-29,2.0,9,0.13846153846153847,exploratory_unweighted_not_clinical_reference
2021-2023,SMQ_L,SMD650,male,18-29,5.0,8,0.12307692307692308,exploratory_unweighted_not_clinical_reference
2021-2023,SMQ_L,SMD650,male,18-29,6.0,7,0.1076923076923077,exploratory_unweighted_not_clinical_reference
2021-2023,SMQ_L,SMD650,male,18-29,4.0,6,0.09230769230769231,exploratory_unweighted_not_clinical_reference
2021-2023,SMQ_L,SMD650,male,18-29,3.0,5,0.07692307692307693,exploratory_unweighted_not_clinical_reference
2021-2023,SMQ_L,SMD650,male,18-29,10.0,5,0.07692307692307693,exploratory_unweighted_not_clinical_reference
2021-2023,SMQ_L,SMD650,male,18-29,20.0,5,0.07692307692307693,exploratory_unweighted_not_clinical_reference
2021-2023,SMQ_L,SMD650,male,18-29,15.0,4,0.06153846153846154,exploratory_unweighted_not_clinical_reference
2021-2023,SMQ_L,SMD650,male,18-29,12.0,2,0.03076923076923077,exploratory_unweighted_not_clinical_reference
2021-2023,SMQ_L,SMD650,male,18-29,7.0,1,0.015384615384615385,exploratory_unweighted_not_clinical_reference
2021-2023,SMQ_L,SMD650,male,18-29,30.0,1,0.015384615384615385,exploratory_unweighted_not_clinical_reference
2021-2023,SMQ_L,SMD650,male,18-29,13.0,1,0.015384615384615385,exploratory_unweighted_not_clinical_reference
2021-2023,SMQ_L,SMD650,male,18-29,8.0,1,0.015384615384615385,exploratory_unweighted_not_clinical_reference
2021-2023,SMQ_L,SMD650,male,30-39,10.0,20,0.1941747572815534,exploratory_unweighted_not_clinical_reference
2021-2023,SMQ_L,SMD650,male,30-39,20.0,18,0.17475728155339806,exploratory_unweighted_not_clinical_reference
2021-2023,SMQ_L,SMD650,male,30-39,2.0,8,0.07766990291262135,exploratory_unweighted_not_clinical_reference
2021-2023,SMQ_L,SMD650,male,30-39,3.0,7,0.06796116504854369,exploratory_unweighted_not_clinical_reference
2021-2023,SMQ_L,SMD650,male,30-39,5.0,7,0.06796116504854369,exploratory_unweighted_not_clinical_reference
2021-2023,SMQ_L,SMD650,male,30-39,1.0,7,0.06796116504854369,exploratory_unweighted_not_clinical_reference
2021-2023,SMQ_L,SMD650,male,30-39,15.0,6,0.05825242718446602,exploratory_unweighted_not_clinical_reference
2021-2023,SMQ_L,SMD650,male,30-39,40.0,6,0.05825242718446602,exploratory_unweighted_not_clinical_reference
2021-2023,SMQ_L,SMD650,male,30-39,4.0,5,0.04854368932038835,exploratory_unweighted_not_clinical_reference
2021-2023,SMQ_L,SMD650,male,30-39,6.0,5,0.04854368932038835,exploratory_unweighted_not_clinical_reference
2021-2023,SMQ_L,SMD650,male,30-39,8.0,4,0.038834951456310676,exploratory_unweighted_not_clinical_reference
2021-2023,SMQ_L,SMD650,male,30-39,30.0,3,0.02912621359223301,exploratory_unweighted_not_clinical_reference
2021-2023,SMQ_L,SMD650,male,30-39,12.0,2,0.019417475728155338,exploratory_unweighted_not_clinical_reference
2021-2023,SMQ_L,SMD650,male,30-39,7.0,2,0.019417475728155338,exploratory_unweighted_not_clinical_reference
2021-2023,SMQ_L,SMD650,male,30-39,25.0,1,0.009708737864077669,exploratory_unweighted_not_clinical_reference
2021-2023,SMQ_L,SMD650,male,30-39,999.0,1,0.009708737864077669,exploratory_unweighted_not_clinical_reference
2021-2023,SMQ_L,SMD650,male,30-39,60.0,1,0.009708737864077669,exploratory_unweighted_not_clinical_reference
2021-2023,SMQ_L,SMD650,male,40-49,20.0,22,0.20754716981132076,exploratory_unweighted_not_clinical_reference
2021-2023,SMQ_L,SMD650,male,40-49,10.0,21,0.19811320754716982,exploratory_unweighted_not_clinical_reference
2021-2023,SMQ_L,SMD650,male,40-49,3.0,8,0.07547169811320754,exploratory_unweighted_not_clinical_reference
2021-2023,SMQ_L,SMD650,male,40-49,2.0,7,0.0660377358490566,exploratory_unweighted_not_clinical_reference
2021-2023,SMQ_L,SMD650,male,40-49,30.0,7,0.0660377358490566,exploratory_unweighted_not_clinical_reference
2021-2023,SMQ_L,SMD650,male,40-49,4.0,6,0.05660377358490566,exploratory_unweighted_not_clinical_reference
2021-2023,SMQ_L,SMD650,male,40-49,8.0,6,0.05660377358490566,exploratory_unweighted_not_clinical_reference
2021-2023,SMQ_L,SMD650,male,40-49,7.0,6,0.05660377358490566,exploratory_unweighted_not_clinical_reference
2021-2023,SMQ_L,SMD650,male,40-49,1.0,5,0.04716981132075472,exploratory_unweighted_not_clinical_reference
2021-2023,SMQ_L,SMD650,male,40-49,5.0,4,0.03773584905660377,exploratory_unweighted_not_clinical_reference
2021-2023,SMQ_L,SMD650,male,40-49,12.0,4,0.03773584905660377,exploratory_unweighted_not_clinical_reference
2021-2023,SMQ_L,SMD650,male,40-49,15.0,3,0.02830188679245283,exploratory_unweighted_not_clinical_reference
2021-2023,SMQ_L,SMD650,male,40-49,6.0,2,0.018867924528301886,exploratory_unweighted_not_clinical_reference
2021-2023,SMQ_L,SMD650,male,40-49,25.0,2,0.018867924528301886,exploratory_unweighted_not_clinical_reference
2021-2023,SMQ_L,SMD650,male,40-49,40.0,2,0.018867924528301886,exploratory_unweighted_not_clinical_reference
2021-2023,SMQ_L,SMD650,male,40-49,999.0,1,0.009433962264150943,exploratory_unweighted_not_clinical_reference
2021-2023,SMQ_L,SMD650,male,50-59,20.0,24,0.19047619047619047,exploratory_unweighted_not_clinical_reference
2021-2023,SMQ_L,SMD650,male,50-59,15.0,19,0.15079365079365079,exploratory_unweighted_not_clinical_reference
2021-2023,SMQ_L,SMD650,male,50-59,10.0,13,0.10317460317460317,exploratory_unweighted_not_clinical_reference
2021-2023,SMQ_L,SMD650,male,50-59,6.0,9,0.07142857142857142,exploratory_unweighted_not_clinical_reference
2021-2023,SMQ_L,SMD650,male,50-59,1.0,9,0.07142857142857142,exploratory_unweighted_not_clinical_reference
2021-2023,SMQ_L,SMD650,male,50-59,5.0,8,0.06349206349206349,exploratory_unweighted_not_clinical_reference
2021-2023,SMQ_L,SMD650,male,50-59,40.0,6,0.047619047619047616,exploratory_unweighted_not_clinical_reference
2021-2023,SMQ_L,SMD650,male,50-59,2.0,6,0.047619047619047616,exploratory_unweighted_not_clinical_reference
2021-2023,SMQ_L,SMD650,male,50-59,4.0,5,0.03968253968253968,exploratory_unweighted_not_clinical_reference
2021-2023,SMQ_L,SMD650,male,50-59,7.0,5,0.03968253968253968,exploratory_unweighted_not_clinical_reference
2021-2023,SMQ_L,SMD650,male,50-59,3.0,5,0.03968253968253968,exploratory_unweighted_not_clinical_reference
2021-2023,SMQ_L,SMD650,male,50-59,12.0,5,0.03968253968253968,exploratory_unweighted_not_clinical_reference
2021-2023,SMQ_L,SMD650,male,50-59,18.0,2,0.015873015873015872,exploratory_unweighted_not_clinical_reference
2021-2023,SMQ_L,SMD650,male,50-59,95.0,2,0.015873015873015872,exploratory_unweighted_not_clinical_reference
2021-2023,SMQ_L,SMD650,male,50-59,25.0,2,0.015873015873015872,exploratory_unweighted_not_clinical_reference
2021-2023,SMQ_L,SMD650,male,50-59,60.0,1,0.007936507936507936,exploratory_unweighted_not_clinical_reference
2021-2023,SMQ_L,SMD650,male,50-59,11.0,1,0.007936507936507936,exploratory_unweighted_not_clinical_reference
2021-2023,SMQ_L,SMD650,male,50-59,30.0,1,0.007936507936507936,exploratory_unweighted_not_clinical_reference
2021-2023,SMQ_L,SMD650,male,50-59,28.0,1,0.007936507936507936,exploratory_unweighted_not_clinical_reference
2021-2023,SMQ_L,SMD650,male,50-59,8.0,1,0.007936507936507936,exploratory_unweighted_not_clinical_reference
2021-2023,SMQ_L,SMD650,male,50-59,26.0,1,0.007936507936507936,exploratory_unweighted_not_clinical_reference
2021-2023,SMQ_L,SMD650,male,60-69,10.0,30,0.189873417721519,exploratory_unweighted_not_clinical_reference
2021-2023,SMQ_L,SMD650,male,60-69,20.0,27,0.17088607594936708,exploratory_unweighted_not_clinical_reference
2021-2023,SMQ_L,SMD650,male,60-69,15.0,15,0.0949367088607595,exploratory_unweighted_not_clinical_reference
2021-2023,SMQ_L,SMD650,male,60-69,5.0,13,0.08227848101265822,exploratory_unweighted_not_clinical_reference
2021-2023,SMQ_L,SMD650,male,60-69,2.0,10,0.06329113924050633,exploratory_unweighted_not_clinical_reference
2021-2023,SMQ_L,SMD650,male,60-69,1.0,10,0.06329113924050633,exploratory_unweighted_not_clinical_reference
2021-2023,SMQ_L,SMD650,male,60-69,30.0,9,0.056962025316455694,exploratory_unweighted_not_clinical_reference
2021-2023,SMQ_L,SMD650,male,60-69,3.0,8,0.05063291139240506,exploratory_unweighted_not_clinical_reference
2021-2023,SMQ_L,SMD650,male,60-69,4.0,6,0.0379746835443038,exploratory_unweighted_not_clinical_reference
2021-2023,SMQ_L,SMD650,male,60-69,40.0,6,0.0379746835443038,exploratory_unweighted_not_clinical_reference
2021-2023,SMQ_L,SMD650,male,60-69,8.0,5,0.03164556962025317,exploratory_unweighted_not_clinical_reference
2021-2023,SMQ_L,SMD650,male,60-69,6.0,4,0.02531645569620253,exploratory_unweighted_not_clinical_reference
2021-2023,SMQ_L,SMD650,male,60-69,7.0,4,0.02531645569620253,exploratory_unweighted_not_clinical_reference
2021-2023,SMQ_L,SMD650,male,60-69,12.0,4,0.02531645569620253,exploratory_unweighted_not_clinical_reference
2021-2023,SMQ_L,SMD650,male,60-69,9.0,2,0.012658227848101266,exploratory_unweighted_not_clinical_reference
2021-2023,SMQ_L,SMD650,male,60-69,25.0,2,0.012658227848101266,exploratory_unweighted_not_clinical_reference
2021-2023,SMQ_L,SMD650,male,60-69,60.0,1,0.006329113924050633,exploratory_unweighted_not_clinical_reference
2021-2023,SMQ_L,SMD650,male,60-69,999.0,1,0.006329113924050633,exploratory_unweighted_not_clinical_reference
2021-2023,SMQ_L,SMD650,male,60-69,38.0,1,0.006329113924050633,exploratory_unweighted_not_clinical_reference
2021-2023,SMQ_L,SMD650,male,70-79,20.0,15,0.22388059701492538,exploratory_unweighted_not_clinical_reference
2021-2023,SMQ_L,SMD650,male,70-79,10.0,13,0.19402985074626866,exploratory_unweighted_not_clinical_reference
2021-2023,SMQ_L,SMD650,male,70-79,1.0,9,0.13432835820895522,exploratory_unweighted_not_clinical_reference
2021-2023,SMQ_L,SMD650,male,70-79,12.0,4,0.05970149253731343,exploratory_unweighted_not_clinical_reference
2021-2023,SMQ_L,SMD650,male,70-79,4.0,4,0.05970149253731343,exploratory_unweighted_not_clinical_reference
2021-2023,SMQ_L,SMD650,male,70-79,5.0,3,0.04477611940298507,exploratory_unweighted_not_clinical_reference
2021-2023,SMQ_L,SMD650,male,70-79,3.0,3,0.04477611940298507,exploratory_unweighted_not_clinical_reference
2021-2023,SMQ_L,SMD650,male,70-79,6.0,3,0.04477611940298507,exploratory_unweighted_not_clinical_reference
2021-2023,SMQ_L,SMD650,male,70-79,15.0,3,0.04477611940298507,exploratory_unweighted_not_clinical_reference
2021-2023,SMQ_L,SMD650,male,70-79,8.0,3,0.04477611940298507,exploratory_unweighted_not_clinical_reference
2021-2023,SMQ_L,SMD650,male,70-79,7.0,2,0.029850746268656716,exploratory_unweighted_not_clinical_reference
2021-2023,SMQ_L,SMD650,male,70-79,2.0,2,0.029850746268656716,exploratory_unweighted_not_clinical_reference
2021-2023,SMQ_L,SMD650,male,70-79,999.0,1,0.014925373134328358,exploratory_unweighted_not_clinical_reference
2021-2023,SMQ_L,SMD650,male,70-79,35.0,1,0.014925373134328358,exploratory_unweighted_not_clinical_reference
2021-2023,SMQ_L,SMD650,male,70-79,25.0,1,0.014925373134328358,exploratory_unweighted_not_clinical_reference
2021-2023,SMQ_L,SMD100MN,female,18-29,1.0,19,0.5428571428571428,exploratory_unweighted_not_clinical_reference
2021-2023,SMQ_L,SMD100MN,female,18-29,5.397605346934028e-79,16,0.45714285714285713,exploratory_unweighted_not_clinical_reference
2021-2023,SMQ_L,SMD100MN,female,30-39,1.0,47,0.5465116279069767,exploratory_unweighted_not_clinical_reference
2021-2023,SMQ_L,SMD100MN,female,30-39,5.397605346934028e-79,39,0.45348837209302323,exploratory_unweighted_not_clinical_reference
2021-2023,SMQ_L,SMD100MN,female,40-49,5.397605346934028e-79,52,0.5306122448979592,exploratory_unweighted_not_clinical_reference
2021-2023,SMQ_L,SMD100MN,female,40-49,1.0,46,0.46938775510204084,exploratory_unweighted_not_clinical_reference
2021-2023,SMQ_L,SMD100MN,female,50-59,5.397605346934028e-79,81,0.6532258064516129,exploratory_unweighted_not_clinical_reference
2021-2023,SMQ_L,SMD100MN,female,50-59,1.0,43,0.3467741935483871,exploratory_unweighted_not_clinical_reference
2021-2023,SMQ_L,SMD100MN,female,60-69,5.397605346934028e-79,90,0.6122448979591837,exploratory_unweighted_not_clinical_reference
2021-2023,SMQ_L,SMD100MN,female,60-69,1.0,57,0.3877551020408163,exploratory_unweighted_not_clinical_reference
2021-2023,SMQ_L,SMD100MN,female,70-79,5.397605346934028e-79,31,0.6888888888888889,exploratory_unweighted_not_clinical_reference
2021-2023,SMQ_L,SMD100MN,female,70-79,1.0,14,0.3111111111111111,exploratory_unweighted_not_clinical_reference
2021-2023,SMQ_L,SMD100MN,male,18-29,5.397605346934028e-79,33,0.5076923076923077,exploratory_unweighted_not_clinical_reference
2021-2023,SMQ_L,SMD100MN,male,18-29,1.0,31,0.47692307692307695,exploratory_unweighted_not_clinical_reference
2021-2023,SMQ_L,SMD100MN,male,18-29,9.0,1,0.015384615384615385,exploratory_unweighted_not_clinical_reference
2021-2023,SMQ_L,SMD100MN,male,30-39,1.0,58,0.5631067961165048,exploratory_unweighted_not_clinical_reference
2021-2023,SMQ_L,SMD100MN,male,30-39,5.397605346934028e-79,44,0.42718446601941745,exploratory_unweighted_not_clinical_reference
2021-2023,SMQ_L,SMD100MN,male,30-39,9.0,1,0.009708737864077669,exploratory_unweighted_not_clinical_reference
2021-2023,SMQ_L,SMD100MN,male,40-49,5.397605346934028e-79,71,0.6698113207547169,exploratory_unweighted_not_clinical_reference
2021-2023,SMQ_L,SMD100MN,male,40-49,1.0,35,0.330188679245283,exploratory_unweighted_not_clinical_reference
2021-2023,SMQ_L,SMD100MN,male,50-59,5.397605346934028e-79,91,0.7222222222222222,exploratory_unweighted_not_clinical_reference
2021-2023,SMQ_L,SMD100MN,male,50-59,1.0,35,0.2777777777777778,exploratory_unweighted_not_clinical_reference
2021-2023,SMQ_L,SMD100MN,male,60-69,5.397605346934028e-79,105,0.6645569620253164,exploratory_unweighted_not_clinical_reference
2021-2023,SMQ_L,SMD100MN,male,60-69,1.0,52,0.3291139240506329,exploratory_unweighted_not_clinical_reference
2021-2023,SMQ_L,SMD100MN,male,60-69,9.0,1,0.006329113924050633,exploratory_unweighted_not_clinical_reference
2021-2023,SMQ_L,SMD100MN,male,70-79,5.397605346934028e-79,48,0.7164179104477612,exploratory_unweighted_not_clinical_reference
2021-2023,SMQ_L,SMD100MN,male,70-79,1.0,19,0.2835820895522388,exploratory_unweighted_not_clinical_reference
2021-2023,SMQ_L,SMQ621,female,12-17,1.0,364,0.9285714285714286,exploratory_unweighted_not_clinical_reference
2021-2023,SMQ_L,SMQ621,female,12-17,2.0,15,0.03826530612244898,exploratory_unweighted_not_clinical_reference
2021-2023,SMQ_L,SMQ621,female,12-17,3.0,4,0.01020408163265306,exploratory_unweighted_not_clinical_reference
2021-2023,SMQ_L,SMQ621,female,12-17,4.0,2,0.00510204081632653,exploratory_unweighted_not_clinical_reference
2021-2023,SMQ_L,SMQ621,female,12-17,7.0,2,0.00510204081632653,exploratory_unweighted_not_clinical_reference
2021-2023,SMQ_L,SMQ621,female,12-17,6.0,2,0.00510204081632653,exploratory_unweighted_not_clinical_reference
2021-2023,SMQ_L,SMQ621,female,12-17,99.0,1,0.002551020408163265,exploratory_unweighted_not_clinical_reference
2021-2023,SMQ_L,SMQ621,female,12-17,5.0,1,0.002551020408163265,exploratory_unweighted_not_clinical_reference
2021-2023,SMQ_L,SMQ621,female,12-17,8.0,1,0.002551020408163265,exploratory_unweighted_not_clinical_reference
2021-2023,SMQ_L,SMQ621,male,12-17,1.0,356,0.9368421052631579,exploratory_unweighted_not_clinical_reference
2021-2023,SMQ_L,SMQ621,male,12-17,2.0,13,0.034210526315789476,exploratory_unweighted_not_clinical_reference
2021-2023,SMQ_L,SMQ621,male,12-17,5.0,3,0.007894736842105263,exploratory_unweighted_not_clinical_reference
2021-2023,SMQ_L,SMQ621,male,12-17,6.0,3,0.007894736842105263,exploratory_unweighted_not_clinical_reference
2021-2023,SMQ_L,SMQ621,male,12-17,3.0,2,0.005263157894736842,exploratory_unweighted_not_clinical_reference
2021-2023,SMQ_L,SMQ621,male,12-17,4.0,2,0.005263157894736842,exploratory_unweighted_not_clinical_reference
2021-2023,SMQ_L,SMQ621,male,12-17,8.0,1,0.002631578947368421,exploratory_unweighted_not_clinical_reference
2021-2023,SMQ_L,SMAQUEX2,female,12-17,2.0,438,1.0,exploratory_unweighted_not_clinical_reference
2021-2023,SMQ_L,SMAQUEX2,female,18-29,1.0,672,1.0,exploratory_unweighted_not_clinical_reference
2021-2023,SMQ_L,SMAQUEX2,female,30-39,1.0,680,1.0,exploratory_unweighted_not_clinical_reference
2021-2023,SMQ_L,SMAQUEX2,female,40-49,1.0,579,1.0,exploratory_unweighted_not_clinical_reference
2021-2023,SMQ_L,SMAQUEX2,female,50-59,1.0,650,1.0,exploratory_unweighted_not_clinical_reference
2021-2023,SMQ_L,SMAQUEX2,female,60-69,1.0,969,1.0,exploratory_unweighted_not_clinical_reference
2021-2023,SMQ_L,SMAQUEX2,female,70-79,1.0,654,1.0,exploratory_unweighted_not_clinical_reference
2021-2023,SMQ_L,SMAQUEX2,female,80+,1.0,292,1.0,exploratory_unweighted_not_clinical_reference
2021-2023,SMQ_L,SMAQUEX2,male,12-17,2.0,424,1.0,exploratory_unweighted_not_clinical_reference
2021-2023,SMQ_L,SMAQUEX2,male,18-29,1.0,576,1.0,exploratory_unweighted_not_clinical_reference
2021-2023,SMQ_L,SMAQUEX2,male,30-39,1.0,500,1.0,exploratory_unweighted_not_clinical_reference
2021-2023,SMQ_L,SMAQUEX2,male,40-49,1.0,463,1.0,exploratory_unweighted_not_clinical_reference
2021-2023,SMQ_L,SMAQUEX2,male,50-59,1.0,529,1.0,exploratory_unweighted_not_clinical_reference
2021-2023,SMQ_L,SMAQUEX2,male,60-69,1.0,796,1.0,exploratory_unweighted_not_clinical_reference
2021-2023,SMQ_L,SMAQUEX2,male,70-79,1.0,560,1.0,exploratory_unweighted_not_clinical_reference
2021-2023,SMQ_L,SMAQUEX2,male,80+,1.0,233,1.0,exploratory_unweighted_not_clinical_reference
2021-2023,SMQRTU_L,SMQ681,female,12-17,2.0,388,0.9897959183673469,exploratory_unweighted_not_clinical_reference
2021-2023,SMQRTU_L,SMQ681,female,12-17,1.0,4,0.01020408163265306,exploratory_unweighted_not_clinical_reference
2021-2023,SMQRTU_L,SMQ681,female,18-29,2.0,392,0.9053117782909931,exploratory_unweighted_not_clinical_reference
2021-2023,SMQRTU_L,SMQ681,female,18-29,1.0,41,0.09468822170900693,exploratory_unweighted_not_clinical_reference
2021-2023,SMQRTU_L,SMQ681,female,30-39,2.0,352,0.8380952380952381,exploratory_unweighted_not_clinical_reference
2021-2023,SMQRTU_L,SMQ681,female,30-39,1.0,67,0.1595238095238095,exploratory_unweighted_not_clinical_reference
2021-2023,SMQRTU_L,SMQ681,female,30-39,7.0,1,0.002380952380952381,exploratory_unweighted_not_clinical_reference
2021-2023,SMQRTU_L,SMQ681,female,40-49,2.0,301,0.8201634877384196,exploratory_unweighted_not_clinical_reference
2021-2023,SMQRTU_L,SMQ681,female,40-49,1.0,66,0.17983651226158037,exploratory_unweighted_not_clinical_reference
2021-2023,SMQRTU_L,SMQ681,female,50-59,2.0,364,0.8125,exploratory_unweighted_not_clinical_reference
2021-2023,SMQRTU_L,SMQ681,female,50-59,1.0,84,0.1875,exploratory_unweighted_not_clinical_reference
2021-2023,SMQRTU_L,SMQ681,female,60-69,2.0,630,0.8422459893048129,exploratory_unweighted_not_clinical_reference
2021-2023,SMQRTU_L,SMQ681,female,60-69,1.0,118,0.15775401069518716,exploratory_unweighted_not_clinical_reference
2021-2023,SMQRTU_L,SMQ681,female,70-79,2.0,396,0.9103448275862069,exploratory_unweighted_not_clinical_reference
2021-2023,SMQRTU_L,SMQ681,female,70-79,1.0,39,0.0896551724137931,exploratory_unweighted_not_clinical_reference
2021-2023,SMQRTU_L,SMQ681,female,80+,2.0,130,0.9701492537313433,exploratory_unweighted_not_clinical_reference
2021-2023,SMQRTU_L,SMQ681,female,80+,1.0,4,0.029850746268656716,exploratory_unweighted_not_clinical_reference
2021-2023,SMQRTU_L,SMQ681,male,12-17,2.0,376,0.9894736842105263,exploratory_unweighted_not_clinical_reference
2021-2023,SMQRTU_L,SMQ681,male,12-17,1.0,4,0.010526315789473684,exploratory_unweighted_not_clinical_reference
2021-2023,SMQRTU_L,SMQ681,male,18-29,2.0,323,0.8389610389610389,exploratory_unweighted_not_clinical_reference
2021-2023,SMQRTU_L,SMQ681,male,18-29,1.0,62,0.16103896103896104,exploratory_unweighted_not_clinical_reference
2021-2023,SMQRTU_L,SMQ681,male,30-39,2.0,260,0.7492795389048992,exploratory_unweighted_not_clinical_reference
2021-2023,SMQRTU_L,SMQ681,male,30-39,1.0,87,0.2507204610951009,exploratory_unweighted_not_clinical_reference
2021-2023,SMQRTU_L,SMQ681,male,40-49,2.0,224,0.7296416938110749,exploratory_unweighted_not_clinical_reference
2021-2023,SMQRTU_L,SMQ681,male,40-49,1.0,83,0.2703583061889251,exploratory_unweighted_not_clinical_reference
2021-2023,SMQRTU_L,SMQ681,male,50-59,2.0,262,0.7197802197802198,exploratory_unweighted_not_clinical_reference
2021-2023,SMQRTU_L,SMQ681,male,50-59,1.0,102,0.2802197802197802,exploratory_unweighted_not_clinical_reference
2021-2023,SMQRTU_L,SMQ681,male,60-69,2.0,466,0.7845117845117845,exploratory_unweighted_not_clinical_reference
2021-2023,SMQRTU_L,SMQ681,male,60-69,1.0,127,0.2138047138047138,exploratory_unweighted_not_clinical_reference
2021-2023,SMQRTU_L,SMQ681,male,60-69,9.0,1,0.0016835016835016834,exploratory_unweighted_not_clinical_reference
2021-2023,SMQRTU_L,SMQ681,male,70-79,2.0,349,0.8903061224489796,exploratory_unweighted_not_clinical_reference
2021-2023,SMQRTU_L,SMQ681,male,70-79,1.0,43,0.1096938775510204,exploratory_unweighted_not_clinical_reference
2021-2023,SMQRTU_L,SMQ681,male,80+,2.0,117,0.9590163934426229,exploratory_unweighted_not_clinical_reference
2021-2023,SMQRTU_L,SMQ681,male,80+,1.0,4,0.03278688524590164,exploratory_unweighted_not_clinical_reference
2021-2023,SMQRTU_L,SMQ681,male,80+,9.0,1,0.00819672131147541,exploratory_unweighted_not_clinical_reference
2021-2023,SMQRTU_L,SMQ690A,female,18-29,1.0,24,0.96,exploratory_unweighted_not_clinical_reference
2021-2023,SMQRTU_L,SMQ690A,female,18-29,99.0,1,0.04,exploratory_unweighted_not_clinical_reference
2021-2023,SMQRTU_L,SMQ690A,female,30-39,1.0,56,1.0,exploratory_unweighted_not_clinical_reference
2021-2023,SMQRTU_L,SMQ690A,female,40-49,1.0,59,1.0,exploratory_unweighted_not_clinical_reference
2021-2023,SMQRTU_L,SMQ690A,female,50-59,1.0,80,0.9876543209876543,exploratory_unweighted_not_clinical_reference
2021-2023,SMQRTU_L,SMQ690A,female,50-59,99.0,1,0.012345679012345678,exploratory_unweighted_not_clinical_reference
2021-2023,SMQRTU_L,SMQ690A,female,60-69,1.0,114,1.0,exploratory_unweighted_not_clinical_reference
2021-2023,SMQRTU_L,SMQ690A,female,70-79,1.0,39,1.0,exploratory_unweighted_not_clinical_reference
2021-2023,SMQRTU_L,SMQ690A,male,18-29,1.0,36,1.0,exploratory_unweighted_not_clinical_reference
2021-2023,SMQRTU_L,SMQ690A,male,30-39,1.0,73,0.9864864864864865,exploratory_unweighted_not_clinical_reference
2021-2023,SMQRTU_L,SMQ690A,male,30-39,77.0,1,0.013513513513513514,exploratory_unweighted_not_clinical_reference
2021-2023,SMQRTU_L,SMQ690A,male,40-49,1.0,67,1.0,exploratory_unweighted_not_clinical_reference
2021-2023,SMQRTU_L,SMQ690A,male,50-59,1.0,86,0.9885057471264368,exploratory_unweighted_not_clinical_reference
2021-2023,SMQRTU_L,SMQ690A,male,50-59,99.0,1,0.011494252873563218,exploratory_unweighted_not_clinical_reference
2021-2023,SMQRTU_L,SMQ690A,male,60-69,1.0,108,1.0,exploratory_unweighted_not_clinical_reference
2021-2023,SMQRTU_L,SMQ690A,male,70-79,1.0,35,1.0,exploratory_unweighted_not_clinical_reference
2021-2023,SMQRTU_L,SMQ710,female,18-29,5.0,10,0.4166666666666667,exploratory_unweighted_not_clinical_reference
2021-2023,SMQRTU_L,SMQ710,female,18-29,1.0,6,0.25,exploratory_unweighted_not_clinical_reference
2021-2023,SMQRTU_L,SMQ710,female,18-29,4.0,3,0.125,exploratory_unweighted_not_clinical_reference
2021-2023,SMQRTU_L,SMQ710,female,18-29,3.0,3,0.125,exploratory_unweighted_not_clinical_reference
2021-2023,SMQRTU_L,SMQ710,female,18-29,2.0,2,0.08333333333333333,exploratory_unweighted_not_clinical_reference
2021-2023,SMQRTU_L,SMQ710,female,30-39,5.0,39,0.6964285714285714,exploratory_unweighted_not_clinical_reference
2021-2023,SMQRTU_L,SMQ710,female,30-39,2.0,6,0.10714285714285714,exploratory_unweighted_not_clinical_reference
2021-2023,SMQRTU_L,SMQ710,female,30-39,4.0,5,0.08928571428571429,exploratory_unweighted_not_clinical_reference
2021-2023,SMQRTU_L,SMQ710,female,30-39,3.0,4,0.07142857142857142,exploratory_unweighted_not_clinical_reference
2021-2023,SMQRTU_L,SMQ710,female,30-39,1.0,2,0.03571428571428571,exploratory_unweighted_not_clinical_reference
2021-2023,SMQRTU_L,SMQ710,female,40-49,5.0,50,0.847457627118644,exploratory_unweighted_not_clinical_reference
2021-2023,SMQRTU_L,SMQ710,female,40-49,4.0,4,0.06779661016949153,exploratory_unweighted_not_clinical_reference
2021-2023,SMQRTU_L,SMQ710,female,40-49,3.0,3,0.05084745762711865,exploratory_unweighted_not_clinical_reference
2021-2023,SMQRTU_L,SMQ710,female,40-49,1.0,1,0.01694915254237288,exploratory_unweighted_not_clinical_reference
2021-2023,SMQRTU_L,SMQ710,female,40-49,2.0,1,0.01694915254237288,exploratory_unweighted_not_clinical_reference
2021-2023,SMQRTU_L,SMQ710,female,50-59,5.0,68,0.85,exploratory_unweighted_not_clinical_reference
2021-2023,SMQRTU_L,SMQ710,female,50-59,3.0,4,0.05,exploratory_unweighted_not_clinical_reference
2021-2023,SMQRTU_L,SMQ710,female,50-59,4.0,3,0.0375,exploratory_unweighted_not_clinical_reference
2021-2023,SMQRTU_L,SMQ710,female,50-59,2.0,3,0.0375,exploratory_unweighted_not_clinical_reference
2021-2023,SMQRTU_L,SMQ710,female,50-59,1.0,2,0.025,exploratory_unweighted_not_clinical_reference
2021-2023,SMQRTU_L,SMQ710,female,60-69,5.0,89,0.7807017543859649,exploratory_unweighted_not_clinical_reference
2021-2023,SMQRTU_L,SMQ710,female,60-69,4.0,12,0.10526315789473684,exploratory_unweighted_not_clinical_reference
2021-2023,SMQRTU_L,SMQ710,female,60-69,2.0,5,0.043859649122807015,exploratory_unweighted_not_clinical_reference
2021-2023,SMQRTU_L,SMQ710,female,60-69,3.0,4,0.03508771929824561,exploratory_unweighted_not_clinical_reference
2021-2023,SMQRTU_L,SMQ710,female,60-69,1.0,3,0.02631578947368421,exploratory_unweighted_not_clinical_reference
2021-2023,SMQRTU_L,SMQ710,female,60-69,9.0,1,0.008771929824561403,exploratory_unweighted_not_clinical_reference
2021-2023,SMQRTU_L,SMQ710,female,70-79,5.0,29,0.7435897435897436,exploratory_unweighted_not_clinical_reference
2021-2023,SMQRTU_L,SMQ710,female,70-79,2.0,4,0.10256410256410256,exploratory_unweighted_not_clinical_reference
2021-2023,SMQRTU_L,SMQ710,female,70-79,4.0,3,0.07692307692307693,exploratory_unweighted_not_clinical_reference
2021-2023,SMQRTU_L,SMQ710,female,70-79,3.0,2,0.05128205128205128,exploratory_unweighted_not_clinical_reference
2021-2023,SMQRTU_L,SMQ710,female,70-79,1.0,1,0.02564102564102564,exploratory_unweighted_not_clinical_reference
2021-2023,SMQRTU_L,SMQ710,male,18-29,5.0,21,0.5833333333333334,exploratory_unweighted_not_clinical_reference
2021-2023,SMQRTU_L,SMQ710,male,18-29,1.0,6,0.16666666666666666,exploratory_unweighted_not_clinical_reference
2021-2023,SMQRTU_L,SMQ710,male,18-29,2.0,4,0.1111111111111111,exploratory_unweighted_not_clinical_reference
2021-2023,SMQRTU_L,SMQ710,male,18-29,3.0,3,0.08333333333333333,exploratory_unweighted_not_clinical_reference
2021-2023,SMQRTU_L,SMQ710,male,18-29,4.0,2,0.05555555555555555,exploratory_unweighted_not_clinical_reference
2021-2023,SMQRTU_L,SMQ710,male,30-39,5.0,52,0.7123287671232876,exploratory_unweighted_not_clinical_reference
2021-2023,SMQRTU_L,SMQ710,male,30-39,3.0,6,0.0821917808219178,exploratory_unweighted_not_clinical_reference
2021-2023,SMQRTU_L,SMQ710,male,30-39,2.0,6,0.0821917808219178,exploratory_unweighted_not_clinical_reference
2021-2023,SMQRTU_L,SMQ710,male,30-39,4.0,5,0.0684931506849315,exploratory_unweighted_not_clinical_reference
2021-2023,SMQRTU_L,SMQ710,male,30-39,1.0,4,0.0547945205479452,exploratory_unweighted_not_clinical_reference
2021-2023,SMQRTU_L,SMQ710,male,40-49,5.0,55,0.8208955223880597,exploratory_unweighted_not_clinical_reference
2021-2023,SMQRTU_L,SMQ710,male,40-49,4.0,7,0.1044776119402985,exploratory_unweighted_not_clinical_reference
2021-2023,SMQRTU_L,SMQ710,male,40-49,3.0,4,0.05970149253731343,exploratory_unweighted_not_clinical_reference
2021-2023,SMQRTU_L,SMQ710,male,40-49,1.0,1,0.014925373134328358,exploratory_unweighted_not_clinical_reference
2021-2023,SMQRTU_L,SMQ710,male,50-59,5.0,70,0.813953488372093,exploratory_unweighted_not_clinical_reference
2021-2023,SMQRTU_L,SMQ710,male,50-59,3.0,5,0.05813953488372093,exploratory_unweighted_not_clinical_reference
2021-2023,SMQRTU_L,SMQ710,male,50-59,2.0,5,0.05813953488372093,exploratory_unweighted_not_clinical_reference
2021-2023,SMQRTU_L,SMQ710,male,50-59,1.0,4,0.046511627906976744,exploratory_unweighted_not_clinical_reference
2021-2023,SMQRTU_L,SMQ710,male,50-59,4.0,2,0.023255813953488372,exploratory_unweighted_not_clinical_reference
2021-2023,SMQRTU_L,SMQ710,male,60-69,5.0,87,0.8055555555555556,exploratory_unweighted_not_clinical_reference
2021-2023,SMQRTU_L,SMQ710,male,60-69,4.0,7,0.06481481481481481,exploratory_unweighted_not_clinical_reference
2021-2023,SMQRTU_L,SMQ710,male,60-69,2.0,5,0.046296296296296294,exploratory_unweighted_not_clinical_reference
2021-2023,SMQRTU_L,SMQ710,male,60-69,3.0,4,0.037037037037037035,exploratory_unweighted_not_clinical_reference
2021-2023,SMQRTU_L,SMQ710,male,60-69,1.0,4,0.037037037037037035,exploratory_unweighted_not_clinical_reference
2021-2023,SMQRTU_L,SMQ710,male,60-69,7.0,1,0.009259259259259259,exploratory_unweighted_not_clinical_reference
2021-2023,SMQRTU_L,SMQ710,male,70-79,5.0,32,0.9142857142857143,exploratory_unweighted_not_clinical_reference
2021-2023,SMQRTU_L,SMQ710,male,70-79,3.0,2,0.05714285714285714,exploratory_unweighted_not_clinical_reference
2021-2023,SMQRTU_L,SMQ710,male,70-79,2.0,1,0.02857142857142857,exploratory_unweighted_not_clinical_reference
2021-2023,SMQRTU_L,SMQ720,female,18-29,1.0,9,0.375,exploratory_unweighted_not_clinical_reference
2021-2023,SMQRTU_L,SMQ720,female,18-29,5.0,4,0.16666666666666666,exploratory_unweighted_not_clinical_reference
2021-2023,SMQRTU_L,SMQ720,female,18-29,10.0,3,0.125,exploratory_unweighted_not_clinical_reference
2021-2023,SMQRTU_L,SMQ720,female,18-29,4.0,3,0.125,exploratory_unweighted_not_clinical_reference
2021-2023,SMQRTU_L,SMQ720,female,18-29,2.0,2,0.08333333333333333,exploratory_unweighted_not_clinical_reference
2021-2023,SMQRTU_L,SMQ720,female,18-29,8.0,2,0.08333333333333333,exploratory_unweighted_not_clinical_reference
2021-2023,SMQRTU_L,SMQ720,female,18-29,3.0,1,0.041666666666666664,exploratory_unweighted_not_clinical_reference
2021-2023,SMQRTU_L,SMQ720,female,30-39,10.0,15,0.26785714285714285,exploratory_unweighted_not_clinical_reference
2021-2023,SMQRTU_L,SMQ720,female,30-39,2.0,8,0.14285714285714285,exploratory_unweighted_not_clinical_reference
2021-2023,SMQRTU_L,SMQ720,female,30-39,5.0,7,0.125,exploratory_unweighted_not_clinical_reference
2021-2023,SMQRTU_L,SMQ720,female,30-39,1.0,5,0.08928571428571429,exploratory_unweighted_not_clinical_reference
2021-2023,SMQRTU_L,SMQ720,female,30-39,4.0,4,0.07142857142857142,exploratory_unweighted_not_clinical_reference
2021-2023,SMQRTU_L,SMQ720,female,30-39,7.0,3,0.05357142857142857,exploratory_unweighted_not_clinical_reference
2021-2023,SMQRTU_L,SMQ720,female,30-39,20.0,3,0.05357142857142857,exploratory_unweighted_not_clinical_reference
2021-2023,SMQRTU_L,SMQ720,female,30-39,6.0,2,0.03571428571428571,exploratory_unweighted_not_clinical_reference
2021-2023,SMQRTU_L,SMQ720,female,30-39,3.0,2,0.03571428571428571,exploratory_unweighted_not_clinical_reference
2021-2023,SMQRTU_L,SMQ720,female,30-39,15.0,2,0.03571428571428571,exploratory_unweighted_not_clinical_reference
2021-2023,SMQRTU_L,SMQ720,female,30-39,25.0,1,0.017857142857142856,exploratory_unweighted_not_clinical_reference
2021-2023,SMQRTU_L,SMQ720,female,30-39,18.0,1,0.017857142857142856,exploratory_unweighted_not_clinical_reference
2021-2023,SMQRTU_L,SMQ720,female,30-39,9.0,1,0.017857142857142856,exploratory_unweighted_not_clinical_reference
2021-2023,SMQRTU_L,SMQ720,female,30-39,40.0,1,0.017857142857142856,exploratory_unweighted_not_clinical_reference
2021-2023,SMQRTU_L,SMQ720,female,30-39,11.0,1,0.017857142857142856,exploratory_unweighted_not_clinical_reference
2021-2023,SMQRTU_L,SMQ720,female,40-49,10.0,14,0.23728813559322035,exploratory_unweighted_not_clinical_reference
2021-2023,SMQRTU_L,SMQ720,female,40-49,20.0,11,0.1864406779661017,exploratory_unweighted_not_clinical_reference
2021-2023,SMQRTU_L,SMQ720,female,40-49,15.0,7,0.11864406779661017,exploratory_unweighted_not_clinical_reference
2021-2023,SMQRTU_L,SMQ720,female,40-49,3.0,6,0.1016949152542373,exploratory_unweighted_not_clinical_reference
2021-2023,SMQRTU_L,SMQ720,female,40-49,4.0,4,0.06779661016949153,exploratory_unweighted_not_clinical_reference
2021-2023,SMQRTU_L,SMQ720,female,40-49,5.0,3,0.05084745762711865,exploratory_unweighted_not_clinical_reference
2021-2023,SMQRTU_L,SMQ720,female,40-49,2.0,2,0.03389830508474576,exploratory_unweighted_not_clinical_reference
2021-2023,SMQRTU_L,SMQ720,female,40-49,6.0,2,0.03389830508474576,exploratory_unweighted_not_clinical_reference
2021-2023,SMQRTU_L,SMQ720,female,40-49,1.0,2,0.03389830508474576,exploratory_unweighted_not_clinical_reference
2021-2023,SMQRTU_L,SMQ720,female,40-49,7.0,2,0.03389830508474576,exploratory_unweighted_not_clinical_reference
2021-2023,SMQRTU_L,SMQ720,female,40-49,9.0,2,0.03389830508474576,exploratory_unweighted_not_clinical_reference
2021-2023,SMQRTU_L,SMQ720,female,40-49,12.0,2,0.03389830508474576,exploratory_unweighted_not_clinical_reference
2021-2023,SMQRTU_L,SMQ720,female,40-49,8.0,1,0.01694915254237288,exploratory_unweighted_not_clinical_reference
2021-2023,SMQRTU_L,SMQ720,female,40-49,40.0,1,0.01694915254237288,exploratory_unweighted_not_clinical_reference
2021-2023,SMQRTU_L,SMQ720,female,50-59,10.0,13,0.1625,exploratory_unweighted_not_clinical_reference
2021-2023,SMQRTU_L,SMQ720,female,50-59,20.0,12,0.15,exploratory_unweighted_not_clinical_reference
2021-2023,SMQRTU_L,SMQ720,female,50-59,15.0,8,0.1,exploratory_unweighted_not_clinical_reference
2021-2023,SMQRTU_L,SMQ720,female,50-59,5.0,8,0.1,exploratory_unweighted_not_clinical_reference
2021-2023,SMQRTU_L,SMQ720,female,50-59,6.0,8,0.1,exploratory_unweighted_not_clinical_reference
2021-2023,SMQRTU_L,SMQ720,female,50-59,2.0,6,0.075,exploratory_unweighted_not_clinical_reference
2021-2023,SMQRTU_L,SMQ720,female,50-59,12.0,3,0.0375,exploratory_unweighted_not_clinical_reference
2021-2023,SMQRTU_L,SMQ720,female,50-59,4.0,3,0.0375,exploratory_unweighted_not_clinical_reference
2021-2023,SMQRTU_L,SMQ720,female,50-59,25.0,3,0.0375,exploratory_unweighted_not_clinical_reference
2021-2023,SMQRTU_L,SMQ720,female,50-59,7.0,2,0.025,exploratory_unweighted_not_clinical_reference
2021-2023,SMQRTU_L,SMQ720,female,50-59,40.0,2,0.025,exploratory_unweighted_not_clinical_reference
2021-2023,SMQRTU_L,SMQ720,female,50-59,3.0,2,0.025,exploratory_unweighted_not_clinical_reference
2021-2023,SMQRTU_L,SMQ720,female,50-59,30.0,2,0.025,exploratory_unweighted_not_clinical_reference
2021-2023,SMQRTU_L,SMQ720,female,50-59,9.0,1,0.0125,exploratory_unweighted_not_clinical_reference
2021-2023,SMQRTU_L,SMQ720,female,50-59,1.0,1,0.0125,exploratory_unweighted_not_clinical_reference
2021-2023,SMQRTU_L,SMQ720,female,50-59,8.0,1,0.0125,exploratory_unweighted_not_clinical_reference
2021-2023,SMQRTU_L,SMQ720,female,50-59,24.0,1,0.0125,exploratory_unweighted_not_clinical_reference
2021-2023,SMQRTU_L,SMQ720,female,50-59,22.0,1,0.0125,exploratory_unweighted_not_clinical_reference
2021-2023,SMQRTU_L,SMQ720,female,50-59,999.0,1,0.0125,exploratory_unweighted_not_clinical_reference
2021-2023,SMQRTU_L,SMQ720,female,50-59,18.0,1,0.0125,exploratory_unweighted_not_clinical_reference
2021-2023,SMQRTU_L,SMQ720,female,50-59,16.0,1,0.0125,exploratory_unweighted_not_clinical_reference
2021-2023,SMQRTU_L,SMQ720,female,60-69,10.0,21,0.18421052631578946,exploratory_unweighted_not_clinical_reference
2021-2023,SMQRTU_L,SMQ720,female,60-69,5.0,20,0.17543859649122806,exploratory_unweighted_not_clinical_reference
2021-2023,SMQRTU_L,SMQ720,female,60-69,20.0,16,0.14035087719298245,exploratory_unweighted_not_clinical_reference
2021-2023,SMQRTU_L,SMQ720,female,60-69,15.0,12,0.10526315789473684,exploratory_unweighted_not_clinical_reference
2021-2023,SMQRTU_L,SMQ720,female,60-69,1.0,7,0.06140350877192982,exploratory_unweighted_not_clinical_reference
2021-2023,SMQRTU_L,SMQ720,female,60-69,4.0,6,0.05263157894736842,exploratory_unweighted_not_clinical_reference
2021-2023,SMQRTU_L,SMQ720,female,60-69,6.0,5,0.043859649122807015,exploratory_unweighted_not_clinical_reference
2021-2023,SMQRTU_L,SMQ720,female,60-69,7.0,4,0.03508771929824561,exploratory_unweighted_not_clinical_reference
2021-2023,SMQRTU_L,SMQ720,female,60-69,3.0,4,0.03508771929824561,exploratory_unweighted_not_clinical_reference
2021-2023,SMQRTU_L,SMQ720,female,60-69,2.0,4,0.03508771929824561,exploratory_unweighted_not_clinical_reference
2021-2023,SMQRTU_L,SMQ720,female,60-69,12.0,3,0.02631578947368421,exploratory_unweighted_not_clinical_reference
2021-2023,SMQRTU_L,SMQ720,female,60-69,9.0,2,0.017543859649122806,exploratory_unweighted_not_clinical_reference
2021-2023,SMQRTU_L,SMQ720,female,60-69,22.0,2,0.017543859649122806,exploratory_unweighted_not_clinical_reference
2021-2023,SMQRTU_L,SMQ720,female,60-69,30.0,2,0.017543859649122806,exploratory_unweighted_not_clinical_reference
2021-2023,SMQRTU_L,SMQ720,female,60-69,14.0,2,0.017543859649122806,exploratory_unweighted_not_clinical_reference
2021-2023,SMQRTU_L,SMQ720,female,60-69,35.0,1,0.008771929824561403,exploratory_unweighted_not_clinical_reference
2021-2023,SMQRTU_L,SMQ720,female,60-69,8.0,1,0.008771929824561403,exploratory_unweighted_not_clinical_reference
2021-2023,SMQRTU_L,SMQ720,female,60-69,25.0,1,0.008771929824561403,exploratory_unweighted_not_clinical_reference
2021-2023,SMQRTU_L,SMQ720,female,60-69,13.0,1,0.008771929824561403,exploratory_unweighted_not_clinical_reference
2021-2023,SMQRTU_L,SMQ720,female,70-79,3.0,6,0.15384615384615385,exploratory_unweighted_not_clinical_reference
2021-2023,SMQRTU_L,SMQ720,female,70-79,4.0,5,0.1282051282051282,exploratory_unweighted_not_clinical_reference
2021-2023,SMQRTU_L,SMQ720,female,70-79,10.0,5,0.1282051282051282,exploratory_unweighted_not_clinical_reference
2021-2023,SMQRTU_L,SMQ720,female,70-79,15.0,5,0.1282051282051282,exploratory_unweighted_not_clinical_reference
2021-2023,SMQRTU_L,SMQ720,female,70-79,5.0,4,0.10256410256410256,exploratory_unweighted_not_clinical_reference
2021-2023,SMQRTU_L,SMQ720,female,70-79,6.0,3,0.07692307692307693,exploratory_unweighted_not_clinical_reference
2021-2023,SMQRTU_L,SMQ720,female,70-79,7.0,3,0.07692307692307693,exploratory_unweighted_not_clinical_reference
2021-2023,SMQRTU_L,SMQ720,female,70-79,1.0,2,0.05128205128205128,exploratory_unweighted_not_clinical_reference
2021-2023,SMQRTU_L,SMQ720,female,70-79,20.0,2,0.05128205128205128,exploratory_unweighted_not_clinical_reference
2021-2023,SMQRTU_L,SMQ720,female,70-79,8.0,1,0.02564102564102564,exploratory_unweighted_not_clinical_reference
2021-2023,SMQRTU_L,SMQ720,female,70-79,2.0,1,0.02564102564102564,exploratory_unweighted_not_clinical_reference
2021-2023,SMQRTU_L,SMQ720,female,70-79,17.0,1,0.02564102564102564,exploratory_unweighted_not_clinical_reference
2021-2023,SMQRTU_L,SMQ720,female,70-79,25.0,1,0.02564102564102564,exploratory_unweighted_not_clinical_reference
2021-2023,SMQRTU_L,SMQ720,male,18-29,1.0,7,0.19444444444444445,exploratory_unweighted_not_clinical_reference
2021-2023,SMQRTU_L,SMQ720,male,18-29,2.0,6,0.16666666666666666,exploratory_unweighted_not_clinical_reference
2021-2023,SMQRTU_L,SMQ720,male,18-29,3.0,4,0.1111111111111111,exploratory_unweighted_not_clinical_reference
2021-2023,SMQRTU_L,SMQ720,male,18-29,10.0,4,0.1111111111111111,exploratory_unweighted_not_clinical_reference
2021-2023,SMQRTU_L,SMQ720,male,18-29,7.0,3,0.08333333333333333,exploratory_unweighted_not_clinical_reference
2021-2023,SMQRTU_L,SMQ720,male,18-29,15.0,3,0.08333333333333333,exploratory_unweighted_not_clinical_reference
2021-2023,SMQRTU_L,SMQ720,male,18-29,12.0,2,0.05555555555555555,exploratory_unweighted_not_clinical_reference
2021-2023,SMQRTU_L,SMQ720,male,18-29,5.0,2,0.05555555555555555,exploratory_unweighted_not_clinical_reference
2021-2023,SMQRTU_L,SMQ720,male,18-29,6.0,2,0.05555555555555555,exploratory_unweighted_not_clinical_reference
2021-2023,SMQRTU_L,SMQ720,male,18-29,20.0,1,0.027777777777777776,exploratory_unweighted_not_clinical_reference
2021-2023,SMQRTU_L,SMQ720,male,18-29,4.0,1,0.027777777777777776,exploratory_unweighted_not_clinical_reference
2021-2023,SMQRTU_L,SMQ720,male,18-29,8.0,1,0.027777777777777776,exploratory_unweighted_not_clinical_reference
2021-2023,SMQRTU_L,SMQ720,male,30-39,10.0,11,0.1506849315068493,exploratory_unweighted_not_clinical_reference
2021-2023,SMQRTU_L,SMQ720,male,30-39,20.0,8,0.1095890410958904,exploratory_unweighted_not_clinical_reference
2021-2023,SMQRTU_L,SMQ720,male,30-39,4.0,6,0.0821917808219178,exploratory_unweighted_not_clinical_reference
2021-2023,SMQRTU_L,SMQ720,male,30-39,5.0,6,0.0821917808219178,exploratory_unweighted_not_clinical_reference
2021-2023,SMQRTU_L,SMQ720,male,30-39,1.0,6,0.0821917808219178,exploratory_unweighted_not_clinical_reference
2021-2023,SMQRTU_L,SMQ720,male,30-39,2.0,5,0.0684931506849315,exploratory_unweighted_not_clinical_reference
2021-2023,SMQRTU_L,SMQ720,male,30-39,3.0,5,0.0684931506849315,exploratory_unweighted_not_clinical_reference
2021-2023,SMQRTU_L,SMQ720,male,30-39,8.0,5,0.0684931506849315,exploratory_unweighted_not_clinical_reference
2021-2023,SMQRTU_L,SMQ720,male,30-39,6.0,4,0.0547945205479452,exploratory_unweighted_not_clinical_reference
2021-2023,SMQRTU_L,SMQ720,male,30-39,15.0,4,0.0547945205479452,exploratory_unweighted_not_clinical_reference
2021-2023,SMQRTU_L,SMQ720,male,30-39,12.0,3,0.0410958904109589,exploratory_unweighted_not_clinical_reference
2021-2023,SMQRTU_L,SMQ720,male,30-39,7.0,2,0.0273972602739726,exploratory_unweighted_not_clinical_reference
2021-2023,SMQRTU_L,SMQ720,male,30-39,40.0,2,0.0273972602739726,exploratory_unweighted_not_clinical_reference
2021-2023,SMQRTU_L,SMQ720,male,30-39,9.0,2,0.0273972602739726,exploratory_unweighted_not_clinical_reference
2021-2023,SMQRTU_L,SMQ720,male,30-39,30.0,1,0.0136986301369863,exploratory_unweighted_not_clinical_reference
2021-2023,SMQRTU_L,SMQ720,male,30-39,19.0,1,0.0136986301369863,exploratory_unweighted_not_clinical_reference
2021-2023,SMQRTU_L,SMQ720,male,30-39,25.0,1,0.0136986301369863,exploratory_unweighted_not_clinical_reference
2021-2023,SMQRTU_L,SMQ720,male,30-39,14.0,1,0.0136986301369863,exploratory_unweighted_not_clinical_reference
2021-2023,SMQRTU_L,SMQ720,male,40-49,10.0,11,0.16417910447761194,exploratory_unweighted_not_clinical_reference
2021-2023,SMQRTU_L,SMQ720,male,40-49,5.0,8,0.11940298507462686,exploratory_unweighted_not_clinical_reference
2021-2023,SMQRTU_L,SMQ720,male,40-49,20.0,7,0.1044776119402985,exploratory_unweighted_not_clinical_reference
2021-2023,SMQRTU_L,SMQ720,male,40-49,6.0,6,0.08955223880597014,exploratory_unweighted_not_clinical_reference
2021-2023,SMQRTU_L,SMQ720,male,40-49,8.0,4,0.05970149253731343,exploratory_unweighted_not_clinical_reference
2021-2023,SMQRTU_L,SMQ720,male,40-49,7.0,4,0.05970149253731343,exploratory_unweighted_not_clinical_reference
2021-2023,SMQRTU_L,SMQ720,male,40-49,3.0,3,0.04477611940298507,exploratory_unweighted_not_clinical_reference
2021-2023,SMQRTU_L,SMQ720,male,40-49,25.0,3,0.04477611940298507,exploratory_unweighted_not_clinical_reference
2021-2023,SMQRTU_L,SMQ720,male,40-49,40.0,3,0.04477611940298507,exploratory_unweighted_not_clinical_reference
2021-2023,SMQRTU_L,SMQ720,male,40-49,2.0,3,0.04477611940298507,exploratory_unweighted_not_clinical_reference
2021-2023,SMQRTU_L,SMQ720,male,40-49,16.0,3,0.04477611940298507,exploratory_unweighted_not_clinical_reference
2021-2023,SMQRTU_L,SMQ720,male,40-49,15.0,3,0.04477611940298507,exploratory_unweighted_not_clinical_reference
2021-2023,SMQRTU_L,SMQ720,male,40-49,12.0,3,0.04477611940298507,exploratory_unweighted_not_clinical_reference
2021-2023,SMQRTU_L,SMQ720,male,40-49,30.0,2,0.029850746268656716,exploratory_unweighted_not_clinical_reference
2021-2023,SMQRTU_L,SMQ720,male,40-49,14.0,1,0.014925373134328358,exploratory_unweighted_not_clinical_reference
2021-2023,SMQRTU_L,SMQ720,male,40-49,18.0,1,0.014925373134328358,exploratory_unweighted_not_clinical_reference
2021-2023,SMQRTU_L,SMQ720,male,40-49,4.0,1,0.014925373134328358,exploratory_unweighted_not_clinical_reference
2021-2023,SMQRTU_L,SMQ720,male,40-49,11.0,1,0.014925373134328358,exploratory_unweighted_not_clinical_reference
2021-2023,SMQRTU_L,SMQ720,male,50-59,20.0,13,0.1511627906976744,exploratory_unweighted_not_clinical_reference
2021-2023,SMQRTU_L,SMQ720,male,50-59,5.0,10,0.11627906976744186,exploratory_unweighted_not_clinical_reference
2021-2023,SMQRTU_L,SMQ720,male,50-59,15.0,9,0.10465116279069768,exploratory_unweighted_not_clinical_reference
2021-2023,SMQRTU_L,SMQ720,male,50-59,6.0,8,0.09302325581395349,exploratory_unweighted_not_clinical_reference
2021-2023,SMQRTU_L,SMQ720,male,50-59,3.0,7,0.08139534883720931,exploratory_unweighted_not_clinical_reference
2021-2023,SMQRTU_L,SMQ720,male,50-59,8.0,7,0.08139534883720931,exploratory_unweighted_not_clinical_reference
2021-2023,SMQRTU_L,SMQ720,male,50-59,2.0,7,0.08139534883720931,exploratory_unweighted_not_clinical_reference
2021-2023,SMQRTU_L,SMQ720,male,50-59,9.0,6,0.06976744186046512,exploratory_unweighted_not_clinical_reference
2021-2023,SMQRTU_L,SMQ720,male,50-59,7.0,3,0.03488372093023256,exploratory_unweighted_not_clinical_reference
2021-2023,SMQRTU_L,SMQ720,male,50-59,25.0,3,0.03488372093023256,exploratory_unweighted_not_clinical_reference
2021-2023,SMQRTU_L,SMQ720,male,50-59,10.0,3,0.03488372093023256,exploratory_unweighted_not_clinical_reference
2021-2023,SMQRTU_L,SMQ720,male,50-59,40.0,2,0.023255813953488372,exploratory_unweighted_not_clinical_reference
2021-2023,SMQRTU_L,SMQ720,male,50-59,12.0,2,0.023255813953488372,exploratory_unweighted_not_clinical_reference
2021-2023,SMQRTU_L,SMQ720,male,50-59,30.0,1,0.011627906976744186,exploratory_unweighted_not_clinical_reference
2021-2023,SMQRTU_L,SMQ720,male,50-59,18.0,1,0.011627906976744186,exploratory_unweighted_not_clinical_reference
2021-2023,SMQRTU_L,SMQ720,male,50-59,17.0,1,0.011627906976744186,exploratory_unweighted_not_clinical_reference
2021-2023,SMQRTU_L,SMQ720,male,50-59,19.0,1,0.011627906976744186,exploratory_unweighted_not_clinical_reference
2021-2023,SMQRTU_L,SMQ720,male,50-59,11.0,1,0.011627906976744186,exploratory_unweighted_not_clinical_reference
2021-2023,SMQRTU_L,SMQ720,male,50-59,1.0,1,0.011627906976744186,exploratory_unweighted_not_clinical_reference
2021-2023,SMQRTU_L,SMQ720,male,60-69,10.0,15,0.1388888888888889,exploratory_unweighted_not_clinical_reference
2021-2023,SMQRTU_L,SMQ720,male,60-69,20.0,14,0.12962962962962962,exploratory_unweighted_not_clinical_reference
2021-2023,SMQRTU_L,SMQ720,male,60-69,5.0,11,0.10185185185185185,exploratory_unweighted_not_clinical_reference
2021-2023,SMQRTU_L,SMQ720,male,60-69,7.0,9,0.08333333333333333,exploratory_unweighted_not_clinical_reference
2021-2023,SMQRTU_L,SMQ720,male,60-69,4.0,9,0.08333333333333333,exploratory_unweighted_not_clinical_reference
2021-2023,SMQRTU_L,SMQ720,male,60-69,9.0,7,0.06481481481481481,exploratory_unweighted_not_clinical_reference
2021-2023,SMQRTU_L,SMQ720,male,60-69,3.0,7,0.06481481481481481,exploratory_unweighted_not_clinical_reference
2021-2023,SMQRTU_L,SMQ720,male,60-69,6.0,6,0.05555555555555555,exploratory_unweighted_not_clinical_reference
2021-2023,SMQRTU_L,SMQ720,male,60-69,1.0,5,0.046296296296296294,exploratory_unweighted_not_clinical_reference
2021-2023,SMQRTU_L,SMQ720,male,60-69,8.0,5,0.046296296296296294,exploratory_unweighted_not_clinical_reference
2021-2023,SMQRTU_L,SMQ720,male,60-69,15.0,5,0.046296296296296294,exploratory_unweighted_not_clinical_reference
2021-2023,SMQRTU_L,SMQ720,male,60-69,40.0,3,0.027777777777777776,exploratory_unweighted_not_clinical_reference
2021-2023,SMQRTU_L,SMQ720,male,60-69,30.0,3,0.027777777777777776,exploratory_unweighted_not_clinical_reference
2021-2023,SMQRTU_L,SMQ720,male,60-69,25.0,2,0.018518518518518517,exploratory_unweighted_not_clinical_reference
2021-2023,SMQRTU_L,SMQ720,male,60-69,777.0,1,0.009259259259259259,exploratory_unweighted_not_clinical_reference
2021-2023,SMQRTU_L,SMQ720,male,60-69,2.0,1,0.009259259259259259,exploratory_unweighted_not_clinical_reference
2021-2023,SMQRTU_L,SMQ720,male,60-69,11.0,1,0.009259259259259259,exploratory_unweighted_not_clinical_reference
2021-2023,SMQRTU_L,SMQ720,male,60-69,17.0,1,0.009259259259259259,exploratory_unweighted_not_clinical_reference
2021-2023,SMQRTU_L,SMQ720,male,60-69,18.0,1,0.009259259259259259,exploratory_unweighted_not_clinical_reference
2021-2023,SMQRTU_L,SMQ720,male,60-69,29.0,1,0.009259259259259259,exploratory_unweighted_not_clinical_reference
2021-2023,SMQRTU_L,SMQ720,male,60-69,12.0,1,0.009259259259259259,exploratory_unweighted_not_clinical_reference
2021-2023,SMQRTU_L,SMQ720,male,70-79,20.0,9,0.2571428571428571,exploratory_unweighted_not_clinical_reference
2021-2023,SMQRTU_L,SMQ720,male,70-79,15.0,5,0.14285714285714285,exploratory_unweighted_not_clinical_reference
2021-2023,SMQRTU_L,SMQ720,male,70-79,9.0,4,0.11428571428571428,exploratory_unweighted_not_clinical_reference
2021-2023,SMQRTU_L,SMQ720,male,70-79,5.0,3,0.08571428571428572,exploratory_unweighted_not_clinical_reference
2021-2023,SMQRTU_L,SMQ720,male,70-79,6.0,3,0.08571428571428572,exploratory_unweighted_not_clinical_reference
2021-2023,SMQRTU_L,SMQ720,male,70-79,4.0,3,0.08571428571428572,exploratory_unweighted_not_clinical_reference
2021-2023,SMQRTU_L,SMQ720,male,70-79,2.0,3,0.08571428571428572,exploratory_unweighted_not_clinical_reference
2021-2023,SMQRTU_L,SMQ720,male,70-79,16.0,1,0.02857142857142857,exploratory_unweighted_not_clinical_reference
2021-2023,SMQRTU_L,SMQ720,male,70-79,8.0,1,0.02857142857142857,exploratory_unweighted_not_clinical_reference
2021-2023,SMQRTU_L,SMQ720,male,70-79,12.0,1,0.02857142857142857,exploratory_unweighted_not_clinical_reference
2021-2023,SMQRTU_L,SMQ720,male,70-79,1.0,1,0.02857142857142857,exploratory_unweighted_not_clinical_reference
2021-2023,SMQRTU_L,SMQ720,male,70-79,22.0,1,0.02857142857142857,exploratory_unweighted_not_clinical_reference
2021-2023,SMQRTU_L,SMQ725,female,18-29,1.0,8,0.36363636363636365,exploratory_unweighted_not_clinical_reference
2021-2023,SMQRTU_L,SMQ725,female,18-29,3.0,7,0.3181818181818182,exploratory_unweighted_not_clinical_reference
2021-2023,SMQRTU_L,SMQ725,female,18-29,2.0,7,0.3181818181818182,exploratory_unweighted_not_clinical_reference
2021-2023,SMQRTU_L,SMQ725,female,30-39,1.0,42,0.75,exploratory_unweighted_not_clinical_reference
2021-2023,SMQRTU_L,SMQ725,female,30-39,2.0,11,0.19642857142857142,exploratory_unweighted_not_clinical_reference
2021-2023,SMQRTU_L,SMQ725,female,30-39,3.0,3,0.05357142857142857,exploratory_unweighted_not_clinical_reference
2021-2023,SMQRTU_L,SMQ725,female,40-49,1.0,54,0.9152542372881356,exploratory_unweighted_not_clinical_reference
2021-2023,SMQRTU_L,SMQ725,female,40-49,3.0,3,0.05084745762711865,exploratory_unweighted_not_clinical_reference
2021-2023,SMQRTU_L,SMQ725,female,40-49,2.0,2,0.03389830508474576,exploratory_unweighted_not_clinical_reference
2021-2023,SMQRTU_L,SMQ725,female,50-59,1.0,71,0.8987341772151899,exploratory_unweighted_not_clinical_reference
2021-2023,SMQRTU_L,SMQ725,female,50-59,2.0,7,0.08860759493670886,exploratory_unweighted_not_clinical_reference
2021-2023,SMQRTU_L,SMQ725,female,50-59,3.0,1,0.012658227848101266,exploratory_unweighted_not_clinical_reference
2021-2023,SMQRTU_L,SMQ725,female,60-69,1.0,99,0.868421052631579,exploratory_unweighted_not_clinical_reference
2021-2023,SMQRTU_L,SMQ725,female,60-69,2.0,11,0.09649122807017543,exploratory_unweighted_not_clinical_reference
2021-2023,SMQRTU_L,SMQ725,female,60-69,3.0,4,0.03508771929824561,exploratory_unweighted_not_clinical_reference
2021-2023,SMQRTU_L,SMQ725,female,70-79,1.0,33,0.8461538461538461,exploratory_unweighted_not_clinical_reference
2021-2023,SMQRTU_L,SMQ725,female,70-79,3.0,3,0.07692307692307693,exploratory_unweighted_not_clinical_reference
2021-2023,SMQRTU_L,SMQ725,female,70-79,2.0,3,0.07692307692307693,exploratory_unweighted_not_clinical_reference
2021-2023,SMQRTU_L,SMQ725,male,18-29,1.0,25,0.6944444444444444,exploratory_unweighted_not_clinical_reference
2021-2023,SMQRTU_L,SMQ725,male,18-29,3.0,7,0.19444444444444445,exploratory_unweighted_not_clinical_reference
2021-2023,SMQRTU_L,SMQ725,male,18-29,2.0,4,0.1111111111111111,exploratory_unweighted_not_clinical_reference
2021-2023,SMQRTU_L,SMQ725,male,30-39,1.0,58,0.8055555555555556,exploratory_unweighted_not_clinical_reference
2021-2023,SMQRTU_L,SMQ725,male,30-39,2.0,10,0.1388888888888889,exploratory_unweighted_not_clinical_reference
2021-2023,SMQRTU_L,SMQ725,male,30-39,3.0,4,0.05555555555555555,exploratory_unweighted_not_clinical_reference
2021-2023,SMQRTU_L,SMQ725,male,40-49,1.0,62,0.9253731343283582,exploratory_unweighted_not_clinical_reference
2021-2023,SMQRTU_L,SMQ725,male,40-49,2.0,3,0.04477611940298507,exploratory_unweighted_not_clinical_reference
2021-2023,SMQRTU_L,SMQ725,male,40-49,3.0,2,0.029850746268656716,exploratory_unweighted_not_clinical_reference
2021-2023,SMQRTU_L,SMQ725,male,50-59,1.0,76,0.8837209302325582,exploratory_unweighted_not_clinical_reference
2021-2023,SMQRTU_L,SMQ725,male,50-59,2.0,7,0.08139534883720931,exploratory_unweighted_not_clinical_reference
2021-2023,SMQRTU_L,SMQ725,male,50-59,3.0,3,0.03488372093023256,exploratory_unweighted_not_clinical_reference
2021-2023,SMQRTU_L,SMQ725,male,60-69,1.0,97,0.8981481481481481,exploratory_unweighted_not_clinical_reference
2021-2023,SMQRTU_L,SMQ725,male,60-69,2.0,7,0.06481481481481481,exploratory_unweighted_not_clinical_reference
2021-2023,SMQRTU_L,SMQ725,male,60-69,3.0,3,0.027777777777777776,exploratory_unweighted_not_clinical_reference
2021-2023,SMQRTU_L,SMQ725,male,60-69,9.0,1,0.009259259259259259,exploratory_unweighted_not_clinical_reference
2021-2023,SMQRTU_L,SMQ725,male,70-79,1.0,32,0.9142857142857143,exploratory_unweighted_not_clinical_reference
2021-2023,SMQRTU_L,SMQ725,male,70-79,2.0,3,0.08571428571428572,exploratory_unweighted_not_clinical_reference
2021-2023,SMQRTU_L,SMQ690C,male,18-29,3.0,20,1.0,exploratory_unweighted_not_clinical_reference
2021-2023,SMQRTU_L,SMQ770,male,18-29,1.0,7,0.35,exploratory_unweighted_not_clinical_reference
2021-2023,SMQRTU_L,SMQ770,male,18-29,5.0,6,0.3,exploratory_unweighted_not_clinical_reference
2021-2023,SMQRTU_L,SMQ770,male,18-29,3.0,3,0.15,exploratory_unweighted_not_clinical_reference
2021-2023,SMQRTU_L,SMQ770,male,18-29,2.0,3,0.15,exploratory_unweighted_not_clinical_reference
2021-2023,SMQRTU_L,SMQ770,male,18-29,4.0,1,0.05,exploratory_unweighted_not_clinical_reference
2021-2023,SMQRTU_L,SMQ846,female,12-17,2.0,373,0.951530612244898,exploratory_unweighted_not_clinical_reference
2021-2023,SMQRTU_L,SMQ846,female,12-17,1.0,19,0.04846938775510204,exploratory_unweighted_not_clinical_reference
2021-2023,SMQRTU_L,SMQ846,female,18-29,2.0,362,0.836027713625866,exploratory_unweighted_not_clinical_reference
2021-2023,SMQRTU_L,SMQ846,female,18-29,1.0,71,0.16397228637413394,exploratory_unweighted_not_clinical_reference
2021-2023,SMQRTU_L,SMQ846,female,30-39,2.0,383,0.9119047619047619,exploratory_unweighted_not_clinical_reference
2021-2023,SMQRTU_L,SMQ846,female,30-39,1.0,36,0.08571428571428572,exploratory_unweighted_not_clinical_reference
2021-2023,SMQRTU_L,SMQ846,female,30-39,7.0,1,0.002380952380952381,exploratory_unweighted_not_clinical_reference
2021-2023,SMQRTU_L,SMQ846,female,40-49,2.0,347,0.9455040871934605,exploratory_unweighted_not_clinical_reference
2021-2023,SMQRTU_L,SMQ846,female,40-49,1.0,20,0.05449591280653951,exploratory_unweighted_not_clinical_reference
2021-2023,SMQRTU_L,SMQ846,female,50-59,2.0,421,0.9397321428571429,exploratory_unweighted_not_clinical_reference
2021-2023,SMQRTU_L,SMQ846,female,50-59,1.0,26,0.05803571428571429,exploratory_unweighted_not_clinical_reference
2021-2023,SMQRTU_L,SMQ846,female,50-59,9.0,1,0.002232142857142857,exploratory_unweighted_not_clinical_reference
2021-2023,SMQRTU_L,SMQ846,female,60-69,2.0,726,0.9705882352941176,exploratory_unweighted_not_clinical_reference
2021-2023,SMQRTU_L,SMQ846,female,60-69,1.0,22,0.029411764705882353,exploratory_unweighted_not_clinical_reference
2021-2023,SMQRTU_L,SMQ846,female,70-79,2.0,429,0.9862068965517241,exploratory_unweighted_not_clinical_reference
2021-2023,SMQRTU_L,SMQ846,female,70-79,1.0,4,0.009195402298850575,exploratory_unweighted_not_clinical_reference
2021-2023,SMQRTU_L,SMQ846,female,70-79,9.0,2,0.004597701149425287,exploratory_unweighted_not_clinical_reference
2021-2023,SMQRTU_L,SMQ846,female,80+,2.0,133,0.9925373134328358,exploratory_unweighted_not_clinical_reference
2021-2023,SMQRTU_L,SMQ846,female,80+,1.0,1,0.007462686567164179,exploratory_unweighted_not_clinical_reference
2021-2023,SMQRTU_L,SMQ846,male,12-17,2.0,364,0.9578947368421052,exploratory_unweighted_not_clinical_reference
2021-2023,SMQRTU_L,SMQ846,male,12-17,1.0,16,0.042105263157894736,exploratory_unweighted_not_clinical_reference
2021-2023,SMQRTU_L,SMQ846,male,18-29,2.0,303,0.787012987012987,exploratory_unweighted_not_clinical_reference
2021-2023,SMQRTU_L,SMQ846,male,18-29,1.0,82,0.21298701298701297,exploratory_unweighted_not_clinical_reference
2021-2023,SMQRTU_L,SMQ846,male,30-39,2.0,299,0.861671469740634,exploratory_unweighted_not_clinical_reference
2021-2023,SMQRTU_L,SMQ846,male,30-39,1.0,48,0.138328530259366,exploratory_unweighted_not_clinical_reference
2021-2023,SMQRTU_L,SMQ846,male,40-49,2.0,292,0.9511400651465798,exploratory_unweighted_not_clinical_reference
2021-2023,SMQRTU_L,SMQ846,male,40-49,1.0,15,0.048859934853420196,exploratory_unweighted_not_clinical_reference
2021-2023,SMQRTU_L,SMQ846,male,50-59,2.0,348,0.9560439560439561,exploratory_unweighted_not_clinical_reference
2021-2023,SMQRTU_L,SMQ846,male,50-59,1.0,16,0.04395604395604396,exploratory_unweighted_not_clinical_reference
2021-2023,SMQRTU_L,SMQ846,male,60-69,2.0,574,0.9663299663299664,exploratory_unweighted_not_clinical_reference
2021-2023,SMQRTU_L,SMQ846,male,60-69,1.0,19,0.03198653198653199,exploratory_unweighted_not_clinical_reference
2021-2023,SMQRTU_L,SMQ846,male,60-69,9.0,1,0.0016835016835016834,exploratory_unweighted_not_clinical_reference
2021-2023,SMQRTU_L,SMQ846,male,70-79,2.0,388,0.9897959183673469,exploratory_unweighted_not_clinical_reference
2021-2023,SMQRTU_L,SMQ846,male,70-79,1.0,4,0.01020408163265306,exploratory_unweighted_not_clinical_reference
2021-2023,SMQRTU_L,SMQ846,male,80+,2.0,121,0.9918032786885246,exploratory_unweighted_not_clinical_reference
2021-2023,SMQRTU_L,SMQ846,male,80+,1.0,1,0.00819672131147541,exploratory_unweighted_not_clinical_reference
2021-2023,SMQRTU_L,SMQ849,female,18-29,5.0,43,0.6056338028169014,exploratory_unweighted_not_clinical_reference
2021-2023,SMQRTU_L,SMQ849,female,18-29,1.0,12,0.16901408450704225,exploratory_unweighted_not_clinical_reference
2021-2023,SMQRTU_L,SMQ849,female,18-29,2.0,6,0.08450704225352113,exploratory_unweighted_not_clinical_reference
2021-2023,SMQRTU_L,SMQ849,female,18-29,4.0,5,0.07042253521126761,exploratory_unweighted_not_clinical_reference
2021-2023,SMQRTU_L,SMQ849,female,18-29,3.0,5,0.07042253521126761,exploratory_unweighted_not_clinical_reference
2021-2023,SMQRTU_L,SMQ849,female,30-39,5.0,18,0.5,exploratory_unweighted_not_clinical_reference
2021-2023,SMQRTU_L,SMQ849,female,30-39,1.0,9,0.25,exploratory_unweighted_not_clinical_reference
2021-2023,SMQRTU_L,SMQ849,female,30-39,2.0,6,0.16666666666666666,exploratory_unweighted_not_clinical_reference
2021-2023,SMQRTU_L,SMQ849,female,30-39,4.0,2,0.05555555555555555,exploratory_unweighted_not_clinical_reference
2021-2023,SMQRTU_L,SMQ849,female,30-39,3.0,1,0.027777777777777776,exploratory_unweighted_not_clinical_reference
2021-2023,SMQRTU_L,SMQ849,female,40-49,5.0,10,0.5,exploratory_unweighted_not_clinical_reference
2021-2023,SMQRTU_L,SMQ849,female,40-49,1.0,5,0.25,exploratory_unweighted_not_clinical_reference
2021-2023,SMQRTU_L,SMQ849,female,40-49,3.0,4,0.2,exploratory_unweighted_not_clinical_reference
2021-2023,SMQRTU_L,SMQ849,female,40-49,2.0,1,0.05,exploratory_unweighted_not_clinical_reference
2021-2023,SMQRTU_L,SMQ849,female,50-59,5.0,18,0.6923076923076923,exploratory_unweighted_not_clinical_reference
2021-2023,SMQRTU_L,SMQ849,female,50-59,1.0,4,0.15384615384615385,exploratory_unweighted_not_clinical_reference
2021-2023,SMQRTU_L,SMQ849,female,50-59,2.0,2,0.07692307692307693,exploratory_unweighted_not_clinical_reference
2021-2023,SMQRTU_L,SMQ849,female,50-59,3.0,1,0.038461538461538464,exploratory_unweighted_not_clinical_reference
2021-2023,SMQRTU_L,SMQ849,female,50-59,4.0,1,0.038461538461538464,exploratory_unweighted_not_clinical_reference
2021-2023,SMQRTU_L,SMQ849,female,60-69,5.0,10,0.45454545454545453,exploratory_unweighted_not_clinical_reference
2021-2023,SMQRTU_L,SMQ849,female,60-69,2.0,5,0.22727272727272727,exploratory_unweighted_not_clinical_reference
2021-2023,SMQRTU_L,SMQ849,female,60-69,1.0,4,0.18181818181818182,exploratory_unweighted_not_clinical_reference
2021-2023,SMQRTU_L,SMQ849,female,60-69,3.0,2,0.09090909090909091,exploratory_unweighted_not_clinical_reference
2021-2023,SMQRTU_L,SMQ849,female,60-69,4.0,1,0.045454545454545456,exploratory_unweighted_not_clinical_reference
2021-2023,SMQRTU_L,SMQ849,male,18-29,5.0,38,0.4634146341463415,exploratory_unweighted_not_clinical_reference
2021-2023,SMQRTU_L,SMQ849,male,18-29,2.0,18,0.21951219512195122,exploratory_unweighted_not_clinical_reference
2021-2023,SMQRTU_L,SMQ849,male,18-29,1.0,12,0.14634146341463414,exploratory_unweighted_not_clinical_reference
2021-2023,SMQRTU_L,SMQ849,male,18-29,3.0,7,0.08536585365853659,exploratory_unweighted_not_clinical_reference
2021-2023,SMQRTU_L,SMQ849,male,18-29,4.0,7,0.08536585365853659,exploratory_unweighted_not_clinical_reference
2021-2023,SMQRTU_L,SMQ849,male,30-39,5.0,31,0.6458333333333334,exploratory_unweighted_not_clinical_reference
2021-2023,SMQRTU_L,SMQ849,male,30-39,1.0,7,0.14583333333333334,exploratory_unweighted_not_clinical_reference
2021-2023,SMQRTU_L,SMQ849,male,30-39,3.0,5,0.10416666666666667,exploratory_unweighted_not_clinical_reference
2021-2023,SMQRTU_L,SMQ849,male,30-39,2.0,4,0.08333333333333333,exploratory_unweighted_not_clinical_reference
2021-2023,SMQRTU_L,SMQ849,male,30-39,4.0,1,0.020833333333333332,exploratory_unweighted_not_clinical_reference
2021-2023,SMQRTU_L,SMQ851,female,12-17,2.0,392,1.0,exploratory_unweighted_not_clinical_reference
2021-2023,SMQRTU_L,SMQ851,female,18-29,2.0,432,0.9976905311778291,exploratory_unweighted_not_clinical_reference
2021-2023,SMQRTU_L,SMQ851,female,18-29,1.0,1,0.0023094688221709007,exploratory_unweighted_not_clinical_reference
2021-2023,SMQRTU_L,SMQ851,female,30-39,2.0,415,0.9880952380952381,exploratory_unweighted_not_clinical_reference
2021-2023,SMQRTU_L,SMQ851,female,30-39,1.0,4,0.009523809523809525,exploratory_unweighted_not_clinical_reference
2021-2023,SMQRTU_L,SMQ851,female,30-39,7.0,1,0.002380952380952381,exploratory_unweighted_not_clinical_reference
2021-2023,SMQRTU_L,SMQ851,female,40-49,2.0,363,0.9918032786885246,exploratory_unweighted_not_clinical_reference
2021-2023,SMQRTU_L,SMQ851,female,40-49,1.0,3,0.00819672131147541,exploratory_unweighted_not_clinical_reference
2021-2023,SMQRTU_L,SMQ851,female,50-59,2.0,446,0.9955357142857143,exploratory_unweighted_not_clinical_reference
2021-2023,SMQRTU_L,SMQ851,female,50-59,1.0,2,0.004464285714285714,exploratory_unweighted_not_clinical_reference
2021-2023,SMQRTU_L,SMQ851,female,60-69,2.0,741,0.9906417112299465,exploratory_unweighted_not_clinical_reference
2021-2023,SMQRTU_L,SMQ851,female,60-69,1.0,6,0.008021390374331552,exploratory_unweighted_not_clinical_reference
2021-2023,SMQRTU_L,SMQ851,female,60-69,7.0,1,0.001336898395721925,exploratory_unweighted_not_clinical_reference
2021-2023,SMQRTU_L,SMQ851,female,70-79,2.0,432,0.9953917050691244,exploratory_unweighted_not_clinical_reference
2021-2023,SMQRTU_L,SMQ851,female,70-79,1.0,2,0.004608294930875576,exploratory_unweighted_not_clinical_reference
2021-2023,SMQRTU_L,SMQ851,female,80+,2.0,133,0.9925373134328358,exploratory_unweighted_not_clinical_reference
2021-2023,SMQRTU_L,SMQ851,female,80+,9.0,1,0.007462686567164179,exploratory_unweighted_not_clinical_reference
2021-2023,SMQRTU_L,SMQ851,male,12-17,2.0,375,0.9894459102902374,exploratory_unweighted_not_clinical_reference
2021-2023,SMQRTU_L,SMQ851,male,12-17,1.0,4,0.010554089709762533,exploratory_unweighted_not_clinical_reference
2021-2023,SMQRTU_L,SMQ851,male,18-29,2.0,371,0.9636363636363636,exploratory_unweighted_not_clinical_reference
2021-2023,SMQRTU_L,SMQ851,male,18-29,1.0,14,0.03636363636363636,exploratory_unweighted_not_clinical_reference
2021-2023,SMQRTU_L,SMQ851,male,30-39,2.0,335,0.9654178674351584,exploratory_unweighted_not_clinical_reference
2021-2023,SMQRTU_L,SMQ851,male,30-39,1.0,12,0.0345821325648415,exploratory_unweighted_not_clinical_reference
2021-2023,SMQRTU_L,SMQ851,male,40-49,2.0,296,0.9641693811074918,exploratory_unweighted_not_clinical_reference
2021-2023,SMQRTU_L,SMQ851,male,40-49,1.0,11,0.035830618892508145,exploratory_unweighted_not_clinical_reference
2021-2023,SMQRTU_L,SMQ851,male,50-59,2.0,349,0.9587912087912088,exploratory_unweighted_not_clinical_reference
2021-2023,SMQRTU_L,SMQ851,male,50-59,1.0,15,0.04120879120879121,exploratory_unweighted_not_clinical_reference
2021-2023,SMQRTU_L,SMQ851,male,60-69,2.0,581,0.9781144781144782,exploratory_unweighted_not_clinical_reference
2021-2023,SMQRTU_L,SMQ851,male,60-69,1.0,13,0.021885521885521887,exploratory_unweighted_not_clinical_reference
2021-2023,SMQRTU_L,SMQ851,male,70-79,2.0,385,0.9871794871794872,exploratory_unweighted_not_clinical_reference
2021-2023,SMQRTU_L,SMQ851,male,70-79,1.0,4,0.010256410256410256,exploratory_unweighted_not_clinical_reference
2021-2023,SMQRTU_L,SMQ851,male,70-79,9.0,1,0.002564102564102564,exploratory_unweighted_not_clinical_reference
2021-2023,SMQRTU_L,SMQ851,male,80+,2.0,121,0.9918032786885246,exploratory_unweighted_not_clinical_reference
2021-2023,SMQRTU_L,SMQ851,male,80+,1.0,1,0.00819672131147541,exploratory_unweighted_not_clinical_reference
2021-2023,SMQRTU_L,SMQ863,female,18-29,2.0,432,0.9976905311778291,exploratory_unweighted_not_clinical_reference
2021-2023,SMQRTU_L,SMQ863,female,18-29,1.0,1,0.0023094688221709007,exploratory_unweighted_not_clinical_reference
2021-2023,SMQRTU_L,SMQ863,female,30-39,2.0,416,0.9904761904761905,exploratory_unweighted_not_clinical_reference
2021-2023,SMQRTU_L,SMQ863,female,30-39,1.0,3,0.007142857142857143,exploratory_unweighted_not_clinical_reference
2021-2023,SMQRTU_L,SMQ863,female,30-39,7.0,1,0.002380952380952381,exploratory_unweighted_not_clinical_reference
2021-2023,SMQRTU_L,SMQ863,female,40-49,2.0,361,0.9863387978142076,exploratory_unweighted_not_clinical_reference
2021-2023,SMQRTU_L,SMQ863,female,40-49,1.0,5,0.01366120218579235,exploratory_unweighted_not_clinical_reference
2021-2023,SMQRTU_L,SMQ863,female,50-59,2.0,441,0.9865771812080537,exploratory_unweighted_not_clinical_reference
2021-2023,SMQRTU_L,SMQ863,female,50-59,1.0,6,0.013422818791946308,exploratory_unweighted_not_clinical_reference
2021-2023,SMQRTU_L,SMQ863,female,60-69,2.0,734,0.9825970548862115,exploratory_unweighted_not_clinical_reference
2021-2023,SMQRTU_L,SMQ863,female,60-69,1.0,13,0.01740294511378849,exploratory_unweighted_not_clinical_reference
2021-2023,SMQRTU_L,SMQ863,female,70-79,2.0,423,0.9791666666666666,exploratory_unweighted_not_clinical_reference
2021-2023,SMQRTU_L,SMQ863,female,70-79,1.0,9,0.020833333333333332,exploratory_unweighted_not_clinical_reference
2021-2023,SMQRTU_L,SMQ863,female,80+,2.0,134,1.0,exploratory_unweighted_not_clinical_reference
2021-2023,SMQRTU_L,SMQ863,male,18-29,2.0,374,0.9714285714285714,exploratory_unweighted_not_clinical_reference
2021-2023,SMQRTU_L,SMQ863,male,18-29,1.0,11,0.02857142857142857,exploratory_unweighted_not_clinical_reference
2021-2023,SMQRTU_L,SMQ863,male,30-39,2.0,340,0.9798270893371758,exploratory_unweighted_not_clinical_reference
2021-2023,SMQRTU_L,SMQ863,male,30-39,1.0,7,0.020172910662824207,exploratory_unweighted_not_clinical_reference
2021-2023,SMQRTU_L,SMQ863,male,40-49,2.0,298,0.9738562091503268,exploratory_unweighted_not_clinical_reference
2021-2023,SMQRTU_L,SMQ863,male,40-49,1.0,8,0.026143790849673203,exploratory_unweighted_not_clinical_reference
2021-2023,SMQRTU_L,SMQ863,male,50-59,2.0,354,0.9725274725274725,exploratory_unweighted_not_clinical_reference
2021-2023,SMQRTU_L,SMQ863,male,50-59,1.0,10,0.027472527472527472,exploratory_unweighted_not_clinical_reference
2021-2023,SMQRTU_L,SMQ863,male,60-69,2.0,585,0.9865092748735245,exploratory_unweighted_not_clinical_reference
2021-2023,SMQRTU_L,SMQ863,male,60-69,1.0,7,0.011804384485666104,exploratory_unweighted_not_clinical_reference
2021-2023,SMQRTU_L,SMQ863,male,60-69,7.0,1,0.0016863406408094434,exploratory_unweighted_not_clinical_reference
2021-2023,SMQRTU_L,SMQ863,male,70-79,2.0,386,0.9897435897435898,exploratory_unweighted_not_clinical_reference
2021-2023,SMQRTU_L,SMQ863,male,70-79,1.0,4,0.010256410256410256,exploratory_unweighted_not_clinical_reference
2021-2023,SMQRTU_L,SMQ863,male,80+,2.0,119,0.9834710743801653,exploratory_unweighted_not_clinical_reference
2021-2023,SMQRTU_L,SMQ863,male,80+,1.0,2,0.01652892561983471,exploratory_unweighted_not_clinical_reference
2021-2023,SMQRTU_L,SMDANY,female,12-17,2.0,373,0.951530612244898,exploratory_unweighted_not_clinical_reference
2021-2023,SMQRTU_L,SMDANY,female,12-17,1.0,19,0.04846938775510204,exploratory_unweighted_not_clinical_reference
2021-2023,SMQRTU_L,SMDANY,female,18-29,2.0,337,0.7782909930715936,exploratory_unweighted_not_clinical_reference
2021-2023,SMQRTU_L,SMDANY,female,18-29,1.0,96,0.22170900692840648,exploratory_unweighted_not_clinical_reference
2021-2023,SMQRTU_L,SMDANY,female,30-39,2.0,325,0.7738095238095238,exploratory_unweighted_not_clinical_reference
2021-2023,SMQRTU_L,SMDANY,female,30-39,1.0,94,0.22380952380952382,exploratory_unweighted_not_clinical_reference
2021-2023,SMQRTU_L,SMDANY,female,30-39,7.0,1,0.002380952380952381,exploratory_unweighted_not_clinical_reference
2021-2023,SMQRTU_L,SMDANY,female,40-49,2.0,285,0.7786885245901639,exploratory_unweighted_not_clinical_reference
2021-2023,SMQRTU_L,SMDANY,female,40-49,1.0,81,0.22131147540983606,exploratory_unweighted_not_clinical_reference
2021-2023,SMQRTU_L,SMDANY,female,50-59,2.0,344,0.7695749440715883,exploratory_unweighted_not_clinical_reference
2021-2023,SMQRTU_L,SMDANY,female,50-59,1.0,103,0.23042505592841164,exploratory_unweighted_not_clinical_reference
2021-2023,SMQRTU_L,SMDANY,female,60-69,2.0,613,0.820615796519411,exploratory_unweighted_not_clinical_reference
2021-2023,SMQRTU_L,SMDANY,female,60-69,1.0,134,0.17938420348058903,exploratory_unweighted_not_clinical_reference
2021-2023,SMQRTU_L,SMDANY,female,70-79,2.0,386,0.8935185185185185,exploratory_unweighted_not_clinical_reference
2021-2023,SMQRTU_L,SMDANY,female,70-79,1.0,46,0.10648148148148148,exploratory_unweighted_not_clinical_reference
2021-2023,SMQRTU_L,SMDANY,female,80+,2.0,128,0.9624060150375939,exploratory_unweighted_not_clinical_reference
2021-2023,SMQRTU_L,SMDANY,female,80+,1.0,5,0.03759398496240601,exploratory_unweighted_not_clinical_reference
2021-2023,SMQRTU_L,SMDANY,male,12-17,2.0,357,0.941952506596306,exploratory_unweighted_not_clinical_reference
2021-2023,SMQRTU_L,SMDANY,male,12-17,1.0,22,0.05804749340369393,exploratory_unweighted_not_clinical_reference
2021-2023,SMQRTU_L,SMDANY,male,18-29,2.0,259,0.6727272727272727,exploratory_unweighted_not_clinical_reference
2021-2023,SMQRTU_L,SMDANY,male,18-29,1.0,126,0.32727272727272727,exploratory_unweighted_not_clinical_reference
2021-2023,SMQRTU_L,SMDANY,male,30-39,2.0,225,0.6484149855907781,exploratory_unweighted_not_clinical_reference
2021-2023,SMQRTU_L,SMDANY,male,30-39,1.0,122,0.3515850144092219,exploratory_unweighted_not_clinical_reference
2021-2023,SMQRTU_L,SMDANY,male,40-49,2.0,206,0.673202614379085,exploratory_unweighted_not_clinical_reference
2021-2023,SMQRTU_L,SMDANY,male,40-49,1.0,100,0.32679738562091504,exploratory_unweighted_not_clinical_reference
2021-2023,SMQRTU_L,SMDANY,male,50-59,2.0,241,0.6620879120879121,exploratory_unweighted_not_clinical_reference
2021-2023,SMQRTU_L,SMDANY,male,50-59,1.0,123,0.33791208791208793,exploratory_unweighted_not_clinical_reference
2021-2023,SMQRTU_L,SMDANY,male,60-69,2.0,437,0.7381756756756757,exploratory_unweighted_not_clinical_reference
2021-2023,SMQRTU_L,SMDANY,male,60-69,1.0,155,0.26182432432432434,exploratory_unweighted_not_clinical_reference
2021-2023,SMQRTU_L,SMDANY,male,70-79,2.0,339,0.87146529562982,exploratory_unweighted_not_clinical_reference
2021-2023,SMQRTU_L,SMDANY,male,70-79,1.0,50,0.12853470437017994,exploratory_unweighted_not_clinical_reference
2021-2023,SMQRTU_L,SMDANY,male,80+,2.0,114,0.95,exploratory_unweighted_not_clinical_reference
2021-2023,SMQRTU_L,SMDANY,male,80+,1.0,6,0.05,exploratory_unweighted_not_clinical_reference
2021-2023,WHQ_L,WHD010,female,12-17,62.0,26,0.14772727272727273,exploratory_unweighted_not_clinical_reference
2021-2023,WHQ_L,WHD010,female,12-17,63.0,24,0.13636363636363635,exploratory_unweighted_not_clinical_reference
2021-2023,WHQ_L,WHD010,female,12-17,66.0,21,0.11931818181818182,exploratory_unweighted_not_clinical_reference
2021-2023,WHQ_L,WHD010,female,12-17,64.0,21,0.11931818181818182,exploratory_unweighted_not_clinical_reference
2021-2023,WHQ_L,WHD010,female,12-17,65.0,20,0.11363636363636363,exploratory_unweighted_not_clinical_reference
2021-2023,WHQ_L,WHD010,female,12-17,60.0,16,0.09090909090909091,exploratory_unweighted_not_clinical_reference
2021-2023,WHQ_L,WHD010,female,12-17,61.0,13,0.07386363636363637,exploratory_unweighted_not_clinical_reference
2021-2023,WHQ_L,WHD010,female,12-17,59.0,9,0.05113636363636364,exploratory_unweighted_not_clinical_reference
2021-2023,WHQ_L,WHD010,female,12-17,68.0,9,0.05113636363636364,exploratory_unweighted_not_clinical_reference
2021-2023,WHQ_L,WHD010,female,12-17,67.0,7,0.03977272727272727,exploratory_unweighted_not_clinical_reference
2021-2023,WHQ_L,WHD010,female,12-17,70.0,3,0.017045454545454544,exploratory_unweighted_not_clinical_reference
2021-2023,WHQ_L,WHD010,female,12-17,9999.0,3,0.017045454545454544,exploratory_unweighted_not_clinical_reference
2021-2023,WHQ_L,WHD010,female,12-17,71.0,2,0.011363636363636364,exploratory_unweighted_not_clinical_reference
2021-2023,WHQ_L,WHD010,female,12-17,57.0,1,0.005681818181818182,exploratory_unweighted_not_clinical_reference
2021-2023,WHQ_L,WHD010,female,12-17,69.0,1,0.005681818181818182,exploratory_unweighted_not_clinical_reference
2021-2023,WHQ_L,WHD010,female,18-29,64.0,94,0.14008941877794337,exploratory_unweighted_not_clinical_reference
2021-2023,WHQ_L,WHD010,female,18-29,63.0,94,0.14008941877794337,exploratory_unweighted_not_clinical_reference
2021-2023,WHQ_L,WHD010,female,18-29,65.0,92,0.13710879284649777,exploratory_unweighted_not_clinical_reference
2021-2023,WHQ_L,WHD010,female,18-29,62.0,70,0.10432190760059612,exploratory_unweighted_not_clinical_reference
2021-2023,WHQ_L,WHD010,female,18-29,66.0,62,0.09239940387481371,exploratory_unweighted_not_clinical_reference
2021-2023,WHQ_L,WHD010,female,18-29,67.0,48,0.07153502235469449,exploratory_unweighted_not_clinical_reference
2021-2023,WHQ_L,WHD010,female,18-29,61.0,47,0.07004470938897168,exploratory_unweighted_not_clinical_reference
2021-2023,WHQ_L,WHD010,female,18-29,60.0,38,0.05663189269746647,exploratory_unweighted_not_clinical_reference
2021-2023,WHQ_L,WHD010,female,18-29,68.0,36,0.05365126676602087,exploratory_unweighted_not_clinical_reference
2021-2023,WHQ_L,WHD010,female,18-29,69.0,29,0.043219076005961254,exploratory_unweighted_not_clinical_reference
2021-2023,WHQ_L,WHD010,female,18-29,59.0,21,0.03129657228017884,exploratory_unweighted_not_clinical_reference
2021-2023,WHQ_L,WHD010,female,18-29,70.0,15,0.022354694485842028,exploratory_unweighted_not_clinical_reference
2021-2023,WHQ_L,WHD010,female,18-29,9999.0,8,0.011922503725782414,exploratory_unweighted_not_clinical_reference
2021-2023,WHQ_L,WHD010,female,18-29,57.0,5,0.007451564828614009,exploratory_unweighted_not_clinical_reference
2021-2023,WHQ_L,WHD010,female,18-29,58.0,4,0.005961251862891207,exploratory_unweighted_not_clinical_reference
2021-2023,WHQ_L,WHD010,female,18-29,72.0,2,0.0029806259314456036,exploratory_unweighted_not_clinical_reference
2021-2023,WHQ_L,WHD010,female,18-29,71.0,2,0.0029806259314456036,exploratory_unweighted_not_clinical_reference
2021-2023,WHQ_L,WHD010,female,18-29,56.0,2,0.0029806259314456036,exploratory_unweighted_not_clinical_reference
2021-2023,WHQ_L,WHD010,female,18-29,48.0,1,0.0014903129657228018,exploratory_unweighted_not_clinical_reference
2021-2023,WHQ_L,WHD010,female,18-29,74.0,1,0.0014903129657228018,exploratory_unweighted_not_clinical_reference
2021-2023,WHQ_L,WHD010,female,30-39,64.0,110,0.16248153618906944,exploratory_unweighted_not_clinical_reference
2021-2023,WHQ_L,WHD010,female,30-39,65.0,82,0.12112259970457903,exploratory_unweighted_not_clinical_reference
2021-2023,WHQ_L,WHD010,female,30-39,62.0,75,0.11078286558345643,exploratory_unweighted_not_clinical_reference
2021-2023,WHQ_L,WHD010,female,30-39,63.0,74,0.10930576070901034,exploratory_unweighted_not_clinical_reference
2021-2023,WHQ_L,WHD010,female,30-39,66.0,69,0.1019202363367799,exploratory_unweighted_not_clinical_reference
2021-2023,WHQ_L,WHD010,female,30-39,67.0,63,0.0930576070901034,exploratory_unweighted_not_clinical_reference
2021-2023,WHQ_L,WHD010,female,30-39,68.0,39,0.05760709010339734,exploratory_unweighted_not_clinical_reference
2021-2023,WHQ_L,WHD010,female,30-39,61.0,39,0.05760709010339734,exploratory_unweighted_not_clinical_reference
2021-2023,WHQ_L,WHD010,female,30-39,60.0,39,0.05760709010339734,exploratory_unweighted_not_clinical_reference
2021-2023,WHQ_L,WHD010,female,30-39,69.0,25,0.03692762186115214,exploratory_unweighted_not_clinical_reference
2021-2023,WHQ_L,WHD010,female,30-39,59.0,22,0.03249630723781388,exploratory_unweighted_not_clinical_reference
2021-2023,WHQ_L,WHD010,female,30-39,70.0,14,0.0206794682422452,exploratory_unweighted_not_clinical_reference
2021-2023,WHQ_L,WHD010,female,30-39,71.0,6,0.008862629246676515,exploratory_unweighted_not_clinical_reference
2021-2023,WHQ_L,WHD010,female,30-39,9999.0,4,0.005908419497784343,exploratory_unweighted_not_clinical_reference
2021-2023,WHQ_L,WHD010,female,30-39,58.0,3,0.004431314623338257,exploratory_unweighted_not_clinical_reference
2021-2023,WHQ_L,WHD010,female,30-39,72.0,3,0.004431314623338257,exploratory_unweighted_not_clinical_reference
2021-2023,WHQ_L,WHD010,female,30-39,53.0,2,0.0029542097488921715,exploratory_unweighted_not_clinical_reference
2021-2023,WHQ_L,WHD010,female,30-39,57.0,2,0.0029542097488921715,exploratory_unweighted_not_clinical_reference
2021-2023,WHQ_L,WHD010,female,30-39,73.0,1,0.0014771048744460858,exploratory_unweighted_not_clinical_reference
2021-2023,WHQ_L,WHD010,female,30-39,56.0,1,0.0014771048744460858,exploratory_unweighted_not_clinical_reference
2021-2023,WHQ_L,WHD010,female,30-39,77.0,1,0.0014771048744460858,exploratory_unweighted_not_clinical_reference
2021-2023,WHQ_L,WHD010,female,30-39,54.0,1,0.0014771048744460858,exploratory_unweighted_not_clinical_reference
2021-2023,WHQ_L,WHD010,female,30-39,51.0,1,0.0014771048744460858,exploratory_unweighted_not_clinical_reference
2021-2023,WHQ_L,WHD010,female,30-39,74.0,1,0.0014771048744460858,exploratory_unweighted_not_clinical_reference
2021-2023,WHQ_L,WHD010,female,40-49,64.0,92,0.15916955017301038,exploratory_unweighted_not_clinical_reference
2021-2023,WHQ_L,WHD010,female,40-49,65.0,67,0.11591695501730104,exploratory_unweighted_not_clinical_reference
2021-2023,WHQ_L,WHD010,female,40-49,63.0,66,0.11418685121107267,exploratory_unweighted_not_clinical_reference
2021-2023,WHQ_L,WHD010,female,40-49,62.0,65,0.11245674740484429,exploratory_unweighted_not_clinical_reference
2021-2023,WHQ_L,WHD010,female,40-49,66.0,64,0.11072664359861592,exploratory_unweighted_not_clinical_reference
2021-2023,WHQ_L,WHD010,female,40-49,67.0,56,0.09688581314878893,exploratory_unweighted_not_clinical_reference
2021-2023,WHQ_L,WHD010,female,40-49,60.0,35,0.06055363321799308,exploratory_unweighted_not_clinical_reference
2021-2023,WHQ_L,WHD010,female,40-49,61.0,33,0.05709342560553633,exploratory_unweighted_not_clinical_reference
2021-2023,WHQ_L,WHD010,female,40-49,68.0,29,0.050173010380622836,exploratory_unweighted_not_clinical_reference
2021-2023,WHQ_L,WHD010,female,40-49,69.0,26,0.04498269896193772,exploratory_unweighted_not_clinical_reference
2021-2023,WHQ_L,WHD010,female,40-49,59.0,20,0.03460207612456748,exploratory_unweighted_not_clinical_reference
2021-2023,WHQ_L,WHD010,female,40-49,9999.0,6,0.010380622837370242,exploratory_unweighted_not_clinical_reference
2021-2023,WHQ_L,WHD010,female,40-49,57.0,4,0.006920415224913495,exploratory_unweighted_not_clinical_reference
2021-2023,WHQ_L,WHD010,female,40-49,70.0,4,0.006920415224913495,exploratory_unweighted_not_clinical_reference
2021-2023,WHQ_L,WHD010,female,40-49,71.0,4,0.006920415224913495,exploratory_unweighted_not_clinical_reference
2021-2023,WHQ_L,WHD010,female,40-49,58.0,3,0.005190311418685121,exploratory_unweighted_not_clinical_reference
2021-2023,WHQ_L,WHD010,female,40-49,56.0,2,0.0034602076124567475,exploratory_unweighted_not_clinical_reference
2021-2023,WHQ_L,WHD010,female,40-49,51.0,1,0.0017301038062283738,exploratory_unweighted_not_clinical_reference
2021-2023,WHQ_L,WHD010,female,40-49,53.0,1,0.0017301038062283738,exploratory_unweighted_not_clinical_reference
2021-2023,WHQ_L,WHD010,female,50-59,64.0,96,0.1476923076923077,exploratory_unweighted_not_clinical_reference
2021-2023,WHQ_L,WHD010,female,50-59,63.0,81,0.12461538461538461,exploratory_unweighted_not_clinical_reference
2021-2023,WHQ_L,WHD010,female,50-59,66.0,79,0.12153846153846154,exploratory_unweighted_not_clinical_reference
2021-2023,WHQ_L,WHD010,female,50-59,62.0,73,0.1123076923076923,exploratory_unweighted_not_clinical_reference
2021-2023,WHQ_L,WHD010,female,50-59,65.0,66,0.10153846153846154,exploratory_unweighted_not_clinical_reference
2021-2023,WHQ_L,WHD010,female,50-59,67.0,54,0.08307692307692308,exploratory_unweighted_not_clinical_reference
2021-2023,WHQ_L,WHD010,female,50-59,60.0,43,0.06615384615384616,exploratory_unweighted_not_clinical_reference
2021-2023,WHQ_L,WHD010,female,50-59,61.0,40,0.06153846153846154,exploratory_unweighted_not_clinical_reference
2021-2023,WHQ_L,WHD010,female,50-59,68.0,35,0.05384615384615385,exploratory_unweighted_not_clinical_reference
2021-2023,WHQ_L,WHD010,female,50-59,59.0,27,0.04153846153846154,exploratory_unweighted_not_clinical_reference
2021-2023,WHQ_L,WHD010,female,50-59,69.0,21,0.03230769230769231,exploratory_unweighted_not_clinical_reference
2021-2023,WHQ_L,WHD010,female,50-59,70.0,9,0.013846153846153847,exploratory_unweighted_not_clinical_reference
2021-2023,WHQ_L,WHD010,female,50-59,57.0,7,0.010769230769230769,exploratory_unweighted_not_clinical_reference
2021-2023,WHQ_L,WHD010,female,50-59,9999.0,7,0.010769230769230769,exploratory_unweighted_not_clinical_reference
2021-2023,WHQ_L,WHD010,female,50-59,71.0,5,0.007692307692307693,exploratory_unweighted_not_clinical_reference
2021-2023,WHQ_L,WHD010,female,50-59,72.0,3,0.004615384615384616,exploratory_unweighted_not_clinical_reference
2021-2023,WHQ_L,WHD010,female,50-59,56.0,1,0.0015384615384615385,exploratory_unweighted_not_clinical_reference
2021-2023,WHQ_L,WHD010,female,50-59,58.0,1,0.0015384615384615385,exploratory_unweighted_not_clinical_reference
2021-2023,WHQ_L,WHD010,female,50-59,48.0,1,0.0015384615384615385,exploratory_unweighted_not_clinical_reference
2021-2023,WHQ_L,WHD010,female,50-59,54.0,1,0.0015384615384615385,exploratory_unweighted_not_clinical_reference
2021-2023,WHQ_L,WHD010,female,60-69,64.0,138,0.14256198347107438,exploratory_unweighted_not_clinical_reference
2021-2023,WHQ_L,WHD010,female,60-69,62.0,128,0.1322314049586777,exploratory_unweighted_not_clinical_reference
2021-2023,WHQ_L,WHD010,female,60-69,65.0,124,0.128099173553719,exploratory_unweighted_not_clinical_reference
2021-2023,WHQ_L,WHD010,female,60-69,63.0,117,0.12086776859504132,exploratory_unweighted_not_clinical_reference
2021-2023,WHQ_L,WHD010,female,60-69,66.0,98,0.1012396694214876,exploratory_unweighted_not_clinical_reference
2021-2023,WHQ_L,WHD010,female,60-69,61.0,84,0.08677685950413223,exploratory_unweighted_not_clinical_reference
2021-2023,WHQ_L,WHD010,female,60-69,67.0,82,0.08471074380165289,exploratory_unweighted_not_clinical_reference
2021-2023,WHQ_L,WHD010,female,60-69,60.0,61,0.06301652892561983,exploratory_unweighted_not_clinical_reference
2021-2023,WHQ_L,WHD010,female,60-69,68.0,44,0.045454545454545456,exploratory_unweighted_not_clinical_reference
2021-2023,WHQ_L,WHD010,female,60-69,59.0,26,0.026859504132231406,exploratory_unweighted_not_clinical_reference
2021-2023,WHQ_L,WHD010,female,60-69,69.0,17,0.01756198347107438,exploratory_unweighted_not_clinical_reference
2021-2023,WHQ_L,WHD010,female,60-69,70.0,15,0.015495867768595042,exploratory_unweighted_not_clinical_reference
2021-2023,WHQ_L,WHD010,female,60-69,58.0,7,0.007231404958677686,exploratory_unweighted_not_clinical_reference
2021-2023,WHQ_L,WHD010,female,60-69,9999.0,7,0.007231404958677686,exploratory_unweighted_not_clinical_reference
2021-2023,WHQ_L,WHD010,female,60-69,57.0,7,0.007231404958677686,exploratory_unweighted_not_clinical_reference
2021-2023,WHQ_L,WHD010,female,60-69,72.0,3,0.0030991735537190084,exploratory_unweighted_not_clinical_reference
2021-2023,WHQ_L,WHD010,female,60-69,56.0,3,0.0030991735537190084,exploratory_unweighted_not_clinical_reference
2021-2023,WHQ_L,WHD010,female,60-69,53.0,2,0.002066115702479339,exploratory_unweighted_not_clinical_reference
2021-2023,WHQ_L,WHD010,female,60-69,76.0,1,0.0010330578512396695,exploratory_unweighted_not_clinical_reference
2021-2023,WHQ_L,WHD010,female,60-69,54.0,1,0.0010330578512396695,exploratory_unweighted_not_clinical_reference
2021-2023,WHQ_L,WHD010,female,60-69,48.0,1,0.0010330578512396695,exploratory_unweighted_not_clinical_reference
2021-2023,WHQ_L,WHD010,female,60-69,73.0,1,0.0010330578512396695,exploratory_unweighted_not_clinical_reference
2021-2023,WHQ_L,WHD010,female,60-69,55.0,1,0.0010330578512396695,exploratory_unweighted_not_clinical_reference
2021-2023,WHQ_L,WHD010,female,70-79,64.0,104,0.15902140672782875,exploratory_unweighted_not_clinical_reference
2021-2023,WHQ_L,WHD010,female,70-79,63.0,103,0.15749235474006115,exploratory_unweighted_not_clinical_reference
2021-2023,WHQ_L,WHD010,female,70-79,62.0,102,0.1559633027522936,exploratory_unweighted_not_clinical_reference
2021-2023,WHQ_L,WHD010,female,70-79,65.0,70,0.10703363914373089,exploratory_unweighted_not_clinical_reference
2021-2023,WHQ_L,WHD010,female,70-79,61.0,59,0.09021406727828746,exploratory_unweighted_not_clinical_reference
2021-2023,WHQ_L,WHD010,female,70-79,66.0,59,0.09021406727828746,exploratory_unweighted_not_clinical_reference
2021-2023,WHQ_L,WHD010,female,70-79,60.0,46,0.07033639143730887,exploratory_unweighted_not_clinical_reference
2021-2023,WHQ_L,WHD010,female,70-79,67.0,28,0.04281345565749235,exploratory_unweighted_not_clinical_reference
2021-2023,WHQ_L,WHD010,female,70-79,68.0,20,0.03058103975535168,exploratory_unweighted_not_clinical_reference
2021-2023,WHQ_L,WHD010,female,70-79,59.0,19,0.0290519877675841,exploratory_unweighted_not_clinical_reference
2021-2023,WHQ_L,WHD010,female,70-79,70.0,9,0.013761467889908258,exploratory_unweighted_not_clinical_reference
2021-2023,WHQ_L,WHD010,female,70-79,69.0,9,0.013761467889908258,exploratory_unweighted_not_clinical_reference
2021-2023,WHQ_L,WHD010,female,70-79,57.0,7,0.010703363914373088,exploratory_unweighted_not_clinical_reference
2021-2023,WHQ_L,WHD010,female,70-79,58.0,5,0.00764525993883792,exploratory_unweighted_not_clinical_reference
2021-2023,WHQ_L,WHD010,female,70-79,55.0,3,0.0045871559633027525,exploratory_unweighted_not_clinical_reference
2021-2023,WHQ_L,WHD010,female,70-79,56.0,3,0.0045871559633027525,exploratory_unweighted_not_clinical_reference
2021-2023,WHQ_L,WHD010,female,70-79,9999.0,3,0.0045871559633027525,exploratory_unweighted_not_clinical_reference
2021-2023,WHQ_L,WHD010,female,70-79,71.0,2,0.0030581039755351682,exploratory_unweighted_not_clinical_reference
2021-2023,WHQ_L,WHD010,female,70-79,42.0,1,0.0015290519877675841,exploratory_unweighted_not_clinical_reference
2021-2023,WHQ_L,WHD010,female,70-79,72.0,1,0.0015290519877675841,exploratory_unweighted_not_clinical_reference
2021-2023,WHQ_L,WHD010,female,70-79,48.0,1,0.0015290519877675841,exploratory_unweighted_not_clinical_reference
2021-2023,WHQ_L,WHD010,female,80+,63.0,42,0.14383561643835616,exploratory_unweighted_not_clinical_reference
2021-2023,WHQ_L,WHD010,female,80+,62.0,40,0.136986301369863,exploratory_unweighted_not_clinical_reference
2021-2023,WHQ_L,WHD010,female,80+,64.0,39,0.13356164383561644,exploratory_unweighted_not_clinical_reference
2021-2023,WHQ_L,WHD010,female,80+,65.0,30,0.10273972602739725,exploratory_unweighted_not_clinical_reference
2021-2023,WHQ_L,WHD010,female,80+,60.0,26,0.08904109589041095,exploratory_unweighted_not_clinical_reference
2021-2023,WHQ_L,WHD010,female,80+,61.0,26,0.08904109589041095,exploratory_unweighted_not_clinical_reference
2021-2023,WHQ_L,WHD010,female,80+,66.0,22,0.07534246575342465,exploratory_unweighted_not_clinical_reference
2021-2023,WHQ_L,WHD010,female,80+,67.0,18,0.06164383561643835,exploratory_unweighted_not_clinical_reference
2021-2023,WHQ_L,WHD010,female,80+,59.0,14,0.04794520547945205,exploratory_unweighted_not_clinical_reference
2021-2023,WHQ_L,WHD010,female,80+,58.0,11,0.03767123287671233,exploratory_unweighted_not_clinical_reference
2021-2023,WHQ_L,WHD010,female,80+,9999.0,6,0.02054794520547945,exploratory_unweighted_not_clinical_reference
2021-2023,WHQ_L,WHD010,female,80+,68.0,5,0.017123287671232876,exploratory_unweighted_not_clinical_reference
2021-2023,WHQ_L,WHD010,female,80+,57.0,5,0.017123287671232876,exploratory_unweighted_not_clinical_reference
2021-2023,WHQ_L,WHD010,female,80+,69.0,3,0.010273972602739725,exploratory_unweighted_not_clinical_reference
2021-2023,WHQ_L,WHD010,female,80+,55.0,2,0.00684931506849315,exploratory_unweighted_not_clinical_reference
2021-2023,WHQ_L,WHD010,female,80+,54.0,1,0.003424657534246575,exploratory_unweighted_not_clinical_reference
2021-2023,WHQ_L,WHD010,female,80+,40.0,1,0.003424657534246575,exploratory_unweighted_not_clinical_reference
2021-2023,WHQ_L,WHD010,female,80+,48.0,1,0.003424657534246575,exploratory_unweighted_not_clinical_reference
2021-2023,WHQ_L,WHD010,male,12-17,69.0,28,0.16279069767441862,exploratory_unweighted_not_clinical_reference
2021-2023,WHQ_L,WHD010,male,12-17,70.0,25,0.14534883720930233,exploratory_unweighted_not_clinical_reference
2021-2023,WHQ_L,WHD010,male,12-17,67.0,20,0.11627906976744186,exploratory_unweighted_not_clinical_reference
2021-2023,WHQ_L,WHD010,male,12-17,68.0,18,0.10465116279069768,exploratory_unweighted_not_clinical_reference
2021-2023,WHQ_L,WHD010,male,12-17,72.0,16,0.09302325581395349,exploratory_unweighted_not_clinical_reference
2021-2023,WHQ_L,WHD010,male,12-17,74.0,11,0.06395348837209303,exploratory_unweighted_not_clinical_reference
2021-2023,WHQ_L,WHD010,male,12-17,71.0,9,0.05232558139534884,exploratory_unweighted_not_clinical_reference
2021-2023,WHQ_L,WHD010,male,12-17,73.0,9,0.05232558139534884,exploratory_unweighted_not_clinical_reference
2021-2023,WHQ_L,WHD010,male,12-17,66.0,8,0.046511627906976744,exploratory_unweighted_not_clinical_reference
2021-2023,WHQ_L,WHD010,male,12-17,65.0,7,0.040697674418604654,exploratory_unweighted_not_clinical_reference
2021-2023,WHQ_L,WHD010,male,12-17,9999.0,7,0.040697674418604654,exploratory_unweighted_not_clinical_reference
2021-2023,WHQ_L,WHD010,male,12-17,75.0,6,0.03488372093023256,exploratory_unweighted_not_clinical_reference
2021-2023,WHQ_L,WHD010,male,12-17,64.0,4,0.023255813953488372,exploratory_unweighted_not_clinical_reference
2021-2023,WHQ_L,WHD010,male,12-17,63.0,1,0.005813953488372093,exploratory_unweighted_not_clinical_reference
2021-2023,WHQ_L,WHD010,male,12-17,62.0,1,0.005813953488372093,exploratory_unweighted_not_clinical_reference
2021-2023,WHQ_L,WHD010,male,12-17,79.0,1,0.005813953488372093,exploratory_unweighted_not_clinical_reference
2021-2023,WHQ_L,WHD010,male,12-17,59.0,1,0.005813953488372093,exploratory_unweighted_not_clinical_reference
2021-2023,WHQ_L,WHD010,male,18-29,69.0,71,0.12369337979094076,exploratory_unweighted_not_clinical_reference
2021-2023,WHQ_L,WHD010,male,18-29,71.0,66,0.11498257839721254,exploratory_unweighted_not_clinical_reference
2021-2023,WHQ_L,WHD010,male,18-29,72.0,61,0.10627177700348432,exploratory_unweighted_not_clinical_reference
2021-2023,WHQ_L,WHD010,male,18-29,70.0,61,0.10627177700348432,exploratory_unweighted_not_clinical_reference
2021-2023,WHQ_L,WHD010,male,18-29,67.0,58,0.10104529616724739,exploratory_unweighted_not_clinical_reference
2021-2023,WHQ_L,WHD010,male,18-29,68.0,51,0.08885017421602788,exploratory_unweighted_not_clinical_reference
2021-2023,WHQ_L,WHD010,male,18-29,73.0,50,0.08710801393728224,exploratory_unweighted_not_clinical_reference
2021-2023,WHQ_L,WHD010,male,18-29,66.0,41,0.07142857142857142,exploratory_unweighted_not_clinical_reference
2021-2023,WHQ_L,WHD010,male,18-29,74.0,28,0.04878048780487805,exploratory_unweighted_not_clinical_reference
2021-2023,WHQ_L,WHD010,male,18-29,75.0,17,0.029616724738675958,exploratory_unweighted_not_clinical_reference
2021-2023,WHQ_L,WHD010,male,18-29,64.0,15,0.02613240418118467,exploratory_unweighted_not_clinical_reference
2021-2023,WHQ_L,WHD010,male,18-29,76.0,13,0.02264808362369338,exploratory_unweighted_not_clinical_reference
2021-2023,WHQ_L,WHD010,male,18-29,65.0,13,0.02264808362369338,exploratory_unweighted_not_clinical_reference
2021-2023,WHQ_L,WHD010,male,18-29,63.0,8,0.013937282229965157,exploratory_unweighted_not_clinical_reference
2021-2023,WHQ_L,WHD010,male,18-29,77.0,5,0.008710801393728223,exploratory_unweighted_not_clinical_reference
2021-2023,WHQ_L,WHD010,male,18-29,62.0,4,0.006968641114982578,exploratory_unweighted_not_clinical_reference
2021-2023,WHQ_L,WHD010,male,18-29,9999.0,4,0.006968641114982578,exploratory_unweighted_not_clinical_reference
2021-2023,WHQ_L,WHD010,male,18-29,60.0,3,0.005226480836236934,exploratory_unweighted_not_clinical_reference
2021-2023,WHQ_L,WHD010,male,18-29,78.0,2,0.003484320557491289,exploratory_unweighted_not_clinical_reference
2021-2023,WHQ_L,WHD010,male,18-29,7777.0,1,0.0017421602787456446,exploratory_unweighted_not_clinical_reference
2021-2023,WHQ_L,WHD010,male,18-29,57.0,1,0.0017421602787456446,exploratory_unweighted_not_clinical_reference
2021-2023,WHQ_L,WHD010,male,18-29,59.0,1,0.0017421602787456446,exploratory_unweighted_not_clinical_reference
2021-2023,WHQ_L,WHD010,male,30-39,72.0,63,0.126,exploratory_unweighted_not_clinical_reference
2021-2023,WHQ_L,WHD010,male,30-39,71.0,62,0.124,exploratory_unweighted_not_clinical_reference
2021-2023,WHQ_L,WHD010,male,30-39,70.0,61,0.122,exploratory_unweighted_not_clinical_reference
2021-2023,WHQ_L,WHD010,male,30-39,69.0,58,0.116,exploratory_unweighted_not_clinical_reference
2021-2023,WHQ_L,WHD010,male,30-39,67.0,49,0.098,exploratory_unweighted_not_clinical_reference
2021-2023,WHQ_L,WHD010,male,30-39,68.0,40,0.08,exploratory_unweighted_not_clinical_reference
2021-2023,WHQ_L,WHD010,male,30-39,66.0,38,0.076,exploratory_unweighted_not_clinical_reference
2021-2023,WHQ_L,WHD010,male,30-39,73.0,32,0.064,exploratory_unweighted_not_clinical_reference
2021-2023,WHQ_L,WHD010,male,30-39,74.0,25,0.05,exploratory_unweighted_not_clinical_reference
2021-2023,WHQ_L,WHD010,male,30-39,65.0,14,0.028,exploratory_unweighted_not_clinical_reference
2021-2023,WHQ_L,WHD010,male,30-39,63.0,13,0.026,exploratory_unweighted_not_clinical_reference
2021-2023,WHQ_L,WHD010,male,30-39,64.0,8,0.016,exploratory_unweighted_not_clinical_reference
2021-2023,WHQ_L,WHD010,male,30-39,76.0,7,0.014,exploratory_unweighted_not_clinical_reference
2021-2023,WHQ_L,WHD010,male,30-39,77.0,7,0.014,exploratory_unweighted_not_clinical_reference
2021-2023,WHQ_L,WHD010,male,30-39,75.0,6,0.012,exploratory_unweighted_not_clinical_reference
2021-2023,WHQ_L,WHD010,male,30-39,9999.0,5,0.01,exploratory_unweighted_not_clinical_reference
2021-2023,WHQ_L,WHD010,male,30-39,61.0,4,0.008,exploratory_unweighted_not_clinical_reference
2021-2023,WHQ_L,WHD010,male,30-39,62.0,4,0.008,exploratory_unweighted_not_clinical_reference
2021-2023,WHQ_L,WHD010,male,30-39,60.0,2,0.004,exploratory_unweighted_not_clinical_reference
2021-2023,WHQ_L,WHD010,male,30-39,81.0,1,0.002,exploratory_unweighted_not_clinical_reference
2021-2023,WHQ_L,WHD010,male,30-39,78.0,1,0.002,exploratory_unweighted_not_clinical_reference
2021-2023,WHQ_L,WHD010,male,40-49,69.0,60,0.1301518438177874,exploratory_unweighted_not_clinical_reference
2021-2023,WHQ_L,WHD010,male,40-49,72.0,55,0.1193058568329718,exploratory_unweighted_not_clinical_reference
2021-2023,WHQ_L,WHD010,male,40-49,70.0,54,0.11713665943600868,exploratory_unweighted_not_clinical_reference
2021-2023,WHQ_L,WHD010,male,40-49,71.0,44,0.09544468546637744,exploratory_unweighted_not_clinical_reference
2021-2023,WHQ_L,WHD010,male,40-49,68.0,43,0.09327548806941431,exploratory_unweighted_not_clinical_reference
2021-2023,WHQ_L,WHD010,male,40-49,67.0,34,0.0737527114967462,exploratory_unweighted_not_clinical_reference
2021-2023,WHQ_L,WHD010,male,40-49,74.0,33,0.07158351409978309,exploratory_unweighted_not_clinical_reference
2021-2023,WHQ_L,WHD010,male,40-49,66.0,30,0.0650759219088937,exploratory_unweighted_not_clinical_reference
2021-2023,WHQ_L,WHD010,male,40-49,73.0,27,0.05856832971800434,exploratory_unweighted_not_clinical_reference
2021-2023,WHQ_L,WHD010,male,40-49,65.0,16,0.03470715835140998,exploratory_unweighted_not_clinical_reference
2021-2023,WHQ_L,WHD010,male,40-49,75.0,15,0.03253796095444685,exploratory_unweighted_not_clinical_reference
2021-2023,WHQ_L,WHD010,male,40-49,76.0,10,0.021691973969631236,exploratory_unweighted_not_clinical_reference
2021-2023,WHQ_L,WHD010,male,40-49,63.0,9,0.019522776572668113,exploratory_unweighted_not_clinical_reference
2021-2023,WHQ_L,WHD010,male,40-49,64.0,8,0.01735357917570499,exploratory_unweighted_not_clinical_reference
2021-2023,WHQ_L,WHD010,male,40-49,77.0,4,0.008676789587852495,exploratory_unweighted_not_clinical_reference
2021-2023,WHQ_L,WHD010,male,40-49,61.0,4,0.008676789587852495,exploratory_unweighted_not_clinical_reference
2021-2023,WHQ_L,WHD010,male,40-49,62.0,4,0.008676789587852495,exploratory_unweighted_not_clinical_reference
2021-2023,WHQ_L,WHD010,male,40-49,9999.0,4,0.008676789587852495,exploratory_unweighted_not_clinical_reference
2021-2023,WHQ_L,WHD010,male,40-49,57.0,2,0.004338394793926247,exploratory_unweighted_not_clinical_reference
2021-2023,WHQ_L,WHD010,male,40-49,82.0,1,0.0021691973969631237,exploratory_unweighted_not_clinical_reference
2021-2023,WHQ_L,WHD010,male,40-49,60.0,1,0.0021691973969631237,exploratory_unweighted_not_clinical_reference
2021-2023,WHQ_L,WHD010,male,40-49,55.0,1,0.0021691973969631237,exploratory_unweighted_not_clinical_reference
2021-2023,WHQ_L,WHD010,male,40-49,79.0,1,0.0021691973969631237,exploratory_unweighted_not_clinical_reference
2021-2023,WHQ_L,WHD010,male,40-49,78.0,1,0.0021691973969631237,exploratory_unweighted_not_clinical_reference
2021-2023,WHQ_L,WHD010,male,50-59,70.0,73,0.13878326996197718,exploratory_unweighted_not_clinical_reference
2021-2023,WHQ_L,WHD010,male,50-59,71.0,64,0.12167300380228137,exploratory_unweighted_not_clinical_reference
2021-2023,WHQ_L,WHD010,male,50-59,67.0,54,0.10266159695817491,exploratory_unweighted_not_clinical_reference
2021-2023,WHQ_L,WHD010,male,50-59,69.0,54,0.10266159695817491,exploratory_unweighted_not_clinical_reference
2021-2023,WHQ_L,WHD010,male,50-59,72.0,50,0.09505703422053231,exploratory_unweighted_not_clinical_reference
2021-2023,WHQ_L,WHD010,male,50-59,68.0,45,0.08555133079847908,exploratory_unweighted_not_clinical_reference
2021-2023,WHQ_L,WHD010,male,50-59,66.0,43,0.0817490494296578,exploratory_unweighted_not_clinical_reference
2021-2023,WHQ_L,WHD010,male,50-59,74.0,34,0.06463878326996197,exploratory_unweighted_not_clinical_reference
2021-2023,WHQ_L,WHD010,male,50-59,73.0,33,0.06273764258555133,exploratory_unweighted_not_clinical_reference
2021-2023,WHQ_L,WHD010,male,50-59,65.0,21,0.039923954372623575,exploratory_unweighted_not_clinical_reference
2021-2023,WHQ_L,WHD010,male,50-59,64.0,14,0.026615969581749048,exploratory_unweighted_not_clinical_reference
2021-2023,WHQ_L,WHD010,male,50-59,75.0,14,0.026615969581749048,exploratory_unweighted_not_clinical_reference
2021-2023,WHQ_L,WHD010,male,50-59,76.0,7,0.013307984790874524,exploratory_unweighted_not_clinical_reference
2021-2023,WHQ_L,WHD010,male,50-59,62.0,5,0.009505703422053232,exploratory_unweighted_not_clinical_reference
2021-2023,WHQ_L,WHD010,male,50-59,77.0,4,0.0076045627376425855,exploratory_unweighted_not_clinical_reference
2021-2023,WHQ_L,WHD010,male,50-59,9999.0,2,0.0038022813688212928,exploratory_unweighted_not_clinical_reference
2021-2023,WHQ_L,WHD010,male,50-59,63.0,2,0.0038022813688212928,exploratory_unweighted_not_clinical_reference
2021-2023,WHQ_L,WHD010,male,50-59,60.0,2,0.0038022813688212928,exploratory_unweighted_not_clinical_reference
2021-2023,WHQ_L,WHD010,male,50-59,61.0,2,0.0038022813688212928,exploratory_unweighted_not_clinical_reference
2021-2023,WHQ_L,WHD010,male,50-59,79.0,2,0.0038022813688212928,exploratory_unweighted_not_clinical_reference
2021-2023,WHQ_L,WHD010,male,50-59,78.0,1,0.0019011406844106464,exploratory_unweighted_not_clinical_reference
2021-2023,WHQ_L,WHD010,male,60-69,70.0,109,0.13693467336683418,exploratory_unweighted_not_clinical_reference
2021-2023,WHQ_L,WHD010,male,60-69,69.0,98,0.12311557788944724,exploratory_unweighted_not_clinical_reference
2021-2023,WHQ_L,WHD010,male,60-69,72.0,97,0.12185929648241206,exploratory_unweighted_not_clinical_reference
2021-2023,WHQ_L,WHD010,male,60-69,71.0,89,0.11180904522613065,exploratory_unweighted_not_clinical_reference
2021-2023,WHQ_L,WHD010,male,60-69,68.0,75,0.0942211055276382,exploratory_unweighted_not_clinical_reference
2021-2023,WHQ_L,WHD010,male,60-69,67.0,72,0.09045226130653267,exploratory_unweighted_not_clinical_reference
2021-2023,WHQ_L,WHD010,male,60-69,66.0,48,0.06030150753768844,exploratory_unweighted_not_clinical_reference
2021-2023,WHQ_L,WHD010,male,60-69,73.0,44,0.05527638190954774,exploratory_unweighted_not_clinical_reference
2021-2023,WHQ_L,WHD010,male,60-69,74.0,42,0.052763819095477386,exploratory_unweighted_not_clinical_reference
2021-2023,WHQ_L,WHD010,male,60-69,65.0,29,0.0364321608040201,exploratory_unweighted_not_clinical_reference
2021-2023,WHQ_L,WHD010,male,60-69,64.0,24,0.03015075376884422,exploratory_unweighted_not_clinical_reference
2021-2023,WHQ_L,WHD010,male,60-69,75.0,22,0.02763819095477387,exploratory_unweighted_not_clinical_reference
2021-2023,WHQ_L,WHD010,male,60-69,76.0,13,0.016331658291457288,exploratory_unweighted_not_clinical_reference
2021-2023,WHQ_L,WHD010,male,60-69,63.0,9,0.011306532663316583,exploratory_unweighted_not_clinical_reference
2021-2023,WHQ_L,WHD010,male,60-69,62.0,6,0.007537688442211055,exploratory_unweighted_not_clinical_reference
2021-2023,WHQ_L,WHD010,male,60-69,77.0,5,0.00628140703517588,exploratory_unweighted_not_clinical_reference
2021-2023,WHQ_L,WHD010,male,60-69,60.0,3,0.0037688442211055275,exploratory_unweighted_not_clinical_reference
2021-2023,WHQ_L,WHD010,male,60-69,79.0,2,0.002512562814070352,exploratory_unweighted_not_clinical_reference
2021-2023,WHQ_L,WHD010,male,60-69,83.0,2,0.002512562814070352,exploratory_unweighted_not_clinical_reference
2021-2023,WHQ_L,WHD010,male,60-69,9999.0,2,0.002512562814070352,exploratory_unweighted_not_clinical_reference
2021-2023,WHQ_L,WHD010,male,60-69,61.0,1,0.001256281407035176,exploratory_unweighted_not_clinical_reference
2021-2023,WHQ_L,WHD010,male,60-69,57.0,1,0.001256281407035176,exploratory_unweighted_not_clinical_reference
2021-2023,WHQ_L,WHD010,male,60-69,78.0,1,0.001256281407035176,exploratory_unweighted_not_clinical_reference
2021-2023,WHQ_L,WHD010,male,60-69,80.0,1,0.001256281407035176,exploratory_unweighted_not_clinical_reference
2021-2023,WHQ_L,WHD010,male,60-69,7777.0,1,0.001256281407035176,exploratory_unweighted_not_clinical_reference
2021-2023,WHQ_L,WHD010,male,70-79,70.0,74,0.13214285714285715,exploratory_unweighted_not_clinical_reference
2021-2023,WHQ_L,WHD010,male,70-79,68.0,66,0.11785714285714285,exploratory_unweighted_not_clinical_reference
2021-2023,WHQ_L,WHD010,male,70-79,71.0,66,0.11785714285714285,exploratory_unweighted_not_clinical_reference
2021-2023,WHQ_L,WHD010,male,70-79,72.0,64,0.11428571428571428,exploratory_unweighted_not_clinical_reference
2021-2023,WHQ_L,WHD010,male,70-79,69.0,61,0.10892857142857143,exploratory_unweighted_not_clinical_reference
2021-2023,WHQ_L,WHD010,male,70-79,66.0,52,0.09285714285714286,exploratory_unweighted_not_clinical_reference
2021-2023,WHQ_L,WHD010,male,70-79,67.0,47,0.08392857142857142,exploratory_unweighted_not_clinical_reference
2021-2023,WHQ_L,WHD010,male,70-79,73.0,34,0.060714285714285714,exploratory_unweighted_not_clinical_reference
2021-2023,WHQ_L,WHD010,male,70-79,65.0,31,0.055357142857142855,exploratory_unweighted_not_clinical_reference
2021-2023,WHQ_L,WHD010,male,70-79,74.0,16,0.02857142857142857,exploratory_unweighted_not_clinical_reference
2021-2023,WHQ_L,WHD010,male,70-79,64.0,12,0.02142857142857143,exploratory_unweighted_not_clinical_reference
2021-2023,WHQ_L,WHD010,male,70-79,63.0,8,0.014285714285714285,exploratory_unweighted_not_clinical_reference
2021-2023,WHQ_L,WHD010,male,70-79,75.0,8,0.014285714285714285,exploratory_unweighted_not_clinical_reference
2021-2023,WHQ_L,WHD010,male,70-79,76.0,6,0.010714285714285714,exploratory_unweighted_not_clinical_reference
2021-2023,WHQ_L,WHD010,male,70-79,62.0,4,0.007142857142857143,exploratory_unweighted_not_clinical_reference
2021-2023,WHQ_L,WHD010,male,70-79,77.0,3,0.005357142857142857,exploratory_unweighted_not_clinical_reference
2021-2023,WHQ_L,WHD010,male,70-79,60.0,3,0.005357142857142857,exploratory_unweighted_not_clinical_reference
2021-2023,WHQ_L,WHD010,male,70-79,9999.0,2,0.0035714285714285713,exploratory_unweighted_not_clinical_reference
2021-2023,WHQ_L,WHD010,male,70-79,61.0,2,0.0035714285714285713,exploratory_unweighted_not_clinical_reference
2021-2023,WHQ_L,WHD010,male,70-79,59.0,1,0.0017857142857142857,exploratory_unweighted_not_clinical_reference
2021-2023,WHQ_L,WHD010,male,80+,70.0,34,0.1471861471861472,exploratory_unweighted_not_clinical_reference
2021-2023,WHQ_L,WHD010,male,80+,69.0,29,0.12554112554112554,exploratory_unweighted_not_clinical_reference
2021-2023,WHQ_L,WHD010,male,80+,68.0,28,0.12121212121212122,exploratory_unweighted_not_clinical_reference
2021-2023,WHQ_L,WHD010,male,80+,67.0,24,0.1038961038961039,exploratory_unweighted_not_clinical_reference
2021-2023,WHQ_L,WHD010,male,80+,71.0,22,0.09523809523809523,exploratory_unweighted_not_clinical_reference
2021-2023,WHQ_L,WHD010,male,80+,66.0,20,0.08658008658008658,exploratory_unweighted_not_clinical_reference
2021-2023,WHQ_L,WHD010,male,80+,72.0,16,0.06926406926406926,exploratory_unweighted_not_clinical_reference
2021-2023,WHQ_L,WHD010,male,80+,64.0,13,0.05627705627705628,exploratory_unweighted_not_clinical_reference
2021-2023,WHQ_L,WHD010,male,80+,65.0,11,0.047619047619047616,exploratory_unweighted_not_clinical_reference
2021-2023,WHQ_L,WHD010,male,80+,73.0,10,0.04329004329004329,exploratory_unweighted_not_clinical_reference
2021-2023,WHQ_L,WHD010,male,80+,74.0,7,0.030303030303030304,exploratory_unweighted_not_clinical_reference
2021-2023,WHQ_L,WHD010,male,80+,75.0,4,0.017316017316017316,exploratory_unweighted_not_clinical_reference
2021-2023,WHQ_L,WHD010,male,80+,63.0,3,0.012987012987012988,exploratory_unweighted_not_clinical_reference
2021-2023,WHQ_L,WHD010,male,80+,62.0,3,0.012987012987012988,exploratory_unweighted_not_clinical_reference
2021-2023,WHQ_L,WHD010,male,80+,76.0,3,0.012987012987012988,exploratory_unweighted_not_clinical_reference
2021-2023,WHQ_L,WHD010,male,80+,60.0,2,0.008658008658008658,exploratory_unweighted_not_clinical_reference
2021-2023,WHQ_L,WHD010,male,80+,80.0,1,0.004329004329004329,exploratory_unweighted_not_clinical_reference
2021-2023,WHQ_L,WHD010,male,80+,59.0,1,0.004329004329004329,exploratory_unweighted_not_clinical_reference
2021-2023,WHQ_L,WHQ070,female,12-17,2.0,109,0.6193181818181818,exploratory_unweighted_not_clinical_reference
2021-2023,WHQ_L,WHQ070,female,12-17,1.0,67,0.3806818181818182,exploratory_unweighted_not_clinical_reference
2021-2023,WHQ_L,WHQ070,female,18-29,2.0,355,0.5290611028315947,exploratory_unweighted_not_clinical_reference
2021-2023,WHQ_L,WHQ070,female,18-29,1.0,315,0.46944858420268254,exploratory_unweighted_not_clinical_reference
2021-2023,WHQ_L,WHQ070,female,18-29,7.0,1,0.0014903129657228018,exploratory_unweighted_not_clinical_reference
2021-2023,WHQ_L,WHQ070,female,30-39,1.0,385,0.568685376661743,exploratory_unweighted_not_clinical_reference
2021-2023,WHQ_L,WHQ070,female,30-39,2.0,292,0.43131462333825704,exploratory_unweighted_not_clinical_reference
2021-2023,WHQ_L,WHQ070,female,40-49,1.0,346,0.5986159169550173,exploratory_unweighted_not_clinical_reference
2021-2023,WHQ_L,WHQ070,female,40-49,2.0,232,0.4013840830449827,exploratory_unweighted_not_clinical_reference
2021-2023,WHQ_L,WHQ070,female,50-59,1.0,386,0.5938461538461538,exploratory_unweighted_not_clinical_reference
2021-2023,WHQ_L,WHQ070,female,50-59,2.0,264,0.40615384615384614,exploratory_unweighted_not_clinical_reference
2021-2023,WHQ_L,WHQ070,female,60-69,1.0,534,0.5516528925619835,exploratory_unweighted_not_clinical_reference
2021-2023,WHQ_L,WHQ070,female,60-69,2.0,434,0.44834710743801653,exploratory_unweighted_not_clinical_reference
2021-2023,WHQ_L,WHQ070,female,70-79,2.0,372,0.5688073394495413,exploratory_unweighted_not_clinical_reference
2021-2023,WHQ_L,WHQ070,female,70-79,1.0,281,0.42966360856269115,exploratory_unweighted_not_clinical_reference
2021-2023,WHQ_L,WHQ070,female,70-79,9.0,1,0.0015290519877675841,exploratory_unweighted_not_clinical_reference
2021-2023,WHQ_L,WHQ070,female,80+,2.0,223,0.7636986301369864,exploratory_unweighted_not_clinical_reference
2021-2023,WHQ_L,WHQ070,female,80+,1.0,69,0.2363013698630137,exploratory_unweighted_not_clinical_reference
2021-2023,WHQ_L,WHQ070,male,12-17,2.0,118,0.686046511627907,exploratory_unweighted_not_clinical_reference
2021-2023,WHQ_L,WHQ070,male,12-17,1.0,54,0.313953488372093,exploratory_unweighted_not_clinical_reference
2021-2023,WHQ_L,WHQ070,male,18-29,2.0,367,0.6393728222996515,exploratory_unweighted_not_clinical_reference
2021-2023,WHQ_L,WHQ070,male,18-29,1.0,207,0.3606271777003484,exploratory_unweighted_not_clinical_reference
2021-2023,WHQ_L,WHQ070,male,30-39,2.0,275,0.55,exploratory_unweighted_not_clinical_reference
2021-2023,WHQ_L,WHQ070,male,30-39,1.0,225,0.45,exploratory_unweighted_not_clinical_reference
2021-2023,WHQ_L,WHQ070,male,40-49,2.0,263,0.5704989154013015,exploratory_unweighted_not_clinical_reference
2021-2023,WHQ_L,WHQ070,male,40-49,1.0,198,0.42950108459869846,exploratory_unweighted_not_clinical_reference
2021-2023,WHQ_L,WHQ070,male,50-59,2.0,316,0.6007604562737643,exploratory_unweighted_not_clinical_reference
2021-2023,WHQ_L,WHQ070,male,50-59,1.0,209,0.3973384030418251,exploratory_unweighted_not_clinical_reference
2021-2023,WHQ_L,WHQ070,male,50-59,9.0,1,0.0019011406844106464,exploratory_unweighted_not_clinical_reference
2021-2023,WHQ_L,WHQ070,male,60-69,2.0,482,0.6055276381909548,exploratory_unweighted_not_clinical_reference
2021-2023,WHQ_L,WHQ070,male,60-69,1.0,314,0.3944723618090452,exploratory_unweighted_not_clinical_reference
2021-2023,WHQ_L,WHQ070,male,70-79,2.0,342,0.6107142857142858,exploratory_unweighted_not_clinical_reference
2021-2023,WHQ_L,WHQ070,male,70-79,1.0,218,0.3892857142857143,exploratory_unweighted_not_clinical_reference
2021-2023,WHQ_L,WHQ070,male,80+,2.0,183,0.7922077922077922,exploratory_unweighted_not_clinical_reference
2021-2023,WHQ_L,WHQ070,male,80+,1.0,47,0.20346320346320346,exploratory_unweighted_not_clinical_reference
2021-2023,WHQ_L,WHQ070,male,80+,9.0,1,0.004329004329004329,exploratory_unweighted_not_clinical_reference
